2026/08/16 00:00:10 wazuh-monitord: INFO: Starting new log after rotation.
2026/08/16 00:00:10 wazuh-monitord: INFO: No previous md5 checksum found: 'logs/archives/2026/Aug/ossec-archive-14.log.sum'. Starting over.
2026/08/16 00:00:10 wazuh-monitord: INFO: No previous sha1 checksum found: 'logs/archives/2026/Aug/ossec-archive-14.log.sum'. Starting over.
2026/08/16 00:00:10 wazuh-monitord: INFO: No previous sha256 checksum found: 'logs/archives/2026/Aug/ossec-archive-14.log.sum'. Starting over.
2026/08/16 00:00:10 wazuh-monitord: INFO: No previous md5 checksum found: 'logs/archives/2026/Aug/ossec-archive-14.json.sum'. Starting over.
2026/08/16 00:00:10 wazuh-monitord: INFO: No previous sha1 checksum found: 'logs/archives/2026/Aug/ossec-archive-14.json.sum'. Starting over.
2026/08/16 00:00:10 wazuh-monitord: INFO: No previous sha256 checksum found: 'logs/archives/2026/Aug/ossec-archive-14.json.sum'. Starting over.
2026/08/16 00:00:10 wazuh-monitord: INFO: No previous md5 checksum found: 'logs/alerts/2026/Aug/ossec-alerts-14.log.sum'. Starting over.
2026/08/16 00:00:10 wazuh-monitord: INFO: No previous sha1 checksum found: 'logs/alerts/2026/Aug/ossec-alerts-14.log.sum'. Starting over.
2026/08/16 00:00:10 wazuh-monitord: INFO: No previous sha256 checksum found: 'logs/alerts/2026/Aug/ossec-alerts-14.log.sum'. Starting over.
2026/08/16 00:00:10 wazuh-monitord: INFO: No previous md5 checksum found: 'logs/alerts/2026/Aug/ossec-alerts-14.json.sum'. Starting over.
2026/08/16 00:00:10 wazuh-monitord: INFO: No previous sha1 checksum found: 'logs/alerts/2026/Aug/ossec-alerts-14.json.sum'. Starting over.
2026/08/16 00:00:10 wazuh-monitord: INFO: No previous sha256 checksum found: 'logs/alerts/2026/Aug/ossec-alerts-14.json.sum'. Starting over.
2026/08/16 00:00:10 wazuh-monitord: INFO: No previous md5 checksum found: 'logs/firewall/2026/Aug/ossec-firewall-14.log.sum'. Starting over.
2026/08/16 00:00:10 wazuh-monitord: INFO: No previous sha1 checksum found: 'logs/firewall/2026/Aug/ossec-firewall-14.log.sum'. Starting over.
2026/08/16 00:00:10 wazuh-monitord: INFO: No previous sha256 checksum found: 'logs/firewall/2026/Aug/ossec-firewall-14.log.sum'. Starting over.
2026/08/16 00:56:40 wazuh-modulesd:syscollector: INFO: Starting evaluation.
2026/08/16 00:56:47 wazuh-modulesd:syscollector: INFO: Evaluation finished.
2026/08/16 01:56:48 wazuh-modulesd:syscollector: INFO: Starting evaluation.
2026/08/16 01:56:54 wazuh-modulesd:syscollector: INFO: Evaluation finished.
2026/08/16 02:56:55 wazuh-modulesd:syscollector: INFO: Starting evaluation.
2026/08/16 02:57:04 wazuh-modulesd:syscollector: INFO: Evaluation finished.
2026/08/16 03:53:23 wazuh-syscheckd: INFO: (6008): File integrity monitoring scan started.
2026/08/16 03:53:24 wazuh-syscheckd: INFO: (6009): File integrity monitoring scan ended.
2026/08/16 03:53:25 sca: INFO: Starting Security Configuration Assessment scan.
2026/08/16 03:53:25 sca: INFO: Skipping policy '/var/ossec/ruleset/sca/cis_ubuntu22-04.yml': 'Check Ubuntu version.'
2026/08/16 03:53:25 sca: INFO: Security Configuration Assessment scan finished. Duration: 0 seconds.
2026/08/16 03:54:07 rootcheck: INFO: Starting rootcheck scan.
2026/08/16 03:55:14 rootcheck: INFO: Ending rootcheck scan.
2026/08/16 03:57:05 wazuh-modulesd:syscollector: INFO: Starting evaluation.
2026/08/16 03:57:12 wazuh-modulesd:syscollector: INFO: Evaluation finished.
2026/08/16 04:57:13 wazuh-modulesd:syscollector: INFO: Starting evaluation.
2026/08/16 04:57:20 wazuh-modulesd:syscollector: INFO: Evaluation finished.
2026/08/16 05:57:21 wazuh-modulesd:syscollector: INFO: Starting evaluation.
2026/08/16 05:57:32 wazuh-modulesd:syscollector: INFO: Evaluation finished.
2026/08/16 06:57:33 wazuh-modulesd:syscollector: INFO: Starting evaluation.
2026/08/16 06:57:40 wazuh-modulesd:syscollector: INFO: Evaluation finished.
2026/08/16 07:57:41 wazuh-modulesd:syscollector: INFO: Starting evaluation.
2026/08/16 07:57:47 wazuh-modulesd:syscollector: INFO: Evaluation finished.
2026/08/16 08:57:50 wazuh-modulesd:syscollector: INFO: Starting evaluation.
2026/08/16 08:58:02 wazuh-modulesd:syscollector: INFO: Evaluation finished.
2026/08/16 09:58:03 wazuh-modulesd:syscollector: INFO: Starting evaluation.
2026/08/16 09:58:22 wazuh-modulesd:syscollector: INFO: Evaluation finished.
2026/08/16 10:58:26 wazuh-modulesd:syscollector: INFO: Starting evaluation.
2026/08/16 10:58:49 wazuh-modulesd:syscollector: INFO: Evaluation finished.
2026/08/16 11:58:53 wazuh-modulesd:syscollector: INFO: Starting evaluation.
2026/08/16 11:59:14 wazuh-modulesd:syscollector: INFO: Evaluation finished.
2026/08/16 12:59:16 wazuh-modulesd:syscollector: INFO: Starting evaluation.
2026/08/16 12:59:24 wazuh-modulesd:syscollector: INFO: Evaluation finished.
2026/08/16 13:19:15 wazuh-modulesd:syscollector: INFO: Stop received for Syscollector.
2026/08/16 13:19:15 wazuh-modulesd:syscollector: INFO: Module finished.
2026/08/16 13:19:15 wazuh-monitord: INFO: (1225): SIGNAL [(15)-(Terminated)] Received. Exit Cleaning...
2026/08/16 13:19:15 wazuh-logcollector: INFO: (1225): SIGNAL [(15)-(Terminated)] Received. Exit Cleaning...
2026/08/16 13:19:15 wazuh-remoted: INFO: (1225): SIGNAL [(15)-(Terminated)] Received. Exit Cleaning...
2026/08/16 13:19:16 wazuh-syscheckd: INFO: (1756): Shutdown received. Releasing resources.
2026/08/16 13:19:16 wazuh-syscheckd: INFO: (1225): SIGNAL [(15)-(Terminated)] Received. Exit Cleaning...
2026/08/16 13:19:16 wazuh-analysisd: INFO: (1225): SIGNAL [(15)-(Terminated)] Received. Exit Cleaning...
2026/08/16 13:19:16 wazuh-execd: INFO: (1314): Shutdown received. Deleting responses.
2026/08/16 13:19:16 wazuh-execd: INFO: (1225): SIGNAL [(15)-(Terminated)] Received. Exit Cleaning...
2026/08/16 13:19:17 wazuh-db: INFO: (1225): SIGNAL [(15)-(Terminated)] Received. Exit Cleaning...
2026/08/16 13:19:19 wazuh-authd: INFO: (1225): SIGNAL [(15)-(Terminated)] Received. Exit Cleaning...
2026/08/16 13:19:20 wazuh-authd: INFO: Exiting...
2026/08/16 13:19:23 wazuh-csyslogd: INFO: Remote syslog server not configured. Clean exit.
2026/08/16 13:19:23 wazuh-dbd: INFO: Database not configured. Clean exit.
2026/08/16 13:19:23 wazuh-integratord: INFO: Remote integrations not configured. Clean exit.
2026/08/16 13:19:23 wazuh-agentlessd: INFO: Not configured. Exiting.
2026/08/16 13:19:23 wazuh-authd: INFO: Started (pid: 29838).
2026/08/16 13:19:23 wazuh-authd: INFO: Accepting connections on port 1515. No password required.
2026/08/16 13:19:23 wazuh-authd: INFO: Setting network timeout to 1.000000 sec.
2026/08/16 13:19:24 wazuh-db: INFO: Started (pid: 29854).
2026/08/16 13:19:26 wazuh-execd: INFO: Started (pid: 29882).
2026/08/16 13:19:28 wazuh-analysisd: INFO: Total rules enabled: '6779'
2026/08/16 13:19:28 wazuh-analysisd: INFO: White listing IP: '127.0.0.1'
2026/08/16 13:19:28 wazuh-analysisd: INFO: White listing IP: '127.0.0.53'
2026/08/16 13:19:28 wazuh-analysisd: INFO: 2 IPs in the white list for active response.
2026/08/16 13:19:28 wazuh-analysisd: INFO: White listing Hostname: 'localhost.localdomain'
2026/08/16 13:19:28 wazuh-analysisd: INFO: 1 Hostname(s) in the white list for active response.
2026/08/16 13:19:28 wazuh-analysisd: INFO: Started (pid: 29896).
2026/08/16 13:19:28 wazuh-analysisd: INFO: (7200): Logtest started
2026/08/16 13:19:29 wazuh-syscheckd: INFO: Started (pid: 29912).
2026/08/16 13:19:29 wazuh-syscheckd: INFO: (6003): Monitoring path: '/bin', with options 'size | permissions | owner | group | mtime | inode | hash_md5 | hash_sha1 | hash_sha256 | scheduled'.
2026/08/16 13:19:29 wazuh-syscheckd: INFO: (6003): Monitoring path: '/boot', with options 'size | permissions | owner | group | mtime | inode | hash_md5 | hash_sha1 | hash_sha256 | scheduled'.
2026/08/16 13:19:29 wazuh-syscheckd: INFO: (6003): Monitoring path: '/etc', with options 'size | permissions | owner | group | mtime | inode | hash_md5 | hash_sha1 | hash_sha256 | scheduled'.
2026/08/16 13:19:29 wazuh-syscheckd: INFO: (6003): Monitoring path: '/sbin', with options 'size | permissions | owner | group | mtime | inode | hash_md5 | hash_sha1 | hash_sha256 | scheduled'.
2026/08/16 13:19:29 wazuh-syscheckd: INFO: (6003): Monitoring path: '/usr/bin', with options 'size | permissions | owner | group | mtime | inode | hash_md5 | hash_sha1 | hash_sha256 | scheduled'.
2026/08/16 13:19:29 wazuh-syscheckd: INFO: (6003): Monitoring path: '/usr/sbin', with options 'size | permissions | owner | group | mtime | inode | hash_md5 | hash_sha1 | hash_sha256 | scheduled'.
2026/08/16 13:19:29 wazuh-syscheckd: INFO: (6206): Ignore 'file' entry '/etc/mtab'
2026/08/16 13:19:29 wazuh-syscheckd: INFO: (6206): Ignore 'file' entry '/etc/hosts.deny'
2026/08/16 13:19:29 wazuh-syscheckd: INFO: (6206): Ignore 'file' entry '/etc/mail/statistics'
2026/08/16 13:19:29 wazuh-syscheckd: INFO: (6206): Ignore 'file' entry '/etc/random-seed'
2026/08/16 13:19:29 wazuh-syscheckd: INFO: (6206): Ignore 'file' entry '/etc/random.seed'
2026/08/16 13:19:29 wazuh-syscheckd: INFO: (6206): Ignore 'file' entry '/etc/adjtime'
2026/08/16 13:19:29 wazuh-syscheckd: INFO: (6206): Ignore 'file' entry '/etc/httpd/logs'
2026/08/16 13:19:29 wazuh-syscheckd: INFO: (6206): Ignore 'file' entry '/etc/utmpx'
2026/08/16 13:19:29 wazuh-syscheckd: INFO: (6206): Ignore 'file' entry '/etc/wtmpx'
2026/08/16 13:19:29 wazuh-syscheckd: INFO: (6206): Ignore 'file' entry '/etc/cups/certs'
2026/08/16 13:19:29 wazuh-syscheckd: INFO: (6206): Ignore 'file' entry '/etc/dumpdates'
2026/08/16 13:19:29 wazuh-syscheckd: INFO: (6206): Ignore 'file' entry '/etc/svc/volatile'
2026/08/16 13:19:29 wazuh-syscheckd: INFO: (6207): Ignore 'file' sregex '.log$|.swp$'
2026/08/16 13:19:29 wazuh-syscheckd: INFO: (6004): No diff for file: '/etc/ssl/private.key'
2026/08/16 13:19:29 wazuh-syscheckd: INFO: (6000): Starting daemon...
2026/08/16 13:19:29 wazuh-syscheckd: INFO: (6010): File integrity monitoring scan frequency: 43200 seconds
2026/08/16 13:19:29 wazuh-syscheckd: INFO: (6008): File integrity monitoring scan started.
2026/08/16 13:19:29 rootcheck: INFO: Starting rootcheck scan.
2026/08/16 13:19:29 wazuh-remoted: INFO: Started (pid: 29926). Listening on port 1514/TCP (secure).
2026/08/16 13:19:29 wazuh-remoted: ERROR: Unable to open file 'etc/shared/bsc-hardening/__pycache__/bsc-suid-generic-hardening.cpython-312.pyc' due to [(13)-(Permission denied)].
2026/08/16 13:19:29 wazuh-remoted: ERROR: Invalid shared file 'etc/shared/bsc-hardening/__pycache__/bsc-suid-generic-hardening.cpython-312.pyc'. Ignoring it.
2026/08/16 13:19:29 wazuh-remoted: INFO: (1410): Reading authentication keys file.
2026/08/16 13:19:30 wazuh-logcollector: INFO: Monitoring output of command(360): df -P
2026/08/16 13:19:30 wazuh-logcollector: INFO: Monitoring full output of command(360): netstat -tulpn | sed 's/\([[:alnum:]]\+\)\ \+[[:digit:]]\+\ \+[[:digit:]]\+\ \+\(.*\):\([[:digit:]]*\)\ \+\([0-9\.\:\*]\+\).\+\ \([[:digit:]]*\/[[:alnum:]\-]*\).*/\1 \2 == \3 == \4 \5/' | sort -k 4 -g | sed 's/ == \(.*\) ==/:\1/' | sed 1,2d
2026/08/16 13:19:30 wazuh-logcollector: INFO: Monitoring full output of command(360): last -n 20
2026/08/16 13:19:30 wazuh-logcollector: INFO: (1950): Analyzing file: '/var/ossec/logs/active-responses.log'.
2026/08/16 13:19:30 wazuh-logcollector: INFO: (1950): Analyzing file: '/var/log/dpkg.log'.
2026/08/16 13:19:30 wazuh-logcollector: INFO: Started (pid: 29962).
2026/08/16 13:19:31 wazuh-syscheckd: INFO: (6009): File integrity monitoring scan ended.
2026/08/16 13:19:31 wazuh-syscheckd: INFO: FIM sync module started.
2026/08/16 13:19:31 wazuh-analysisd: INFO: Connected to 'queue/alerts/ar' (active-response queue)
2026/08/16 13:19:31 wazuh-analysisd: INFO: Connected to 'queue/alerts/execq' (exec queue)
2026/08/16 13:19:31 wazuh-analysisd: INFO: EPS limit disabled
2026/08/16 13:19:31 wazuh-monitord: INFO: Started (pid: 30089).
2026/08/16 13:19:32 wazuh-modulesd: INFO: Started (pid: 30140).
2026/08/16 13:19:32 wazuh-modulesd:agent-upgrade: INFO: (8153): Module Agent Upgrade started.
2026/08/16 13:19:32 wazuh-modulesd:ciscat: INFO: Module disabled. Exiting...
2026/08/16 13:19:32 wazuh-modulesd:osquery: INFO: Module disabled. Exiting...
2026/08/16 13:19:32 sca: INFO: Module started.
2026/08/16 13:19:32 sca: INFO: Loaded policy '/var/ossec/ruleset/sca/cis_ubuntu22-04.yml'
2026/08/16 13:19:32 wazuh-modulesd:task-manager: INFO: (8200): Module Task Manager started.
2026/08/16 13:19:32 sca: INFO: Starting Security Configuration Assessment scan.
2026/08/16 13:19:32 wazuh-modulesd:database: INFO: Module started.
2026/08/16 13:19:32 wazuh-modulesd:download: INFO: Module started.
2026/08/16 13:19:32 wazuh-modulesd:control: INFO: Starting control thread.
2026/08/16 13:19:32 wazuh-modulesd:syscollector: INFO: Module started.
2026/08/16 13:19:32 wazuh-modulesd:syscollector: INFO: Starting evaluation.
2026/08/16 13:19:32 sca: INFO: Skipping policy '/var/ossec/ruleset/sca/cis_ubuntu22-04.yml': 'Check Ubuntu version.'
2026/08/16 13:19:32 sca: INFO: Security Configuration Assessment scan finished. Duration: 0 seconds.
2026/08/16 13:19:32 wazuh-modulesd:syscollector: INFO: Evaluation finished.
2026/08/16 13:20:17 rootcheck: INFO: Ending rootcheck scan.
2026/08/16 14:19:34 wazuh-modulesd:syscollector: INFO: Starting evaluation.
2026/08/16 14:19:42 wazuh-modulesd:syscollector: INFO: Evaluation finished.
2026/08/16 14:40:47 wazuh-modulesd:syscollector: INFO: Stop received for Syscollector.
2026/08/16 14:40:47 wazuh-modulesd:syscollector: INFO: Module finished.
2026/08/16 14:40:47 wazuh-monitord: INFO: (1225): SIGNAL [(15)-(Terminated)] Received. Exit Cleaning...
2026/08/16 14:40:47 wazuh-logcollector: INFO: (1225): SIGNAL [(15)-(Terminated)] Received. Exit Cleaning...
2026/08/16 14:40:48 wazuh-remoted: INFO: (1225): SIGNAL [(15)-(Terminated)] Received. Exit Cleaning...
2026/08/16 14:40:48 wazuh-syscheckd: INFO: (1756): Shutdown received. Releasing resources.
2026/08/16 14:40:48 wazuh-syscheckd: INFO: (1225): SIGNAL [(15)-(Terminated)] Received. Exit Cleaning...
2026/08/16 14:40:48 wazuh-analysisd: INFO: (1225): SIGNAL [(15)-(Terminated)] Received. Exit Cleaning...
2026/08/16 14:40:48 wazuh-execd: INFO: (1314): Shutdown received. Deleting responses.
2026/08/16 14:40:48 wazuh-execd: INFO: (1225): SIGNAL [(15)-(Terminated)] Received. Exit Cleaning...
2026/08/16 14:40:49 wazuh-db: INFO: (1225): SIGNAL [(15)-(Terminated)] Received. Exit Cleaning...
2026/08/16 14:40:50 wazuh-authd: INFO: (1225): SIGNAL [(15)-(Terminated)] Received. Exit Cleaning...
2026/08/16 14:40:51 wazuh-authd: INFO: Exiting...
2026/08/31 19:24:08 wazuh-csyslogd: INFO: Remote syslog server not configured. Clean exit.
2026/08/31 19:24:08 wazuh-dbd: INFO: Database not configured. Clean exit.
2026/08/31 19:24:08 wazuh-integratord: INFO: Remote integrations not configured. Clean exit.
2026/08/31 19:24:08 wazuh-agentlessd: INFO: Not configured. Exiting.
2026/08/31 19:24:08 wazuh-authd: INFO: Started (pid: 1185).
2026/08/31 19:24:08 wazuh-authd: INFO: Accepting connections on port 1515. No password required.
2026/08/31 19:24:08 wazuh-authd: INFO: Setting network timeout to 1.000000 sec.
2026/08/31 19:24:08 wazuh-db: INFO: Started (pid: 1199).
2026/08/31 19:24:09 wazuh-db: INFO: Created Global database backup "backup/db/global.db-backup-2026-08-31-19:24:09.gz"
2026/08/31 19:24:09 wazuh-db: INFO: Deleted Global database backup: "backup/db/global.db-backup-2026-08-04-18:59:30.gz"
2026/08/31 19:24:09 wazuh-execd: INFO: Started (pid: 1226).
2026/08/31 19:24:09 wazuh-syscheckd: INFO: Started (pid: 1246).
2026/08/31 19:24:09 wazuh-syscheckd: INFO: (6003): Monitoring path: '/bin', with options 'size | permissions | owner | group | mtime | inode | hash_md5 | hash_sha1 | hash_sha256 | scheduled'.
2026/08/31 19:24:09 wazuh-syscheckd: INFO: (6003): Monitoring path: '/boot', with options 'size | permissions | owner | group | mtime | inode | hash_md5 | hash_sha1 | hash_sha256 | scheduled'.
2026/08/31 19:24:09 wazuh-syscheckd: INFO: (6003): Monitoring path: '/etc', with options 'size | permissions | owner | group | mtime | inode | hash_md5 | hash_sha1 | hash_sha256 | scheduled'.
2026/08/31 19:24:09 wazuh-syscheckd: INFO: (6003): Monitoring path: '/sbin', with options 'size | permissions | owner | group | mtime | inode | hash_md5 | hash_sha1 | hash_sha256 | scheduled'.
2026/08/31 19:24:09 wazuh-syscheckd: INFO: (6003): Monitoring path: '/usr/bin', with options 'size | permissions | owner | group | mtime | inode | hash_md5 | hash_sha1 | hash_sha256 | scheduled'.
2026/08/31 19:24:09 wazuh-syscheckd: INFO: (6003): Monitoring path: '/usr/sbin', with options 'size | permissions | owner | group | mtime | inode | hash_md5 | hash_sha1 | hash_sha256 | scheduled'.
2026/08/31 19:24:09 wazuh-syscheckd: INFO: (6206): Ignore 'file' entry '/etc/mtab'
2026/08/31 19:24:09 wazuh-syscheckd: INFO: (6206): Ignore 'file' entry '/etc/hosts.deny'
2026/08/31 19:24:09 wazuh-syscheckd: INFO: (6206): Ignore 'file' entry '/etc/mail/statistics'
2026/08/31 19:24:09 wazuh-syscheckd: INFO: (6206): Ignore 'file' entry '/etc/random-seed'
2026/08/31 19:24:09 wazuh-syscheckd: INFO: (6206): Ignore 'file' entry '/etc/random.seed'
2026/08/31 19:24:09 wazuh-syscheckd: INFO: (6206): Ignore 'file' entry '/etc/adjtime'
2026/08/31 19:24:09 wazuh-syscheckd: INFO: (6206): Ignore 'file' entry '/etc/httpd/logs'
2026/08/31 19:24:09 wazuh-syscheckd: INFO: (6206): Ignore 'file' entry '/etc/utmpx'
2026/08/31 19:24:09 wazuh-syscheckd: INFO: (6206): Ignore 'file' entry '/etc/wtmpx'
2026/08/31 19:24:09 wazuh-syscheckd: INFO: (6206): Ignore 'file' entry '/etc/cups/certs'
2026/08/31 19:24:09 wazuh-syscheckd: INFO: (6206): Ignore 'file' entry '/etc/dumpdates'
2026/08/31 19:24:09 wazuh-syscheckd: INFO: (6206): Ignore 'file' entry '/etc/svc/volatile'
2026/08/31 19:24:09 wazuh-syscheckd: INFO: (6207): Ignore 'file' sregex '.log$|.swp$'
2026/08/31 19:24:09 wazuh-syscheckd: INFO: (6004): No diff for file: '/etc/ssl/private.key'
2026/08/31 19:24:09 rootcheck: INFO: Starting rootcheck scan.
2026/08/31 19:24:09 wazuh-syscheckd: INFO: (6000): Starting daemon...
2026/08/31 19:24:09 wazuh-syscheckd: INFO: (6010): File integrity monitoring scan frequency: 43200 seconds
2026/08/31 19:24:09 wazuh-syscheckd: INFO: (6008): File integrity monitoring scan started.
2026/08/31 19:24:09 wazuh-remoted: INFO: Started (pid: 1261). Listening on port 1514/TCP (secure).
2026/08/31 19:24:09 wazuh-remoted: ERROR: Unable to open file 'etc/shared/bsc-hardening/__pycache__/bsc-suid-generic-hardening.cpython-312.pyc' due to [(13)-(Permission denied)].
2026/08/31 19:24:09 wazuh-remoted: ERROR: Invalid shared file 'etc/shared/bsc-hardening/__pycache__/bsc-suid-generic-hardening.cpython-312.pyc'. Ignoring it.
2026/08/31 19:24:09 wazuh-remoted: INFO: (1410): Reading authentication keys file.
2026/08/31 19:24:10 wazuh-analysisd: INFO: Total rules enabled: '6779'
2026/08/31 19:24:10 wazuh-analysisd: INFO: White listing IP: '127.0.0.1'
2026/08/31 19:24:10 wazuh-analysisd: INFO: White listing IP: '127.0.0.53'
2026/08/31 19:24:10 wazuh-analysisd: INFO: 2 IPs in the white list for active response.
2026/08/31 19:24:10 wazuh-analysisd: INFO: White listing Hostname: 'localhost.localdomain'
2026/08/31 19:24:10 wazuh-analysisd: INFO: 1 Hostname(s) in the white list for active response.
2026/08/31 19:24:10 wazuh-analysisd: INFO: Started (pid: 1237).
2026/08/31 19:24:10 wazuh-analysisd: INFO: (7200): Logtest started
2026/08/31 19:24:10 wazuh-logcollector: INFO: Monitoring output of command(360): df -P
2026/08/31 19:24:10 wazuh-logcollector: INFO: Monitoring full output of command(360): netstat -tulpn | sed 's/\([[:alnum:]]\+\)\ \+[[:digit:]]\+\ \+[[:digit:]]\+\ \+\(.*\):\([[:digit:]]*\)\ \+\([0-9\.\:\*]\+\).\+\ \([[:digit:]]*\/[[:alnum:]\-]*\).*/\1 \2 == \3 == \4 \5/' | sort -k 4 -g | sed 's/ == \(.*\) ==/:\1/' | sed 1,2d
2026/08/31 19:24:10 wazuh-logcollector: INFO: Monitoring full output of command(360): last -n 20
2026/08/31 19:24:10 wazuh-logcollector: INFO: (1950): Analyzing file: '/var/ossec/logs/active-responses.log'.
2026/08/31 19:24:10 wazuh-logcollector: INFO: (1950): Analyzing file: '/var/log/dpkg.log'.
2026/08/31 19:24:10 wazuh-logcollector: INFO: Started (pid: 1298).
2026/08/31 19:24:11 wazuh-monitord: INFO: Started (pid: 1322).
2026/08/31 19:24:11 wazuh-syscheckd: INFO: (6009): File integrity monitoring scan ended.
2026/08/31 19:24:11 wazuh-syscheckd: INFO: FIM sync module started.
2026/08/31 19:24:12 wazuh-modulesd: INFO: Started (pid: 1372).
2026/08/31 19:24:12 wazuh-modulesd:ciscat: INFO: Module disabled. Exiting...
2026/08/31 19:24:12 wazuh-modulesd:osquery: INFO: Module disabled. Exiting...
2026/08/31 19:24:12 wazuh-modulesd:agent-upgrade: INFO: (8153): Module Agent Upgrade started.
2026/08/31 19:24:12 wazuh-modulesd:task-manager: INFO: (8200): Module Task Manager started.
2026/08/31 19:24:12 sca: INFO: Module started.
2026/08/31 19:24:12 sca: INFO: Loaded policy '/var/ossec/ruleset/sca/cis_ubuntu22-04.yml'
2026/08/31 19:24:12 wazuh-modulesd:database: INFO: Module started.
2026/08/31 19:24:12 wazuh-modulesd:download: INFO: Module started.
2026/08/31 19:24:12 sca: INFO: Starting Security Configuration Assessment scan.
2026/08/31 19:24:12 wazuh-modulesd:control: INFO: Starting control thread.
2026/08/31 19:24:12 wazuh-modulesd:syscollector: INFO: Module started.
2026/08/31 19:24:12 wazuh-modulesd:syscollector: INFO: Starting evaluation.
2026/08/31 19:24:12 sca: INFO: Skipping policy '/var/ossec/ruleset/sca/cis_ubuntu22-04.yml': 'Check Ubuntu version.'
2026/08/31 19:24:12 sca: INFO: Security Configuration Assessment scan finished. Duration: 0 seconds.
2026/08/31 19:24:12 wazuh-modulesd:syscollector: INFO: Evaluation finished.
2026/08/31 19:24:13 wazuh-analysisd: INFO: Connected to 'queue/alerts/ar' (active-response queue)
2026/08/31 19:24:13 wazuh-analysisd: INFO: Connected to 'queue/alerts/execq' (exec queue)
2026/08/31 19:24:13 wazuh-analysisd: INFO: EPS limit disabled
2026/08/31 19:25:15 rootcheck: INFO: Ending rootcheck scan.
2026/08/31 19:26:48 wazuh-modulesd:syscollector: INFO: Stop received for Syscollector.
2026/08/31 19:26:48 wazuh-modulesd:syscollector: INFO: Module finished.
2026/08/31 19:26:48 wazuh-monitord: INFO: (1225): SIGNAL [(15)-(Terminated)] Received. Exit Cleaning...
2026/08/31 19:26:49 wazuh-logcollector: INFO: (1225): SIGNAL [(15)-(Terminated)] Received. Exit Cleaning...
2026/08/31 19:26:49 wazuh-remoted: INFO: (1225): SIGNAL [(15)-(Terminated)] Received. Exit Cleaning...
2026/08/31 19:26:49 wazuh-syscheckd: INFO: (1756): Shutdown received. Releasing resources.
2026/08/31 19:26:49 wazuh-syscheckd: INFO: (1225): SIGNAL [(15)-(Terminated)] Received. Exit Cleaning...
2026/08/31 19:26:49 wazuh-analysisd: INFO: (1225): SIGNAL [(15)-(Terminated)] Received. Exit Cleaning...
2026/08/31 19:26:49 wazuh-execd: INFO: (1314): Shutdown received. Deleting responses.
2026/08/31 19:26:49 wazuh-execd: INFO: (1225): SIGNAL [(15)-(Terminated)] Received. Exit Cleaning...
2026/08/31 19:26:50 wazuh-db: INFO: (1225): SIGNAL [(15)-(Terminated)] Received. Exit Cleaning...
2026/08/31 19:26:52 wazuh-authd: INFO: (1225): SIGNAL [(15)-(Terminated)] Received. Exit Cleaning...
2026/08/31 19:26:53 wazuh-authd: INFO: Exiting...
2026/09/01 19:11:50 wazuh-csyslogd: INFO: Remote syslog server not configured. Clean exit.
2026/09/01 19:11:50 wazuh-dbd: INFO: Database not configured. Clean exit.
2026/09/01 19:11:50 wazuh-integratord: INFO: Remote integrations not configured. Clean exit.
2026/09/01 19:11:50 wazuh-agentlessd: INFO: Not configured. Exiting.
2026/09/01 19:11:50 wazuh-authd: INFO: Started (pid: 1193).
2026/09/01 19:11:50 wazuh-authd: INFO: Accepting connections on port 1515. No password required.
2026/09/01 19:11:50 wazuh-authd: INFO: Setting network timeout to 1.000000 sec.
2026/09/01 19:11:51 wazuh-db: INFO: Started (pid: 1210).
2026/09/01 19:11:52 wazuh-execd: INFO: Started (pid: 1238).
2026/09/01 19:11:54 wazuh-analysisd: INFO: Total rules enabled: '6779'
2026/09/01 19:11:54 wazuh-analysisd: INFO: White listing IP: '127.0.0.1'
2026/09/01 19:11:54 wazuh-analysisd: INFO: White listing IP: '127.0.0.53'
2026/09/01 19:11:54 wazuh-analysisd: INFO: 2 IPs in the white list for active response.
2026/09/01 19:11:54 wazuh-analysisd: INFO: White listing Hostname: 'localhost.localdomain'
2026/09/01 19:11:54 wazuh-analysisd: INFO: 1 Hostname(s) in the white list for active response.
2026/09/01 19:11:54 wazuh-analysisd: INFO: Started (pid: 1260).
2026/09/01 19:11:54 wazuh-analysisd: INFO: (7200): Logtest started
2026/09/01 19:11:54 wazuh-syscheckd: INFO: Started (pid: 1279).
2026/09/01 19:11:54 wazuh-syscheckd: INFO: (6003): Monitoring path: '/bin', with options 'size | permissions | owner | group | mtime | inode | hash_md5 | hash_sha1 | hash_sha256 | scheduled'.
2026/09/01 19:11:54 wazuh-syscheckd: INFO: (6003): Monitoring path: '/boot', with options 'size | permissions | owner | group | mtime | inode | hash_md5 | hash_sha1 | hash_sha256 | scheduled'.
2026/09/01 19:11:54 wazuh-syscheckd: INFO: (6003): Monitoring path: '/etc', with options 'size | permissions | owner | group | mtime | inode | hash_md5 | hash_sha1 | hash_sha256 | scheduled'.
2026/09/01 19:11:54 wazuh-syscheckd: INFO: (6003): Monitoring path: '/sbin', with options 'size | permissions | owner | group | mtime | inode | hash_md5 | hash_sha1 | hash_sha256 | scheduled'.
2026/09/01 19:11:54 wazuh-syscheckd: INFO: (6003): Monitoring path: '/usr/bin', with options 'size | permissions | owner | group | mtime | inode | hash_md5 | hash_sha1 | hash_sha256 | scheduled'.
2026/09/01 19:11:54 wazuh-syscheckd: INFO: (6003): Monitoring path: '/usr/sbin', with options 'size | permissions | owner | group | mtime | inode | hash_md5 | hash_sha1 | hash_sha256 | scheduled'.
2026/09/01 19:11:54 wazuh-syscheckd: INFO: (6206): Ignore 'file' entry '/etc/mtab'
2026/09/01 19:11:54 wazuh-syscheckd: INFO: (6206): Ignore 'file' entry '/etc/hosts.deny'
2026/09/01 19:11:54 wazuh-syscheckd: INFO: (6206): Ignore 'file' entry '/etc/mail/statistics'
2026/09/01 19:11:54 wazuh-syscheckd: INFO: (6206): Ignore 'file' entry '/etc/random-seed'
2026/09/01 19:11:54 wazuh-syscheckd: INFO: (6206): Ignore 'file' entry '/etc/random.seed'
2026/09/01 19:11:54 wazuh-syscheckd: INFO: (6206): Ignore 'file' entry '/etc/adjtime'
2026/09/01 19:11:54 wazuh-syscheckd: INFO: (6206): Ignore 'file' entry '/etc/httpd/logs'
2026/09/01 19:11:54 wazuh-syscheckd: INFO: (6206): Ignore 'file' entry '/etc/utmpx'
2026/09/01 19:11:54 wazuh-syscheckd: INFO: (6206): Ignore 'file' entry '/etc/wtmpx'
2026/09/01 19:11:54 wazuh-syscheckd: INFO: (6206): Ignore 'file' entry '/etc/cups/certs'
2026/09/01 19:11:54 wazuh-syscheckd: INFO: (6206): Ignore 'file' entry '/etc/dumpdates'
2026/09/01 19:11:54 wazuh-syscheckd: INFO: (6206): Ignore 'file' entry '/etc/svc/volatile'
2026/09/01 19:11:54 wazuh-syscheckd: INFO: (6207): Ignore 'file' sregex '.log$|.swp$'
2026/09/01 19:11:54 wazuh-syscheckd: INFO: (6004): No diff for file: '/etc/ssl/private.key'
2026/09/01 19:11:54 rootcheck: INFO: Starting rootcheck scan.
2026/09/01 19:11:54 wazuh-syscheckd: INFO: (6000): Starting daemon...
2026/09/01 19:11:54 wazuh-syscheckd: INFO: (6010): File integrity monitoring scan frequency: 43200 seconds
2026/09/01 19:11:54 wazuh-syscheckd: INFO: (6008): File integrity monitoring scan started.
2026/09/01 19:11:54 wazuh-remoted: INFO: Started (pid: 1293). Listening on port 1514/TCP (secure).
2026/09/01 19:11:54 wazuh-remoted: ERROR: Unable to open file 'etc/shared/bsc-hardening/__pycache__/bsc-suid-generic-hardening.cpython-312.pyc' due to [(13)-(Permission denied)].
2026/09/01 19:11:54 wazuh-remoted: ERROR: Invalid shared file 'etc/shared/bsc-hardening/__pycache__/bsc-suid-generic-hardening.cpython-312.pyc'. Ignoring it.
2026/09/01 19:11:54 wazuh-remoted: INFO: (1410): Reading authentication keys file.
2026/09/01 19:11:55 wazuh-logcollector: INFO: Monitoring output of command(360): df -P
2026/09/01 19:11:55 wazuh-logcollector: INFO: Monitoring full output of command(360): netstat -tulpn | sed 's/\([[:alnum:]]\+\)\ \+[[:digit:]]\+\ \+[[:digit:]]\+\ \+\(.*\):\([[:digit:]]*\)\ \+\([0-9\.\:\*]\+\).\+\ \([[:digit:]]*\/[[:alnum:]\-]*\).*/\1 \2 == \3 == \4 \5/' | sort -k 4 -g | sed 's/ == \(.*\) ==/:\1/' | sed 1,2d
2026/09/01 19:11:55 wazuh-logcollector: INFO: Monitoring full output of command(360): last -n 20
2026/09/01 19:11:55 wazuh-logcollector: INFO: (1950): Analyzing file: '/var/ossec/logs/active-responses.log'.
2026/09/01 19:11:55 wazuh-logcollector: INFO: (1950): Analyzing file: '/var/log/dpkg.log'.
2026/09/01 19:11:55 wazuh-logcollector: INFO: Started (pid: 1330).
2026/09/01 19:11:56 wazuh-monitord: INFO: Started (pid: 1352).
2026/09/01 19:11:56 wazuh-syscheckd: INFO: (6009): File integrity monitoring scan ended.
2026/09/01 19:11:56 wazuh-syscheckd: INFO: FIM sync module started.
2026/09/01 19:11:57 wazuh-analysisd: INFO: Connected to 'queue/alerts/ar' (active-response queue)
2026/09/01 19:11:57 wazuh-analysisd: INFO: Connected to 'queue/alerts/execq' (exec queue)
2026/09/01 19:11:57 wazuh-analysisd: INFO: EPS limit disabled
2026/09/01 19:11:57 wazuh-modulesd: INFO: Started (pid: 1540).
2026/09/01 19:11:57 wazuh-modulesd:ciscat: INFO: Module disabled. Exiting...
2026/09/01 19:11:57 wazuh-modulesd:osquery: INFO: Module disabled. Exiting...
2026/09/01 19:11:57 sca: INFO: Module started.
2026/09/01 19:11:57 sca: INFO: Loaded policy '/var/ossec/ruleset/sca/cis_ubuntu22-04.yml'
2026/09/01 19:11:57 wazuh-modulesd:agent-upgrade: INFO: (8153): Module Agent Upgrade started.
2026/09/01 19:11:57 sca: INFO: Starting Security Configuration Assessment scan.
2026/09/01 19:11:57 wazuh-modulesd:task-manager: INFO: (8200): Module Task Manager started.
2026/09/01 19:11:57 wazuh-modulesd:control: INFO: Starting control thread.
2026/09/01 19:11:57 wazuh-modulesd:database: INFO: Module started.
2026/09/01 19:11:57 wazuh-modulesd:download: INFO: Module started.
2026/09/01 19:11:57 wazuh-modulesd:syscollector: INFO: Module started.
2026/09/01 19:11:57 wazuh-modulesd:syscollector: INFO: Starting evaluation.
2026/09/01 19:11:57 sca: INFO: Skipping policy '/var/ossec/ruleset/sca/cis_ubuntu22-04.yml': 'Check Ubuntu version.'
2026/09/01 19:11:57 sca: INFO: Security Configuration Assessment scan finished. Duration: 0 seconds.
2026/09/01 19:11:58 wazuh-modulesd:syscollector: INFO: Evaluation finished.
2026/09/01 19:12:52 rootcheck: INFO: Ending rootcheck scan.
2026/09/01 19:24:09 wazuh-db: INFO: Created Global database backup "backup/db/global.db-backup-2026-09-01-19:24:09.gz"
2026/09/01 19:24:09 wazuh-db: INFO: Deleted Global database backup: "backup/db/global.db-backup-2026-08-14-15:38:28.gz"
2026/09/01 20:11:59 wazuh-modulesd:syscollector: INFO: Starting evaluation.
2026/09/01 20:12:12 wazuh-modulesd:syscollector: INFO: Evaluation finished.
2026/09/01 21:08:27 wazuh-modulesd:syscollector: INFO: Stop received for Syscollector.
2026/09/01 21:08:27 wazuh-modulesd:syscollector: INFO: Module finished.
2026/09/01 21:08:27 wazuh-monitord: INFO: (1225): SIGNAL [(15)-(Terminated)] Received. Exit Cleaning...
2026/09/01 21:08:27 wazuh-logcollector: INFO: (1225): SIGNAL [(15)-(Terminated)] Received. Exit Cleaning...
2026/09/01 21:08:27 wazuh-remoted: INFO: (1225): SIGNAL [(15)-(Terminated)] Received. Exit Cleaning...
2026/09/01 21:08:28 wazuh-syscheckd: INFO: (1756): Shutdown received. Releasing resources.
2026/09/01 21:08:28 wazuh-syscheckd: INFO: (1225): SIGNAL [(15)-(Terminated)] Received. Exit Cleaning...
2026/09/01 21:08:28 wazuh-analysisd: INFO: (1225): SIGNAL [(15)-(Terminated)] Received. Exit Cleaning...
2026/09/01 21:08:28 wazuh-execd: INFO: (1314): Shutdown received. Deleting responses.
2026/09/01 21:08:28 wazuh-execd: INFO: (1225): SIGNAL [(15)-(Terminated)] Received. Exit Cleaning...
2026/09/01 21:08:29 wazuh-db: INFO: (1225): SIGNAL [(15)-(Terminated)] Received. Exit Cleaning...
2026/09/01 21:08:30 wazuh-authd: INFO: (1225): SIGNAL [(15)-(Terminated)] Received. Exit Cleaning...
2026/09/01 21:08:35 wazuh-authd: INFO: Exiting...
2026/09/01 21:08:38 wazuh-csyslogd: INFO: Remote syslog server not configured. Clean exit.
2026/09/01 21:08:38 wazuh-dbd: INFO: Database not configured. Clean exit.
2026/09/01 21:08:38 wazuh-integratord: INFO: Remote integrations not configured. Clean exit.
2026/09/01 21:08:38 wazuh-agentlessd: INFO: Not configured. Exiting.
2026/09/01 21:08:38 wazuh-authd: INFO: Started (pid: 3546).
2026/09/01 21:08:38 wazuh-authd: INFO: Accepting connections on port 1515. No password required.
2026/09/01 21:08:38 wazuh-authd: INFO: Setting network timeout to 1.000000 sec.
2026/09/01 21:08:39 wazuh-db: INFO: Started (pid: 3562).
2026/09/01 21:08:41 wazuh-execd: INFO: Started (pid: 3590).
2026/09/01 21:08:42 wazuh-analysisd: INFO: Total rules enabled: '6780'
2026/09/01 21:08:42 wazuh-analysisd: INFO: White listing IP: '127.0.0.1'
2026/09/01 21:08:42 wazuh-analysisd: INFO: White listing IP: '127.0.0.53'
2026/09/01 21:08:42 wazuh-analysisd: INFO: 2 IPs in the white list for active response.
2026/09/01 21:08:42 wazuh-analysisd: INFO: White listing Hostname: 'localhost.localdomain'
2026/09/01 21:08:42 wazuh-analysisd: INFO: 1 Hostname(s) in the white list for active response.
2026/09/01 21:08:42 wazuh-analysisd: INFO: Started (pid: 3604).
2026/09/01 21:08:42 wazuh-analysisd: INFO: (7200): Logtest started
2026/09/01 21:08:43 wazuh-syscheckd: INFO: Started (pid: 3620).
2026/09/01 21:08:43 wazuh-syscheckd: INFO: (6003): Monitoring path: '/bin', with options 'size | permissions | owner | group | mtime | inode | hash_md5 | hash_sha1 | hash_sha256 | scheduled'.
2026/09/01 21:08:43 wazuh-syscheckd: INFO: (6003): Monitoring path: '/boot', with options 'size | permissions | owner | group | mtime | inode | hash_md5 | hash_sha1 | hash_sha256 | scheduled'.
2026/09/01 21:08:43 wazuh-syscheckd: INFO: (6003): Monitoring path: '/etc', with options 'size | permissions | owner | group | mtime | inode | hash_md5 | hash_sha1 | hash_sha256 | scheduled'.
2026/09/01 21:08:43 wazuh-syscheckd: INFO: (6003): Monitoring path: '/sbin', with options 'size | permissions | owner | group | mtime | inode | hash_md5 | hash_sha1 | hash_sha256 | scheduled'.
2026/09/01 21:08:43 wazuh-syscheckd: INFO: (6003): Monitoring path: '/usr/bin', with options 'size | permissions | owner | group | mtime | inode | hash_md5 | hash_sha1 | hash_sha256 | scheduled'.
2026/09/01 21:08:43 wazuh-syscheckd: INFO: (6003): Monitoring path: '/usr/sbin', with options 'size | permissions | owner | group | mtime | inode | hash_md5 | hash_sha1 | hash_sha256 | scheduled'.
2026/09/01 21:08:43 wazuh-syscheckd: INFO: (6206): Ignore 'file' entry '/etc/mtab'
2026/09/01 21:08:43 wazuh-syscheckd: INFO: (6206): Ignore 'file' entry '/etc/hosts.deny'
2026/09/01 21:08:43 wazuh-syscheckd: INFO: (6206): Ignore 'file' entry '/etc/mail/statistics'
2026/09/01 21:08:43 wazuh-syscheckd: INFO: (6206): Ignore 'file' entry '/etc/random-seed'
2026/09/01 21:08:43 wazuh-syscheckd: INFO: (6206): Ignore 'file' entry '/etc/random.seed'
2026/09/01 21:08:43 wazuh-syscheckd: INFO: (6206): Ignore 'file' entry '/etc/adjtime'
2026/09/01 21:08:43 wazuh-syscheckd: INFO: (6206): Ignore 'file' entry '/etc/httpd/logs'
2026/09/01 21:08:43 wazuh-syscheckd: INFO: (6206): Ignore 'file' entry '/etc/utmpx'
2026/09/01 21:08:43 wazuh-syscheckd: INFO: (6206): Ignore 'file' entry '/etc/wtmpx'
2026/09/01 21:08:43 wazuh-syscheckd: INFO: (6206): Ignore 'file' entry '/etc/cups/certs'
2026/09/01 21:08:43 wazuh-syscheckd: INFO: (6206): Ignore 'file' entry '/etc/dumpdates'
2026/09/01 21:08:43 wazuh-syscheckd: INFO: (6206): Ignore 'file' entry '/etc/svc/volatile'
2026/09/01 21:08:43 wazuh-syscheckd: INFO: (6207): Ignore 'file' sregex '.log$|.swp$'
2026/09/01 21:08:43 wazuh-syscheckd: INFO: (6004): No diff for file: '/etc/ssl/private.key'
2026/09/01 21:08:43 wazuh-syscheckd: INFO: (6000): Starting daemon...
2026/09/01 21:08:43 wazuh-syscheckd: INFO: (6010): File integrity monitoring scan frequency: 43200 seconds
2026/09/01 21:08:43 wazuh-syscheckd: INFO: (6008): File integrity monitoring scan started.
2026/09/01 21:08:43 rootcheck: INFO: Starting rootcheck scan.
2026/09/01 21:08:43 wazuh-remoted: INFO: Started (pid: 3634). Listening on port 1514/TCP (secure).
2026/09/01 21:08:43 wazuh-remoted: ERROR: Unable to open file 'etc/shared/bsc-hardening/__pycache__/bsc-suid-generic-hardening.cpython-312.pyc' due to [(13)-(Permission denied)].
2026/09/01 21:08:43 wazuh-remoted: ERROR: Invalid shared file 'etc/shared/bsc-hardening/__pycache__/bsc-suid-generic-hardening.cpython-312.pyc'. Ignoring it.
2026/09/01 21:08:43 wazuh-remoted: INFO: (1410): Reading authentication keys file.
2026/09/01 21:08:44 wazuh-logcollector: INFO: Monitoring output of command(360): df -P
2026/09/01 21:08:44 wazuh-logcollector: INFO: Monitoring full output of command(360): netstat -tulpn | sed 's/\([[:alnum:]]\+\)\ \+[[:digit:]]\+\ \+[[:digit:]]\+\ \+\(.*\):\([[:digit:]]*\)\ \+\([0-9\.\:\*]\+\).\+\ \([[:digit:]]*\/[[:alnum:]\-]*\).*/\1 \2 == \3 == \4 \5/' | sort -k 4 -g | sed 's/ == \(.*\) ==/:\1/' | sed 1,2d
2026/09/01 21:08:44 wazuh-logcollector: INFO: Monitoring full output of command(360): last -n 20
2026/09/01 21:08:44 wazuh-logcollector: INFO: (1950): Analyzing file: '/var/ossec/logs/active-responses.log'.
2026/09/01 21:08:44 wazuh-logcollector: INFO: (1950): Analyzing file: '/var/log/dpkg.log'.
2026/09/01 21:08:44 wazuh-logcollector: INFO: Started (pid: 3672).
2026/09/01 21:08:45 wazuh-syscheckd: INFO: (6009): File integrity monitoring scan ended.
2026/09/01 21:08:45 wazuh-syscheckd: INFO: FIM sync module started.
2026/09/01 21:08:45 wazuh-analysisd: INFO: Connected to 'queue/alerts/ar' (active-response queue)
2026/09/01 21:08:45 wazuh-analysisd: INFO: Connected to 'queue/alerts/execq' (exec queue)
2026/09/01 21:08:45 wazuh-analysisd: INFO: EPS limit disabled
2026/09/01 21:08:45 wazuh-monitord: INFO: Started (pid: 3809).
2026/09/01 21:08:47 wazuh-modulesd: INFO: Started (pid: 3893).
2026/09/01 21:08:47 wazuh-modulesd:agent-upgrade: INFO: (8153): Module Agent Upgrade started.
2026/09/01 21:08:47 wazuh-modulesd:ciscat: INFO: Module disabled. Exiting...
2026/09/01 21:08:47 wazuh-modulesd:osquery: INFO: Module disabled. Exiting...
2026/09/01 21:08:47 sca: INFO: Module started.
2026/09/01 21:08:47 wazuh-modulesd:task-manager: INFO: (8200): Module Task Manager started.
2026/09/01 21:08:47 sca: INFO: Loaded policy '/var/ossec/ruleset/sca/cis_ubuntu22-04.yml'
2026/09/01 21:08:47 wazuh-modulesd:database: INFO: Module started.
2026/09/01 21:08:47 wazuh-modulesd:download: INFO: Module started.
2026/09/01 21:08:47 sca: INFO: Starting Security Configuration Assessment scan.
2026/09/01 21:08:47 wazuh-modulesd:control: INFO: Starting control thread.
2026/09/01 21:08:47 wazuh-modulesd:syscollector: INFO: Module started.
2026/09/01 21:08:47 wazuh-modulesd:syscollector: INFO: Starting evaluation.
2026/09/01 21:08:47 sca: INFO: Skipping policy '/var/ossec/ruleset/sca/cis_ubuntu22-04.yml': 'Check Ubuntu version.'
2026/09/01 21:08:47 sca: INFO: Security Configuration Assessment scan finished. Duration: 0 seconds.
2026/09/01 21:08:47 wazuh-modulesd:syscollector: INFO: Evaluation finished.
2026/09/01 21:09:29 rootcheck: INFO: Ending rootcheck scan.
2026/09/01 21:15:28 wazuh-modulesd:syscollector: INFO: Stop received for Syscollector.
2026/09/01 21:15:28 wazuh-modulesd:syscollector: INFO: Module finished.
2026/09/01 21:15:28 wazuh-monitord: INFO: (1225): SIGNAL [(15)-(Terminated)] Received. Exit Cleaning...
2026/09/01 21:15:29 wazuh-logcollector: INFO: (1225): SIGNAL [(15)-(Terminated)] Received. Exit Cleaning...
2026/09/01 21:15:29 wazuh-remoted: INFO: (1225): SIGNAL [(15)-(Terminated)] Received. Exit Cleaning...
2026/09/01 21:15:29 wazuh-syscheckd: INFO: (1756): Shutdown received. Releasing resources.
2026/09/01 21:15:29 wazuh-syscheckd: INFO: (1225): SIGNAL [(15)-(Terminated)] Received. Exit Cleaning...
2026/09/01 21:15:29 wazuh-analysisd: INFO: (1225): SIGNAL [(15)-(Terminated)] Received. Exit Cleaning...
2026/09/01 21:15:29 wazuh-execd: INFO: (1314): Shutdown received. Deleting responses.
2026/09/01 21:15:29 wazuh-execd: INFO: (1225): SIGNAL [(15)-(Terminated)] Received. Exit Cleaning...
2026/09/01 21:15:30 wazuh-db: INFO: (1225): SIGNAL [(15)-(Terminated)] Received. Exit Cleaning...
2026/09/01 21:15:31 wazuh-authd: INFO: (1225): SIGNAL [(15)-(Terminated)] Received. Exit Cleaning...
2026/09/01 21:15:32 wazuh-authd: INFO: Exiting...
2026/09/01 21:15:34 wazuh-csyslogd: INFO: Remote syslog server not configured. Clean exit.
2026/09/01 21:15:34 wazuh-dbd: INFO: Database not configured. Clean exit.
2026/09/01 21:15:34 wazuh-integratord: INFO: Remote integrations not configured. Clean exit.
2026/09/01 21:15:34 wazuh-agentlessd: INFO: Not configured. Exiting.
2026/09/01 21:15:34 wazuh-authd: INFO: Started (pid: 5183).
2026/09/01 21:15:34 wazuh-authd: INFO: Accepting connections on port 1515. No password required.
2026/09/01 21:15:34 wazuh-authd: INFO: Setting network timeout to 1.000000 sec.
2026/09/01 21:15:35 wazuh-db: INFO: Started (pid: 5199).
2026/09/01 21:15:36 wazuh-execd: INFO: Started (pid: 5227).
2026/09/01 21:15:38 wazuh-analysisd: INFO: Total rules enabled: '6780'
2026/09/01 21:15:38 wazuh-analysisd: INFO: White listing IP: '127.0.0.1'
2026/09/01 21:15:38 wazuh-analysisd: INFO: White listing IP: '127.0.0.53'
2026/09/01 21:15:38 wazuh-analysisd: INFO: 2 IPs in the white list for active response.
2026/09/01 21:15:38 wazuh-analysisd: INFO: White listing Hostname: 'localhost.localdomain'
2026/09/01 21:15:38 wazuh-analysisd: INFO: 1 Hostname(s) in the white list for active response.
2026/09/01 21:15:38 wazuh-analysisd: INFO: Started (pid: 5241).
2026/09/01 21:15:38 wazuh-analysisd: INFO: (7200): Logtest started
2026/09/01 21:15:39 wazuh-syscheckd: INFO: Started (pid: 5257).
2026/09/01 21:15:39 wazuh-syscheckd: INFO: (6003): Monitoring path: '/bin', with options 'size | permissions | owner | group | mtime | inode | hash_md5 | hash_sha1 | hash_sha256 | scheduled'.
2026/09/01 21:15:39 wazuh-syscheckd: INFO: (6003): Monitoring path: '/boot', with options 'size | permissions | owner | group | mtime | inode | hash_md5 | hash_sha1 | hash_sha256 | scheduled'.
2026/09/01 21:15:39 wazuh-syscheckd: INFO: (6003): Monitoring path: '/etc', with options 'size | permissions | owner | group | mtime | inode | hash_md5 | hash_sha1 | hash_sha256 | scheduled'.
2026/09/01 21:15:39 wazuh-syscheckd: INFO: (6003): Monitoring path: '/sbin', with options 'size | permissions | owner | group | mtime | inode | hash_md5 | hash_sha1 | hash_sha256 | scheduled'.
2026/09/01 21:15:39 wazuh-syscheckd: INFO: (6003): Monitoring path: '/usr/bin', with options 'size | permissions | owner | group | mtime | inode | hash_md5 | hash_sha1 | hash_sha256 | scheduled'.
2026/09/01 21:15:39 wazuh-syscheckd: INFO: (6003): Monitoring path: '/usr/sbin', with options 'size | permissions | owner | group | mtime | inode | hash_md5 | hash_sha1 | hash_sha256 | scheduled'.
2026/09/01 21:15:39 wazuh-syscheckd: INFO: (6206): Ignore 'file' entry '/etc/mtab'
2026/09/01 21:15:39 wazuh-syscheckd: INFO: (6206): Ignore 'file' entry '/etc/hosts.deny'
2026/09/01 21:15:39 wazuh-syscheckd: INFO: (6206): Ignore 'file' entry '/etc/mail/statistics'
2026/09/01 21:15:39 wazuh-syscheckd: INFO: (6206): Ignore 'file' entry '/etc/random-seed'
2026/09/01 21:15:39 wazuh-syscheckd: INFO: (6206): Ignore 'file' entry '/etc/random.seed'
2026/09/01 21:15:39 wazuh-syscheckd: INFO: (6206): Ignore 'file' entry '/etc/adjtime'
2026/09/01 21:15:39 wazuh-syscheckd: INFO: (6206): Ignore 'file' entry '/etc/httpd/logs'
2026/09/01 21:15:39 wazuh-syscheckd: INFO: (6206): Ignore 'file' entry '/etc/utmpx'
2026/09/01 21:15:39 wazuh-syscheckd: INFO: (6206): Ignore 'file' entry '/etc/wtmpx'
2026/09/01 21:15:39 wazuh-syscheckd: INFO: (6206): Ignore 'file' entry '/etc/cups/certs'
2026/09/01 21:15:39 wazuh-syscheckd: INFO: (6206): Ignore 'file' entry '/etc/dumpdates'
2026/09/01 21:15:39 wazuh-syscheckd: INFO: (6206): Ignore 'file' entry '/etc/svc/volatile'
2026/09/01 21:15:39 wazuh-syscheckd: INFO: (6207): Ignore 'file' sregex '.log$|.swp$'
2026/09/01 21:15:39 wazuh-syscheckd: INFO: (6004): No diff for file: '/etc/ssl/private.key'
2026/09/01 21:15:39 wazuh-syscheckd: INFO: (6000): Starting daemon...
2026/09/01 21:15:39 wazuh-syscheckd: INFO: (6010): File integrity monitoring scan frequency: 43200 seconds
2026/09/01 21:15:39 wazuh-syscheckd: INFO: (6008): File integrity monitoring scan started.
2026/09/01 21:15:39 rootcheck: INFO: Starting rootcheck scan.
2026/09/01 21:15:39 wazuh-remoted: INFO: Started (pid: 5271). Listening on port 1514/TCP (secure).
2026/09/01 21:15:39 wazuh-remoted: ERROR: Unable to open file 'etc/shared/bsc-hardening/__pycache__/bsc-suid-generic-hardening.cpython-312.pyc' due to [(13)-(Permission denied)].
2026/09/01 21:15:39 wazuh-remoted: ERROR: Invalid shared file 'etc/shared/bsc-hardening/__pycache__/bsc-suid-generic-hardening.cpython-312.pyc'. Ignoring it.
2026/09/01 21:15:39 wazuh-remoted: INFO: (1410): Reading authentication keys file.
2026/09/01 21:15:40 wazuh-logcollector: INFO: Monitoring output of command(360): df -P
2026/09/01 21:15:40 wazuh-logcollector: INFO: Monitoring full output of command(360): netstat -tulpn | sed 's/\([[:alnum:]]\+\)\ \+[[:digit:]]\+\ \+[[:digit:]]\+\ \+\(.*\):\([[:digit:]]*\)\ \+\([0-9\.\:\*]\+\).\+\ \([[:digit:]]*\/[[:alnum:]\-]*\).*/\1 \2 == \3 == \4 \5/' | sort -k 4 -g | sed 's/ == \(.*\) ==/:\1/' | sed 1,2d
2026/09/01 21:15:40 wazuh-logcollector: INFO: Monitoring full output of command(360): last -n 20
2026/09/01 21:15:40 wazuh-logcollector: INFO: (1950): Analyzing file: '/var/ossec/logs/active-responses.log'.
2026/09/01 21:15:40 wazuh-logcollector: INFO: (1950): Analyzing file: '/var/log/dpkg.log'.
2026/09/01 21:15:40 wazuh-logcollector: INFO: Started (pid: 5309).
2026/09/01 21:15:40 wazuh-syscheckd: INFO: (6009): File integrity monitoring scan ended.
2026/09/01 21:15:40 wazuh-syscheckd: INFO: FIM sync module started.
2026/09/01 21:15:41 wazuh-analysisd: INFO: Connected to 'queue/alerts/ar' (active-response queue)
2026/09/01 21:15:41 wazuh-analysisd: INFO: Connected to 'queue/alerts/execq' (exec queue)
2026/09/01 21:15:41 wazuh-analysisd: INFO: EPS limit disabled
2026/09/01 21:15:41 wazuh-monitord: INFO: Started (pid: 5439).
2026/09/01 21:15:42 wazuh-modulesd: INFO: Started (pid: 5486).
2026/09/01 21:15:42 wazuh-modulesd:agent-upgrade: INFO: (8153): Module Agent Upgrade started.
2026/09/01 21:15:42 wazuh-modulesd:ciscat: INFO: Module disabled. Exiting...
2026/09/01 21:15:42 wazuh-modulesd:osquery: INFO: Module disabled. Exiting...
2026/09/01 21:15:42 sca: INFO: Module started.
2026/09/01 21:15:42 sca: INFO: Loaded policy '/var/ossec/ruleset/sca/cis_ubuntu22-04.yml'
2026/09/01 21:15:42 wazuh-modulesd:task-manager: INFO: (8200): Module Task Manager started.
2026/09/01 21:15:42 sca: INFO: Starting Security Configuration Assessment scan.
2026/09/01 21:15:42 wazuh-modulesd:database: INFO: Module started.
2026/09/01 21:15:42 wazuh-modulesd:download: INFO: Module started.
2026/09/01 21:15:42 wazuh-modulesd:control: INFO: Starting control thread.
2026/09/01 21:15:42 wazuh-modulesd:syscollector: INFO: Module started.
2026/09/01 21:15:42 wazuh-modulesd:syscollector: INFO: Starting evaluation.
2026/09/01 21:15:42 sca: INFO: Skipping policy '/var/ossec/ruleset/sca/cis_ubuntu22-04.yml': 'Check Ubuntu version.'
2026/09/01 21:15:42 sca: INFO: Security Configuration Assessment scan finished. Duration: 0 seconds.
2026/09/01 21:15:42 wazuh-modulesd:syscollector: INFO: Evaluation finished.
2026/09/01 21:16:28 rootcheck: INFO: Ending rootcheck scan.
2026/09/01 21:25:30 wazuh-modulesd:syscollector: INFO: Stop received for Syscollector.
2026/09/01 21:25:30 wazuh-modulesd:syscollector: INFO: Module finished.
2026/09/01 21:25:30 wazuh-monitord: INFO: (1225): SIGNAL [(15)-(Terminated)] Received. Exit Cleaning...
2026/09/01 21:25:30 wazuh-logcollector: INFO: (1225): SIGNAL [(15)-(Terminated)] Received. Exit Cleaning...
2026/09/01 21:25:31 wazuh-remoted: INFO: (1225): SIGNAL [(15)-(Terminated)] Received. Exit Cleaning...
2026/09/01 21:25:31 wazuh-syscheckd: INFO: (1756): Shutdown received. Releasing resources.
2026/09/01 21:25:31 wazuh-syscheckd: INFO: (1225): SIGNAL [(15)-(Terminated)] Received. Exit Cleaning...
2026/09/01 21:25:31 wazuh-analysisd: INFO: (1225): SIGNAL [(15)-(Terminated)] Received. Exit Cleaning...
2026/09/01 21:25:31 wazuh-execd: INFO: (1314): Shutdown received. Deleting responses.
2026/09/01 21:25:31 wazuh-execd: INFO: (1225): SIGNAL [(15)-(Terminated)] Received. Exit Cleaning...
2026/09/01 21:25:31 wazuh-db: INFO: (1225): SIGNAL [(15)-(Terminated)] Received. Exit Cleaning...
2026/09/01 21:25:39 wazuh-authd: INFO: (1225): SIGNAL [(15)-(Terminated)] Received. Exit Cleaning...
2026/09/01 21:25:43 wazuh-authd: INFO: Exiting...
2026/09/01 21:25:49 wazuh-csyslogd: INFO: Remote syslog server not configured. Clean exit.
2026/09/01 21:25:49 wazuh-dbd: INFO: Database not configured. Clean exit.
2026/09/01 21:25:49 wazuh-integratord: INFO: Remote integrations not configured. Clean exit.
2026/09/01 21:25:49 wazuh-agentlessd: INFO: Not configured. Exiting.
2026/09/01 21:25:49 wazuh-authd: INFO: Started (pid: 6878).
2026/09/01 21:25:49 wazuh-authd: INFO: Accepting connections on port 1515. No password required.
2026/09/01 21:25:49 wazuh-authd: INFO: Setting network timeout to 1.000000 sec.
2026/09/01 21:25:50 wazuh-db: INFO: Started (pid: 6894).
2026/09/01 21:25:51 wazuh-execd: INFO: Started (pid: 6918).
2026/09/01 21:25:53 wazuh-analysisd: INFO: Total rules enabled: '6780'
2026/09/01 21:25:53 wazuh-analysisd: INFO: White listing IP: '127.0.0.1'
2026/09/01 21:25:53 wazuh-analysisd: INFO: White listing IP: '127.0.0.53'
2026/09/01 21:25:53 wazuh-analysisd: INFO: 2 IPs in the white list for active response.
2026/09/01 21:25:53 wazuh-analysisd: INFO: White listing Hostname: 'localhost.localdomain'
2026/09/01 21:25:53 wazuh-analysisd: INFO: 1 Hostname(s) in the white list for active response.
2026/09/01 21:25:53 wazuh-analysisd: INFO: Started (pid: 6936).
2026/09/01 21:25:53 wazuh-analysisd: INFO: (7200): Logtest started
2026/09/01 21:25:54 wazuh-syscheckd: INFO: Started (pid: 6952).
2026/09/01 21:25:54 wazuh-syscheckd: INFO: (6003): Monitoring path: '/bin', with options 'size | permissions | owner | group | mtime | inode | hash_md5 | hash_sha1 | hash_sha256 | scheduled'.
2026/09/01 21:25:54 wazuh-syscheckd: INFO: (6003): Monitoring path: '/boot', with options 'size | permissions | owner | group | mtime | inode | hash_md5 | hash_sha1 | hash_sha256 | scheduled'.
2026/09/01 21:25:54 wazuh-syscheckd: INFO: (6003): Monitoring path: '/etc', with options 'size | permissions | owner | group | mtime | inode | hash_md5 | hash_sha1 | hash_sha256 | scheduled'.
2026/09/01 21:25:54 wazuh-syscheckd: INFO: (6003): Monitoring path: '/sbin', with options 'size | permissions | owner | group | mtime | inode | hash_md5 | hash_sha1 | hash_sha256 | scheduled'.
2026/09/01 21:25:54 wazuh-syscheckd: INFO: (6003): Monitoring path: '/usr/bin', with options 'size | permissions | owner | group | mtime | inode | hash_md5 | hash_sha1 | hash_sha256 | scheduled'.
2026/09/01 21:25:54 wazuh-syscheckd: INFO: (6003): Monitoring path: '/usr/sbin', with options 'size | permissions | owner | group | mtime | inode | hash_md5 | hash_sha1 | hash_sha256 | scheduled'.
2026/09/01 21:25:54 wazuh-syscheckd: INFO: (6206): Ignore 'file' entry '/etc/mtab'
2026/09/01 21:25:54 wazuh-syscheckd: INFO: (6206): Ignore 'file' entry '/etc/hosts.deny'
2026/09/01 21:25:54 wazuh-syscheckd: INFO: (6206): Ignore 'file' entry '/etc/mail/statistics'
2026/09/01 21:25:54 wazuh-syscheckd: INFO: (6206): Ignore 'file' entry '/etc/random-seed'
2026/09/01 21:25:54 wazuh-syscheckd: INFO: (6206): Ignore 'file' entry '/etc/random.seed'
2026/09/01 21:25:54 wazuh-syscheckd: INFO: (6206): Ignore 'file' entry '/etc/adjtime'
2026/09/01 21:25:54 wazuh-syscheckd: INFO: (6206): Ignore 'file' entry '/etc/httpd/logs'
2026/09/01 21:25:54 wazuh-syscheckd: INFO: (6206): Ignore 'file' entry '/etc/utmpx'
2026/09/01 21:25:54 wazuh-syscheckd: INFO: (6206): Ignore 'file' entry '/etc/wtmpx'
2026/09/01 21:25:54 wazuh-syscheckd: INFO: (6206): Ignore 'file' entry '/etc/cups/certs'
2026/09/01 21:25:54 wazuh-syscheckd: INFO: (6206): Ignore 'file' entry '/etc/dumpdates'
2026/09/01 21:25:54 wazuh-syscheckd: INFO: (6206): Ignore 'file' entry '/etc/svc/volatile'
2026/09/01 21:25:54 wazuh-syscheckd: INFO: (6207): Ignore 'file' sregex '.log$|.swp$'
2026/09/01 21:25:54 wazuh-syscheckd: INFO: (6004): No diff for file: '/etc/ssl/private.key'
2026/09/01 21:25:54 wazuh-syscheckd: INFO: (6000): Starting daemon...
2026/09/01 21:25:54 wazuh-syscheckd: INFO: (6010): File integrity monitoring scan frequency: 43200 seconds
2026/09/01 21:25:54 wazuh-syscheckd: INFO: (6008): File integrity monitoring scan started.
2026/09/01 21:25:54 rootcheck: INFO: Starting rootcheck scan.
2026/09/01 21:25:54 wazuh-remoted: INFO: Started (pid: 6966). Listening on port 1514/TCP (secure).
2026/09/01 21:25:54 wazuh-remoted: ERROR: Unable to open file 'etc/shared/bsc-hardening/__pycache__/bsc-suid-generic-hardening.cpython-312.pyc' due to [(13)-(Permission denied)].
2026/09/01 21:25:54 wazuh-remoted: ERROR: Invalid shared file 'etc/shared/bsc-hardening/__pycache__/bsc-suid-generic-hardening.cpython-312.pyc'. Ignoring it.
2026/09/01 21:25:54 wazuh-remoted: INFO: (1410): Reading authentication keys file.
2026/09/01 21:25:55 wazuh-logcollector: INFO: Monitoring output of command(360): df -P
2026/09/01 21:25:55 wazuh-logcollector: INFO: Monitoring full output of command(360): netstat -tulpn | sed 's/\([[:alnum:]]\+\)\ \+[[:digit:]]\+\ \+[[:digit:]]\+\ \+\(.*\):\([[:digit:]]*\)\ \+\([0-9\.\:\*]\+\).\+\ \([[:digit:]]*\/[[:alnum:]\-]*\).*/\1 \2 == \3 == \4 \5/' | sort -k 4 -g | sed 's/ == \(.*\) ==/:\1/' | sed 1,2d
2026/09/01 21:25:55 wazuh-logcollector: INFO: Monitoring full output of command(360): last -n 20
2026/09/01 21:25:55 wazuh-logcollector: INFO: (1950): Analyzing file: '/var/ossec/logs/active-responses.log'.
2026/09/01 21:25:55 wazuh-logcollector: INFO: (1950): Analyzing file: '/var/log/dpkg.log'.
2026/09/01 21:25:55 wazuh-logcollector: INFO: Started (pid: 7004).
2026/09/01 21:25:55 wazuh-syscheckd: INFO: (6009): File integrity monitoring scan ended.
2026/09/01 21:25:55 wazuh-syscheckd: INFO: FIM sync module started.
2026/09/01 21:25:56 wazuh-monitord: INFO: Started (pid: 7058).
2026/09/01 21:25:56 wazuh-analysisd: INFO: Connected to 'queue/alerts/ar' (active-response queue)
2026/09/01 21:25:56 wazuh-analysisd: INFO: Connected to 'queue/alerts/execq' (exec queue)
2026/09/01 21:25:56 wazuh-analysisd: INFO: EPS limit disabled
2026/09/01 21:25:57 wazuh-modulesd: INFO: Started (pid: 7195).
2026/09/01 21:25:57 wazuh-modulesd:agent-upgrade: INFO: (8153): Module Agent Upgrade started.
2026/09/01 21:25:57 wazuh-modulesd:ciscat: INFO: Module disabled. Exiting...
2026/09/01 21:25:57 wazuh-modulesd:osquery: INFO: Module disabled. Exiting...
2026/09/01 21:25:57 sca: INFO: Module started.
2026/09/01 21:25:57 sca: INFO: Loaded policy '/var/ossec/ruleset/sca/cis_ubuntu22-04.yml'
2026/09/01 21:25:57 wazuh-modulesd:task-manager: INFO: (8200): Module Task Manager started.
2026/09/01 21:25:57 sca: INFO: Starting Security Configuration Assessment scan.
2026/09/01 21:25:57 wazuh-modulesd:download: INFO: Module started.
2026/09/01 21:25:57 wazuh-modulesd:database: INFO: Module started.
2026/09/01 21:25:57 wazuh-modulesd:control: INFO: Starting control thread.
2026/09/01 21:25:57 wazuh-modulesd:syscollector: INFO: Module started.
2026/09/01 21:25:57 wazuh-modulesd:syscollector: INFO: Starting evaluation.
2026/09/01 21:25:57 sca: INFO: Skipping policy '/var/ossec/ruleset/sca/cis_ubuntu22-04.yml': 'Check Ubuntu version.'
2026/09/01 21:25:57 sca: INFO: Security Configuration Assessment scan finished. Duration: 0 seconds.
2026/09/01 21:25:57 wazuh-modulesd:syscollector: INFO: Evaluation finished.
2026/09/01 21:26:37 rootcheck: INFO: Ending rootcheck scan.
2026/09/01 21:32:44 wazuh-modulesd:syscollector: INFO: Stop received for Syscollector.
2026/09/01 21:32:44 wazuh-modulesd:syscollector: INFO: Module finished.
2026/09/01 21:32:45 wazuh-monitord: INFO: (1225): SIGNAL [(15)-(Terminated)] Received. Exit Cleaning...
2026/09/01 21:32:45 wazuh-logcollector: INFO: (1225): SIGNAL [(15)-(Terminated)] Received. Exit Cleaning...
2026/09/01 21:32:45 wazuh-remoted: INFO: (1225): SIGNAL [(15)-(Terminated)] Received. Exit Cleaning...
2026/09/01 21:32:45 wazuh-syscheckd: INFO: (1756): Shutdown received. Releasing resources.
2026/09/01 21:32:45 wazuh-syscheckd: INFO: (1225): SIGNAL [(15)-(Terminated)] Received. Exit Cleaning...
2026/09/01 21:32:45 wazuh-analysisd: INFO: (1225): SIGNAL [(15)-(Terminated)] Received. Exit Cleaning...
2026/09/01 21:32:46 wazuh-execd: INFO: (1314): Shutdown received. Deleting responses.
2026/09/01 21:32:46 wazuh-execd: INFO: (1225): SIGNAL [(15)-(Terminated)] Received. Exit Cleaning...
2026/09/01 21:32:46 wazuh-db: INFO: (1225): SIGNAL [(15)-(Terminated)] Received. Exit Cleaning...
2026/09/01 21:32:47 wazuh-authd: INFO: (1225): SIGNAL [(15)-(Terminated)] Received. Exit Cleaning...
2026/09/01 21:32:48 wazuh-authd: INFO: Exiting...
2026/09/01 21:32:50 wazuh-csyslogd: INFO: Remote syslog server not configured. Clean exit.
2026/09/01 21:32:50 wazuh-dbd: INFO: Database not configured. Clean exit.
2026/09/01 21:32:50 wazuh-integratord: INFO: Remote integrations not configured. Clean exit.
2026/09/01 21:32:50 wazuh-agentlessd: INFO: Not configured. Exiting.
2026/09/01 21:32:50 wazuh-authd: INFO: Started (pid: 8510).
2026/09/01 21:32:50 wazuh-authd: INFO: Accepting connections on port 1515. No password required.
2026/09/01 21:32:50 wazuh-authd: INFO: Setting network timeout to 1.000000 sec.
2026/09/01 21:32:51 wazuh-db: INFO: Started (pid: 8526).
2026/09/01 21:32:53 wazuh-execd: INFO: Started (pid: 8554).
2026/09/01 21:32:54 wazuh-analysisd: INFO: Total rules enabled: '6780'
2026/09/01 21:32:54 wazuh-analysisd: INFO: White listing IP: '127.0.0.1'
2026/09/01 21:32:54 wazuh-analysisd: INFO: White listing IP: '127.0.0.53'
2026/09/01 21:32:54 wazuh-analysisd: INFO: 2 IPs in the white list for active response.
2026/09/01 21:32:54 wazuh-analysisd: INFO: White listing Hostname: 'localhost.localdomain'
2026/09/01 21:32:54 wazuh-analysisd: INFO: 1 Hostname(s) in the white list for active response.
2026/09/01 21:32:54 wazuh-analysisd: INFO: Started (pid: 8568).
2026/09/01 21:32:54 wazuh-analysisd: INFO: (7200): Logtest started
2026/09/01 21:32:55 wazuh-syscheckd: INFO: Started (pid: 8584).
2026/09/01 21:32:55 wazuh-syscheckd: INFO: (6003): Monitoring path: '/bin', with options 'size | permissions | owner | group | mtime | inode | hash_md5 | hash_sha1 | hash_sha256 | scheduled'.
2026/09/01 21:32:55 wazuh-syscheckd: INFO: (6003): Monitoring path: '/boot', with options 'size | permissions | owner | group | mtime | inode | hash_md5 | hash_sha1 | hash_sha256 | scheduled'.
2026/09/01 21:32:55 wazuh-syscheckd: INFO: (6003): Monitoring path: '/etc', with options 'size | permissions | owner | group | mtime | inode | hash_md5 | hash_sha1 | hash_sha256 | scheduled'.
2026/09/01 21:32:55 wazuh-syscheckd: INFO: (6003): Monitoring path: '/sbin', with options 'size | permissions | owner | group | mtime | inode | hash_md5 | hash_sha1 | hash_sha256 | scheduled'.
2026/09/01 21:32:55 wazuh-syscheckd: INFO: (6003): Monitoring path: '/usr/bin', with options 'size | permissions | owner | group | mtime | inode | hash_md5 | hash_sha1 | hash_sha256 | scheduled'.
2026/09/01 21:32:55 wazuh-syscheckd: INFO: (6003): Monitoring path: '/usr/sbin', with options 'size | permissions | owner | group | mtime | inode | hash_md5 | hash_sha1 | hash_sha256 | scheduled'.
2026/09/01 21:32:55 wazuh-syscheckd: INFO: (6206): Ignore 'file' entry '/etc/mtab'
2026/09/01 21:32:55 wazuh-syscheckd: INFO: (6206): Ignore 'file' entry '/etc/hosts.deny'
2026/09/01 21:32:55 wazuh-syscheckd: INFO: (6206): Ignore 'file' entry '/etc/mail/statistics'
2026/09/01 21:32:55 wazuh-syscheckd: INFO: (6206): Ignore 'file' entry '/etc/random-seed'
2026/09/01 21:32:55 wazuh-syscheckd: INFO: (6206): Ignore 'file' entry '/etc/random.seed'
2026/09/01 21:32:55 wazuh-syscheckd: INFO: (6206): Ignore 'file' entry '/etc/adjtime'
2026/09/01 21:32:55 wazuh-syscheckd: INFO: (6206): Ignore 'file' entry '/etc/httpd/logs'
2026/09/01 21:32:55 wazuh-syscheckd: INFO: (6206): Ignore 'file' entry '/etc/utmpx'
2026/09/01 21:32:55 wazuh-syscheckd: INFO: (6206): Ignore 'file' entry '/etc/wtmpx'
2026/09/01 21:32:55 wazuh-syscheckd: INFO: (6206): Ignore 'file' entry '/etc/cups/certs'
2026/09/01 21:32:55 wazuh-syscheckd: INFO: (6206): Ignore 'file' entry '/etc/dumpdates'
2026/09/01 21:32:55 wazuh-syscheckd: INFO: (6206): Ignore 'file' entry '/etc/svc/volatile'
2026/09/01 21:32:55 wazuh-syscheckd: INFO: (6207): Ignore 'file' sregex '.log$|.swp$'
2026/09/01 21:32:55 wazuh-syscheckd: INFO: (6004): No diff for file: '/etc/ssl/private.key'
2026/09/01 21:32:55 wazuh-syscheckd: INFO: (6000): Starting daemon...
2026/09/01 21:32:55 wazuh-syscheckd: INFO: (6010): File integrity monitoring scan frequency: 43200 seconds
2026/09/01 21:32:55 wazuh-syscheckd: INFO: (6008): File integrity monitoring scan started.
2026/09/01 21:32:55 rootcheck: INFO: Starting rootcheck scan.
2026/09/01 21:32:55 wazuh-remoted: INFO: Started (pid: 8598). Listening on port 1514/TCP (secure).
2026/09/01 21:32:55 wazuh-remoted: ERROR: Unable to open file 'etc/shared/bsc-hardening/__pycache__/bsc-suid-generic-hardening.cpython-312.pyc' due to [(13)-(Permission denied)].
2026/09/01 21:32:55 wazuh-remoted: ERROR: Invalid shared file 'etc/shared/bsc-hardening/__pycache__/bsc-suid-generic-hardening.cpython-312.pyc'. Ignoring it.
2026/09/01 21:32:55 wazuh-remoted: INFO: (1410): Reading authentication keys file.
2026/09/01 21:32:56 wazuh-logcollector: INFO: Monitoring output of command(360): df -P
2026/09/01 21:32:56 wazuh-logcollector: INFO: Monitoring full output of command(360): netstat -tulpn | sed 's/\([[:alnum:]]\+\)\ \+[[:digit:]]\+\ \+[[:digit:]]\+\ \+\(.*\):\([[:digit:]]*\)\ \+\([0-9\.\:\*]\+\).\+\ \([[:digit:]]*\/[[:alnum:]\-]*\).*/\1 \2 == \3 == \4 \5/' | sort -k 4 -g | sed 's/ == \(.*\) ==/:\1/' | sed 1,2d
2026/09/01 21:32:56 wazuh-logcollector: INFO: Monitoring full output of command(360): last -n 20
2026/09/01 21:32:56 wazuh-logcollector: INFO: (1950): Analyzing file: '/var/ossec/logs/active-responses.log'.
2026/09/01 21:32:56 wazuh-logcollector: INFO: (1950): Analyzing file: '/var/log/dpkg.log'.
2026/09/01 21:32:56 wazuh-logcollector: INFO: Started (pid: 8636).
2026/09/01 21:32:57 wazuh-syscheckd: INFO: (6009): File integrity monitoring scan ended.
2026/09/01 21:32:57 wazuh-syscheckd: INFO: FIM sync module started.
2026/09/01 21:32:57 wazuh-analysisd: INFO: Connected to 'queue/alerts/ar' (active-response queue)
2026/09/01 21:32:57 wazuh-analysisd: INFO: Connected to 'queue/alerts/execq' (exec queue)
2026/09/01 21:32:57 wazuh-analysisd: INFO: EPS limit disabled
2026/09/01 21:32:57 wazuh-monitord: INFO: Started (pid: 8769).
2026/09/01 21:32:58 wazuh-modulesd: INFO: Started (pid: 8819).
2026/09/01 21:32:58 wazuh-modulesd:agent-upgrade: INFO: (8153): Module Agent Upgrade started.
2026/09/01 21:32:58 wazuh-modulesd:ciscat: INFO: Module disabled. Exiting...
2026/09/01 21:32:58 wazuh-modulesd:osquery: INFO: Module disabled. Exiting...
2026/09/01 21:32:58 sca: INFO: Module started.
2026/09/01 21:32:58 sca: INFO: Loaded policy '/var/ossec/ruleset/sca/cis_ubuntu22-04.yml'
2026/09/01 21:32:58 sca: INFO: Starting Security Configuration Assessment scan.
2026/09/01 21:32:58 wazuh-modulesd:task-manager: INFO: (8200): Module Task Manager started.
2026/09/01 21:32:58 wazuh-modulesd:database: INFO: Module started.
2026/09/01 21:32:58 wazuh-modulesd:download: INFO: Module started.
2026/09/01 21:32:58 wazuh-modulesd:control: INFO: Starting control thread.
2026/09/01 21:32:58 wazuh-modulesd:syscollector: INFO: Module started.
2026/09/01 21:32:58 wazuh-modulesd:syscollector: INFO: Starting evaluation.
2026/09/01 21:32:58 sca: INFO: Skipping policy '/var/ossec/ruleset/sca/cis_ubuntu22-04.yml': 'Check Ubuntu version.'
2026/09/01 21:32:58 sca: INFO: Security Configuration Assessment scan finished. Duration: 0 seconds.
2026/09/01 21:32:58 wazuh-modulesd:syscollector: INFO: Evaluation finished.
2026/09/01 21:33:41 rootcheck: INFO: Ending rootcheck scan.
2026/09/01 21:37:49 wazuh-modulesd:syscollector: INFO: Stop received for Syscollector.
2026/09/01 21:37:49 wazuh-modulesd:syscollector: INFO: Module finished.
2026/09/01 21:37:49 wazuh-monitord: INFO: (1225): SIGNAL [(15)-(Terminated)] Received. Exit Cleaning...
2026/09/01 21:37:49 wazuh-logcollector: INFO: (1225): SIGNAL [(15)-(Terminated)] Received. Exit Cleaning...
2026/09/01 21:37:50 wazuh-remoted: INFO: (1225): SIGNAL [(15)-(Terminated)] Received. Exit Cleaning...
2026/09/01 21:37:50 wazuh-syscheckd: INFO: (1756): Shutdown received. Releasing resources.
2026/09/01 21:37:50 wazuh-syscheckd: INFO: (1225): SIGNAL [(15)-(Terminated)] Received. Exit Cleaning...
2026/09/01 21:37:50 wazuh-analysisd: INFO: (1225): SIGNAL [(15)-(Terminated)] Received. Exit Cleaning...
2026/09/01 21:37:50 wazuh-execd: INFO: (1314): Shutdown received. Deleting responses.
2026/09/01 21:37:50 wazuh-execd: INFO: (1225): SIGNAL [(15)-(Terminated)] Received. Exit Cleaning...
2026/09/01 21:37:50 wazuh-db: INFO: (1225): SIGNAL [(15)-(Terminated)] Received. Exit Cleaning...
2026/09/01 21:37:53 wazuh-authd: INFO: (1225): SIGNAL [(15)-(Terminated)] Received. Exit Cleaning...
2026/09/01 21:37:54 wazuh-authd: INFO: Exiting...
2026/09/01 21:37:57 wazuh-csyslogd: INFO: Remote syslog server not configured. Clean exit.
2026/09/01 21:37:57 wazuh-dbd: INFO: Database not configured. Clean exit.
2026/09/01 21:37:57 wazuh-integratord: INFO: Remote integrations not configured. Clean exit.
2026/09/01 21:37:57 wazuh-agentlessd: INFO: Not configured. Exiting.
2026/09/01 21:37:57 wazuh-authd: INFO: Started (pid: 10111).
2026/09/01 21:37:57 wazuh-authd: INFO: Accepting connections on port 1515. No password required.
2026/09/01 21:37:57 wazuh-authd: INFO: Setting network timeout to 1.000000 sec.
2026/09/01 21:37:58 wazuh-db: INFO: Started (pid: 10127).
2026/09/01 21:37:59 wazuh-execd: INFO: Started (pid: 10151).
2026/09/01 21:38:00 wazuh-analysisd: INFO: Total rules enabled: '6780'
2026/09/01 21:38:00 wazuh-analysisd: INFO: White listing IP: '127.0.0.1'
2026/09/01 21:38:00 wazuh-analysisd: INFO: White listing IP: '127.0.0.53'
2026/09/01 21:38:00 wazuh-analysisd: INFO: 2 IPs in the white list for active response.
2026/09/01 21:38:00 wazuh-analysisd: INFO: White listing Hostname: 'localhost.localdomain'
2026/09/01 21:38:00 wazuh-analysisd: INFO: 1 Hostname(s) in the white list for active response.
2026/09/01 21:38:00 wazuh-analysisd: INFO: Started (pid: 10169).
2026/09/01 21:38:01 wazuh-analysisd: INFO: (7200): Logtest started
2026/09/01 21:38:01 wazuh-syscheckd: INFO: Started (pid: 10185).
2026/09/01 21:38:01 wazuh-syscheckd: INFO: (6003): Monitoring path: '/bin', with options 'size | permissions | owner | group | mtime | inode | hash_md5 | hash_sha1 | hash_sha256 | scheduled'.
2026/09/01 21:38:01 wazuh-syscheckd: INFO: (6003): Monitoring path: '/boot', with options 'size | permissions | owner | group | mtime | inode | hash_md5 | hash_sha1 | hash_sha256 | scheduled'.
2026/09/01 21:38:01 wazuh-syscheckd: INFO: (6003): Monitoring path: '/etc', with options 'size | permissions | owner | group | mtime | inode | hash_md5 | hash_sha1 | hash_sha256 | scheduled'.
2026/09/01 21:38:01 wazuh-syscheckd: INFO: (6003): Monitoring path: '/sbin', with options 'size | permissions | owner | group | mtime | inode | hash_md5 | hash_sha1 | hash_sha256 | scheduled'.
2026/09/01 21:38:01 wazuh-syscheckd: INFO: (6003): Monitoring path: '/usr/bin', with options 'size | permissions | owner | group | mtime | inode | hash_md5 | hash_sha1 | hash_sha256 | scheduled'.
2026/09/01 21:38:01 wazuh-syscheckd: INFO: (6003): Monitoring path: '/usr/sbin', with options 'size | permissions | owner | group | mtime | inode | hash_md5 | hash_sha1 | hash_sha256 | scheduled'.
2026/09/01 21:38:01 wazuh-syscheckd: INFO: (6206): Ignore 'file' entry '/etc/mtab'
2026/09/01 21:38:01 wazuh-syscheckd: INFO: (6206): Ignore 'file' entry '/etc/hosts.deny'
2026/09/01 21:38:01 wazuh-syscheckd: INFO: (6206): Ignore 'file' entry '/etc/mail/statistics'
2026/09/01 21:38:01 wazuh-syscheckd: INFO: (6206): Ignore 'file' entry '/etc/random-seed'
2026/09/01 21:38:01 wazuh-syscheckd: INFO: (6206): Ignore 'file' entry '/etc/random.seed'
2026/09/01 21:38:01 wazuh-syscheckd: INFO: (6206): Ignore 'file' entry '/etc/adjtime'
2026/09/01 21:38:01 wazuh-syscheckd: INFO: (6206): Ignore 'file' entry '/etc/httpd/logs'
2026/09/01 21:38:01 wazuh-syscheckd: INFO: (6206): Ignore 'file' entry '/etc/utmpx'
2026/09/01 21:38:01 wazuh-syscheckd: INFO: (6206): Ignore 'file' entry '/etc/wtmpx'
2026/09/01 21:38:01 wazuh-syscheckd: INFO: (6206): Ignore 'file' entry '/etc/cups/certs'
2026/09/01 21:38:01 wazuh-syscheckd: INFO: (6206): Ignore 'file' entry '/etc/dumpdates'
2026/09/01 21:38:01 wazuh-syscheckd: INFO: (6206): Ignore 'file' entry '/etc/svc/volatile'
2026/09/01 21:38:01 wazuh-syscheckd: INFO: (6207): Ignore 'file' sregex '.log$|.swp$'
2026/09/01 21:38:01 wazuh-syscheckd: INFO: (6004): No diff for file: '/etc/ssl/private.key'
2026/09/01 21:38:01 wazuh-syscheckd: INFO: (6000): Starting daemon...
2026/09/01 21:38:01 wazuh-syscheckd: INFO: (6010): File integrity monitoring scan frequency: 43200 seconds
2026/09/01 21:38:01 wazuh-syscheckd: INFO: (6008): File integrity monitoring scan started.
2026/09/01 21:38:01 rootcheck: INFO: Starting rootcheck scan.
2026/09/01 21:38:02 wazuh-remoted: INFO: Started (pid: 10208). Listening on port 1514/TCP (secure).
2026/09/01 21:38:02 wazuh-remoted: ERROR: Unable to open file 'etc/shared/bsc-hardening/__pycache__/bsc-suid-generic-hardening.cpython-312.pyc' due to [(13)-(Permission denied)].
2026/09/01 21:38:02 wazuh-remoted: ERROR: Invalid shared file 'etc/shared/bsc-hardening/__pycache__/bsc-suid-generic-hardening.cpython-312.pyc'. Ignoring it.
2026/09/01 21:38:02 wazuh-remoted: INFO: (1410): Reading authentication keys file.
2026/09/01 21:38:03 wazuh-syscheckd: INFO: (6009): File integrity monitoring scan ended.
2026/09/01 21:38:03 wazuh-syscheckd: INFO: FIM sync module started.
2026/09/01 21:38:03 wazuh-logcollector: INFO: Monitoring output of command(360): df -P
2026/09/01 21:38:03 wazuh-logcollector: INFO: Monitoring full output of command(360): netstat -tulpn | sed 's/\([[:alnum:]]\+\)\ \+[[:digit:]]\+\ \+[[:digit:]]\+\ \+\(.*\):\([[:digit:]]*\)\ \+\([0-9\.\:\*]\+\).\+\ \([[:digit:]]*\/[[:alnum:]\-]*\).*/\1 \2 == \3 == \4 \5/' | sort -k 4 -g | sed 's/ == \(.*\) ==/:\1/' | sed 1,2d
2026/09/01 21:38:03 wazuh-logcollector: INFO: Monitoring full output of command(360): last -n 20
2026/09/01 21:38:03 wazuh-logcollector: INFO: (1950): Analyzing file: '/var/ossec/logs/active-responses.log'.
2026/09/01 21:38:03 wazuh-logcollector: INFO: (1950): Analyzing file: '/var/log/dpkg.log'.
2026/09/01 21:38:03 wazuh-logcollector: INFO: Started (pid: 10281).
2026/09/01 21:38:04 wazuh-analysisd: INFO: Connected to 'queue/alerts/ar' (active-response queue)
2026/09/01 21:38:04 wazuh-analysisd: INFO: Connected to 'queue/alerts/execq' (exec queue)
2026/09/01 21:38:04 wazuh-analysisd: INFO: EPS limit disabled
2026/09/01 21:38:04 wazuh-monitord: INFO: Started (pid: 10411).
2026/09/01 21:38:05 wazuh-modulesd: INFO: Started (pid: 10463).
2026/09/01 21:38:05 wazuh-modulesd:agent-upgrade: INFO: (8153): Module Agent Upgrade started.
2026/09/01 21:38:05 wazuh-modulesd:ciscat: INFO: Module disabled. Exiting...
2026/09/01 21:38:05 wazuh-modulesd:osquery: INFO: Module disabled. Exiting...
2026/09/01 21:38:05 wazuh-modulesd:task-manager: INFO: (8200): Module Task Manager started.
2026/09/01 21:38:05 sca: INFO: Module started.
2026/09/01 21:38:05 sca: INFO: Loaded policy '/var/ossec/ruleset/sca/cis_ubuntu22-04.yml'
2026/09/01 21:38:05 wazuh-modulesd:database: INFO: Module started.
2026/09/01 21:38:05 wazuh-modulesd:download: INFO: Module started.
2026/09/01 21:38:05 wazuh-modulesd:control: INFO: Starting control thread.
2026/09/01 21:38:05 sca: INFO: Starting Security Configuration Assessment scan.
2026/09/01 21:38:05 wazuh-modulesd:syscollector: INFO: Module started.
2026/09/01 21:38:05 wazuh-modulesd:syscollector: INFO: Starting evaluation.
2026/09/01 21:38:05 sca: INFO: Skipping policy '/var/ossec/ruleset/sca/cis_ubuntu22-04.yml': 'Check Ubuntu version.'
2026/09/01 21:38:05 sca: INFO: Security Configuration Assessment scan finished. Duration: 0 seconds.
2026/09/01 21:38:05 wazuh-modulesd:syscollector: INFO: Evaluation finished.
2026/09/01 21:38:53 rootcheck: INFO: Ending rootcheck scan.
2026/09/01 21:41:58 wazuh-analysisd: ERROR: (1303): Invalid command 'bsc-suid-generic-hardening' in the active response.
2026/09/01 21:41:58 wazuh-analysisd: ERROR: (1202): Configuration error at 'etc/ossec.conf'.
2026/09/01 21:41:58 wazuh-analysisd: CRITICAL: (1202): Configuration error at 'etc/ossec.conf'.
2026/09/01 21:41:58 wazuh-modulesd:syscollector: INFO: Stop received for Syscollector.
2026/09/01 21:41:58 wazuh-modulesd:syscollector: INFO: Module finished.
2026/09/01 21:41:58 wazuh-monitord: INFO: (1225): SIGNAL [(15)-(Terminated)] Received. Exit Cleaning...
2026/09/01 21:41:58 wazuh-logcollector: INFO: (1225): SIGNAL [(15)-(Terminated)] Received. Exit Cleaning...
2026/09/01 21:41:59 wazuh-remoted: INFO: (1225): SIGNAL [(15)-(Terminated)] Received. Exit Cleaning...
2026/09/01 21:41:59 wazuh-syscheckd: INFO: (1756): Shutdown received. Releasing resources.
2026/09/01 21:41:59 wazuh-syscheckd: INFO: (1225): SIGNAL [(15)-(Terminated)] Received. Exit Cleaning...
2026/09/01 21:41:59 wazuh-analysisd: INFO: (1225): SIGNAL [(15)-(Terminated)] Received. Exit Cleaning...
2026/09/01 21:41:59 wazuh-execd: INFO: (1314): Shutdown received. Deleting responses.
2026/09/01 21:41:59 wazuh-execd: INFO: (1225): SIGNAL [(15)-(Terminated)] Received. Exit Cleaning...
2026/09/01 21:42:00 wazuh-db: INFO: (1225): SIGNAL [(15)-(Terminated)] Received. Exit Cleaning...
2026/09/01 21:42:01 wazuh-authd: INFO: (1225): SIGNAL [(15)-(Terminated)] Received. Exit Cleaning...
2026/09/01 21:42:02 wazuh-authd: INFO: Exiting...
2026/09/01 21:42:04 wazuh-analysisd: ERROR: (1303): Invalid command 'bsc-suid-generic-hardening' in the active response.
2026/09/01 21:42:04 wazuh-analysisd: ERROR: (1202): Configuration error at 'etc/ossec.conf'.
2026/09/01 21:42:04 wazuh-analysisd: CRITICAL: (1202): Configuration error at 'etc/ossec.conf'.
2026/09/01 21:47:01 wazuh-csyslogd: INFO: Remote syslog server not configured. Clean exit.
2026/09/01 21:47:01 wazuh-dbd: INFO: Database not configured. Clean exit.
2026/09/01 21:47:01 wazuh-integratord: INFO: Remote integrations not configured. Clean exit.
2026/09/01 21:47:01 wazuh-agentlessd: INFO: Not configured. Exiting.
2026/09/01 21:47:01 wazuh-authd: INFO: Started (pid: 11761).
2026/09/01 21:47:01 wazuh-authd: INFO: Accepting connections on port 1515. No password required.
2026/09/01 21:47:01 wazuh-authd: INFO: Setting network timeout to 1.000000 sec.
2026/09/01 21:47:03 wazuh-db: INFO: Started (pid: 11777).
2026/09/01 21:47:04 wazuh-execd: INFO: Started (pid: 11807).
2026/09/01 21:47:06 wazuh-analysisd: INFO: Total rules enabled: '6780'
2026/09/01 21:47:06 wazuh-analysisd: INFO: White listing IP: '127.0.0.1'
2026/09/01 21:47:06 wazuh-analysisd: INFO: White listing IP: '127.0.0.53'
2026/09/01 21:47:06 wazuh-analysisd: INFO: 2 IPs in the white list for active response.
2026/09/01 21:47:06 wazuh-analysisd: INFO: White listing Hostname: 'localhost.localdomain'
2026/09/01 21:47:06 wazuh-analysisd: INFO: 1 Hostname(s) in the white list for active response.
2026/09/01 21:47:06 wazuh-analysisd: INFO: Started (pid: 11821).
2026/09/01 21:47:06 wazuh-analysisd: INFO: (7200): Logtest started
2026/09/01 21:47:07 wazuh-syscheckd: INFO: Started (pid: 11837).
2026/09/01 21:47:07 wazuh-syscheckd: INFO: (6003): Monitoring path: '/bin', with options 'size | permissions | owner | group | mtime | inode | hash_md5 | hash_sha1 | hash_sha256 | scheduled'.
2026/09/01 21:47:07 wazuh-syscheckd: INFO: (6003): Monitoring path: '/boot', with options 'size | permissions | owner | group | mtime | inode | hash_md5 | hash_sha1 | hash_sha256 | scheduled'.
2026/09/01 21:47:07 wazuh-syscheckd: INFO: (6003): Monitoring path: '/etc', with options 'size | permissions | owner | group | mtime | inode | hash_md5 | hash_sha1 | hash_sha256 | scheduled'.
2026/09/01 21:47:07 wazuh-syscheckd: INFO: (6003): Monitoring path: '/sbin', with options 'size | permissions | owner | group | mtime | inode | hash_md5 | hash_sha1 | hash_sha256 | scheduled'.
2026/09/01 21:47:07 wazuh-syscheckd: INFO: (6003): Monitoring path: '/usr/bin', with options 'size | permissions | owner | group | mtime | inode | hash_md5 | hash_sha1 | hash_sha256 | scheduled'.
2026/09/01 21:47:07 wazuh-syscheckd: INFO: (6003): Monitoring path: '/usr/sbin', with options 'size | permissions | owner | group | mtime | inode | hash_md5 | hash_sha1 | hash_sha256 | scheduled'.
2026/09/01 21:47:07 wazuh-syscheckd: INFO: (6206): Ignore 'file' entry '/etc/mtab'
2026/09/01 21:47:07 wazuh-syscheckd: INFO: (6206): Ignore 'file' entry '/etc/hosts.deny'
2026/09/01 21:47:07 wazuh-syscheckd: INFO: (6206): Ignore 'file' entry '/etc/mail/statistics'
2026/09/01 21:47:07 wazuh-syscheckd: INFO: (6206): Ignore 'file' entry '/etc/random-seed'
2026/09/01 21:47:07 wazuh-syscheckd: INFO: (6206): Ignore 'file' entry '/etc/random.seed'
2026/09/01 21:47:07 wazuh-syscheckd: INFO: (6206): Ignore 'file' entry '/etc/adjtime'
2026/09/01 21:47:07 wazuh-syscheckd: INFO: (6206): Ignore 'file' entry '/etc/httpd/logs'
2026/09/01 21:47:07 wazuh-syscheckd: INFO: (6206): Ignore 'file' entry '/etc/utmpx'
2026/09/01 21:47:07 wazuh-syscheckd: INFO: (6206): Ignore 'file' entry '/etc/wtmpx'
2026/09/01 21:47:07 wazuh-syscheckd: INFO: (6206): Ignore 'file' entry '/etc/cups/certs'
2026/09/01 21:47:07 wazuh-syscheckd: INFO: (6206): Ignore 'file' entry '/etc/dumpdates'
2026/09/01 21:47:07 wazuh-syscheckd: INFO: (6206): Ignore 'file' entry '/etc/svc/volatile'
2026/09/01 21:47:07 wazuh-syscheckd: INFO: (6207): Ignore 'file' sregex '.log$|.swp$'
2026/09/01 21:47:07 wazuh-syscheckd: INFO: (6004): No diff for file: '/etc/ssl/private.key'
2026/09/01 21:47:07 wazuh-syscheckd: INFO: (6000): Starting daemon...
2026/09/01 21:47:07 wazuh-syscheckd: INFO: (6010): File integrity monitoring scan frequency: 43200 seconds
2026/09/01 21:47:07 wazuh-syscheckd: INFO: (6008): File integrity monitoring scan started.
2026/09/01 21:47:07 rootcheck: INFO: Starting rootcheck scan.
2026/09/01 21:47:07 wazuh-remoted: INFO: Started (pid: 11851). Listening on port 1514/TCP (secure).
2026/09/01 21:47:07 wazuh-remoted: ERROR: Unable to open file 'etc/shared/bsc-hardening/__pycache__/bsc-suid-generic-hardening.cpython-312.pyc' due to [(13)-(Permission denied)].
2026/09/01 21:47:07 wazuh-remoted: ERROR: Invalid shared file 'etc/shared/bsc-hardening/__pycache__/bsc-suid-generic-hardening.cpython-312.pyc'. Ignoring it.
2026/09/01 21:47:07 wazuh-remoted: INFO: (1410): Reading authentication keys file.
2026/09/01 21:47:08 wazuh-logcollector: INFO: Monitoring output of command(360): df -P
2026/09/01 21:47:08 wazuh-logcollector: INFO: Monitoring full output of command(360): netstat -tulpn | sed 's/\([[:alnum:]]\+\)\ \+[[:digit:]]\+\ \+[[:digit:]]\+\ \+\(.*\):\([[:digit:]]*\)\ \+\([0-9\.\:\*]\+\).\+\ \([[:digit:]]*\/[[:alnum:]\-]*\).*/\1 \2 == \3 == \4 \5/' | sort -k 4 -g | sed 's/ == \(.*\) ==/:\1/' | sed 1,2d
2026/09/01 21:47:08 wazuh-logcollector: INFO: Monitoring full output of command(360): last -n 20
2026/09/01 21:47:08 wazuh-logcollector: INFO: (1950): Analyzing file: '/var/ossec/logs/active-responses.log'.
2026/09/01 21:47:08 wazuh-logcollector: INFO: (1950): Analyzing file: '/var/log/dpkg.log'.
2026/09/01 21:47:08 wazuh-logcollector: INFO: Started (pid: 11887).
2026/09/01 21:47:09 wazuh-syscheckd: INFO: (6009): File integrity monitoring scan ended.
2026/09/01 21:47:09 wazuh-syscheckd: INFO: FIM sync module started.
2026/09/01 21:47:09 wazuh-monitord: INFO: Started (pid: 11943).
2026/09/01 21:47:09 wazuh-analysisd: INFO: Connected to 'queue/alerts/ar' (active-response queue)
2026/09/01 21:47:09 wazuh-analysisd: INFO: Connected to 'queue/alerts/execq' (exec queue)
2026/09/01 21:47:09 wazuh-analysisd: INFO: EPS limit disabled
2026/09/01 21:47:10 wazuh-modulesd: INFO: Started (pid: 12080).
2026/09/01 21:47:10 wazuh-modulesd:agent-upgrade: INFO: (8153): Module Agent Upgrade started.
2026/09/01 21:47:10 wazuh-modulesd:ciscat: INFO: Module disabled. Exiting...
2026/09/01 21:47:10 wazuh-modulesd:osquery: INFO: Module disabled. Exiting...
2026/09/01 21:47:10 sca: INFO: Module started.
2026/09/01 21:47:10 wazuh-modulesd:task-manager: INFO: (8200): Module Task Manager started.
2026/09/01 21:47:10 sca: INFO: Loaded policy '/var/ossec/ruleset/sca/cis_ubuntu22-04.yml'
2026/09/01 21:47:10 wazuh-modulesd:database: INFO: Module started.
2026/09/01 21:47:10 wazuh-modulesd:download: INFO: Module started.
2026/09/01 21:47:10 sca: INFO: Starting Security Configuration Assessment scan.
2026/09/01 21:47:10 wazuh-modulesd:control: INFO: Starting control thread.
2026/09/01 21:47:10 wazuh-modulesd:syscollector: INFO: Module started.
2026/09/01 21:47:10 wazuh-modulesd:syscollector: INFO: Starting evaluation.
2026/09/01 21:47:10 sca: INFO: Skipping policy '/var/ossec/ruleset/sca/cis_ubuntu22-04.yml': 'Check Ubuntu version.'
2026/09/01 21:47:10 wazuh-modulesd:syscollector: INFO: Evaluation finished.
2026/09/01 21:47:10 sca: INFO: Security Configuration Assessment scan finished. Duration: 0 seconds.
2026/09/01 21:47:57 rootcheck: INFO: Ending rootcheck scan.
2026/09/01 22:10:43 wazuh-remoted: ERROR: Unable to open file 'etc/shared/bsc-hardening/__pycache__/bsc-suid-generic-hardening.cpython-312.pyc' due to [(13)-(Permission denied)].
2026/09/01 22:14:12 wazuh-remoted: ERROR: Unable to open file 'etc/shared/bsc-hardening/__pycache__/bsc-suid-generic-hardening.cpython-312.pyc' due to [(13)-(Permission denied)].
2026/09/01 22:23:56 wazuh-remoted: ERROR: Unable to open file 'etc/shared/bsc-hardening/__pycache__/bsc-suid-generic-hardening.cpython-312.pyc' due to [(13)-(Permission denied)].
2026/09/01 22:31:26 wazuh-remoted: ERROR: Unable to open file 'etc/shared/bsc-hardening/__pycache__/bsc-suid-generic-hardening.cpython-312.pyc' due to [(13)-(Permission denied)].
2026/09/01 22:34:52 wazuh-remoted: ERROR: Unable to open file 'etc/shared/bsc-hardening/__pycache__/bsc-suid-generic-hardening.cpython-312.pyc' due to [(13)-(Permission denied)].
2026/09/01 22:47:12 wazuh-modulesd:syscollector: INFO: Starting evaluation.
2026/09/01 22:47:42 wazuh-modulesd:syscollector: INFO: Evaluation finished.
2026/09/01 23:28:13 wazuh-modulesd:syscollector: INFO: Stop received for Syscollector.
2026/09/01 23:28:13 wazuh-modulesd:syscollector: INFO: Module finished.
2026/09/01 23:28:13 wazuh-monitord: INFO: (1225): SIGNAL [(15)-(Terminated)] Received. Exit Cleaning...
2026/09/01 23:28:14 wazuh-logcollector: INFO: (1225): SIGNAL [(15)-(Terminated)] Received. Exit Cleaning...
2026/09/01 23:28:14 wazuh-remoted: INFO: (1225): SIGNAL [(15)-(Terminated)] Received. Exit Cleaning...
2026/09/01 23:28:14 wazuh-syscheckd: INFO: (1756): Shutdown received. Releasing resources.
2026/09/01 23:28:14 wazuh-syscheckd: INFO: (1225): SIGNAL [(15)-(Terminated)] Received. Exit Cleaning...
2026/09/01 23:28:14 wazuh-analysisd: INFO: (1225): SIGNAL [(15)-(Terminated)] Received. Exit Cleaning...
2026/09/01 23:28:14 wazuh-execd: INFO: (1314): Shutdown received. Deleting responses.
2026/09/01 23:28:14 wazuh-execd: INFO: (1225): SIGNAL [(15)-(Terminated)] Received. Exit Cleaning...
2026/09/01 23:28:14 wazuh-db: INFO: (1225): SIGNAL [(15)-(Terminated)] Received. Exit Cleaning...
2026/09/01 23:28:16 wazuh-authd: INFO: (1225): SIGNAL [(15)-(Terminated)] Received. Exit Cleaning...
2026/09/01 23:28:17 wazuh-authd: INFO: Exiting...
2026/09/03 17:34:23 wazuh-csyslogd: INFO: Remote syslog server not configured. Clean exit.
2026/09/03 17:34:23 wazuh-dbd: INFO: Database not configured. Clean exit.
2026/09/03 17:34:23 wazuh-integratord: INFO: Remote integrations not configured. Clean exit.
2026/09/03 17:34:23 wazuh-agentlessd: INFO: Not configured. Exiting.
2026/09/03 17:34:23 wazuh-authd: INFO: Started (pid: 1188).
2026/09/03 17:34:23 wazuh-authd: INFO: Accepting connections on port 1515. No password required.
2026/09/03 17:34:23 wazuh-authd: INFO: Setting network timeout to 1.000000 sec.
2026/09/03 17:34:24 wazuh-db: INFO: Started (pid: 1211).
2026/09/03 17:34:25 wazuh-db: INFO: Created Global database backup "backup/db/global.db-backup-2026-09-03-17:34:25.gz"
2026/09/03 17:34:25 wazuh-db: INFO: Deleted Global database backup: "backup/db/global.db-backup-2026-08-15-15:38:31.gz"
2026/09/03 17:34:25 wazuh-execd: INFO: Started (pid: 1236).
2026/09/03 17:34:27 wazuh-analysisd: INFO: Total rules enabled: '6780'
2026/09/03 17:34:27 wazuh-analysisd: INFO: White listing IP: '127.0.0.1'
2026/09/03 17:34:27 wazuh-analysisd: INFO: White listing IP: '127.0.0.53'
2026/09/03 17:34:27 wazuh-analysisd: INFO: 2 IPs in the white list for active response.
2026/09/03 17:34:27 wazuh-analysisd: INFO: White listing Hostname: 'localhost.localdomain'
2026/09/03 17:34:27 wazuh-analysisd: INFO: 1 Hostname(s) in the white list for active response.
2026/09/03 17:34:27 wazuh-analysisd: INFO: Started (pid: 1251).
2026/09/03 17:34:27 wazuh-analysisd: INFO: (7200): Logtest started
2026/09/03 17:34:27 wazuh-syscheckd: INFO: Started (pid: 1279).
2026/09/03 17:34:27 wazuh-syscheckd: INFO: (6003): Monitoring path: '/bin', with options 'size | permissions | owner | group | mtime | inode | hash_md5 | hash_sha1 | hash_sha256 | scheduled'.
2026/09/03 17:34:27 wazuh-syscheckd: INFO: (6003): Monitoring path: '/boot', with options 'size | permissions | owner | group | mtime | inode | hash_md5 | hash_sha1 | hash_sha256 | scheduled'.
2026/09/03 17:34:27 wazuh-syscheckd: INFO: (6003): Monitoring path: '/etc', with options 'size | permissions | owner | group | mtime | inode | hash_md5 | hash_sha1 | hash_sha256 | scheduled'.
2026/09/03 17:34:27 wazuh-syscheckd: INFO: (6003): Monitoring path: '/sbin', with options 'size | permissions | owner | group | mtime | inode | hash_md5 | hash_sha1 | hash_sha256 | scheduled'.
2026/09/03 17:34:27 wazuh-syscheckd: INFO: (6003): Monitoring path: '/usr/bin', with options 'size | permissions | owner | group | mtime | inode | hash_md5 | hash_sha1 | hash_sha256 | scheduled'.
2026/09/03 17:34:27 wazuh-syscheckd: INFO: (6003): Monitoring path: '/usr/sbin', with options 'size | permissions | owner | group | mtime | inode | hash_md5 | hash_sha1 | hash_sha256 | scheduled'.
2026/09/03 17:34:27 wazuh-syscheckd: INFO: (6206): Ignore 'file' entry '/etc/mtab'
2026/09/03 17:34:27 wazuh-syscheckd: INFO: (6206): Ignore 'file' entry '/etc/hosts.deny'
2026/09/03 17:34:27 wazuh-syscheckd: INFO: (6206): Ignore 'file' entry '/etc/mail/statistics'
2026/09/03 17:34:27 wazuh-syscheckd: INFO: (6206): Ignore 'file' entry '/etc/random-seed'
2026/09/03 17:34:27 wazuh-syscheckd: INFO: (6206): Ignore 'file' entry '/etc/random.seed'
2026/09/03 17:34:27 wazuh-syscheckd: INFO: (6206): Ignore 'file' entry '/etc/adjtime'
2026/09/03 17:34:27 wazuh-syscheckd: INFO: (6206): Ignore 'file' entry '/etc/httpd/logs'
2026/09/03 17:34:27 wazuh-syscheckd: INFO: (6206): Ignore 'file' entry '/etc/utmpx'
2026/09/03 17:34:27 wazuh-syscheckd: INFO: (6206): Ignore 'file' entry '/etc/wtmpx'
2026/09/03 17:34:27 wazuh-syscheckd: INFO: (6206): Ignore 'file' entry '/etc/cups/certs'
2026/09/03 17:34:27 wazuh-syscheckd: INFO: (6206): Ignore 'file' entry '/etc/dumpdates'
2026/09/03 17:34:27 wazuh-syscheckd: INFO: (6206): Ignore 'file' entry '/etc/svc/volatile'
2026/09/03 17:34:27 wazuh-syscheckd: INFO: (6207): Ignore 'file' sregex '.log$|.swp$'
2026/09/03 17:34:27 wazuh-syscheckd: INFO: (6004): No diff for file: '/etc/ssl/private.key'
2026/09/03 17:34:27 rootcheck: INFO: Starting rootcheck scan.
2026/09/03 17:34:27 wazuh-syscheckd: INFO: (6000): Starting daemon...
2026/09/03 17:34:27 wazuh-syscheckd: INFO: (6010): File integrity monitoring scan frequency: 43200 seconds
2026/09/03 17:34:27 wazuh-syscheckd: INFO: (6008): File integrity monitoring scan started.
2026/09/03 17:34:27 wazuh-remoted: INFO: Started (pid: 1292). Listening on port 1514/TCP (secure).
2026/09/03 17:34:27 wazuh-remoted: ERROR: Unable to open file 'etc/shared/bsc-hardening/__pycache__/bsc-suid-generic-hardening.cpython-312.pyc' due to [(13)-(Permission denied)].
2026/09/03 17:34:27 wazuh-remoted: ERROR: Invalid shared file 'etc/shared/bsc-hardening/__pycache__/bsc-suid-generic-hardening.cpython-312.pyc'. Ignoring it.
2026/09/03 17:34:27 wazuh-remoted: INFO: (1410): Reading authentication keys file.
2026/09/03 17:34:28 wazuh-logcollector: INFO: Monitoring output of command(360): df -P
2026/09/03 17:34:28 wazuh-logcollector: INFO: Monitoring full output of command(360): netstat -tulpn | sed 's/\([[:alnum:]]\+\)\ \+[[:digit:]]\+\ \+[[:digit:]]\+\ \+\(.*\):\([[:digit:]]*\)\ \+\([0-9\.\:\*]\+\).\+\ \([[:digit:]]*\/[[:alnum:]\-]*\).*/\1 \2 == \3 == \4 \5/' | sort -k 4 -g | sed 's/ == \(.*\) ==/:\1/' | sed 1,2d
2026/09/03 17:34:28 wazuh-logcollector: INFO: Monitoring full output of command(360): last -n 20
2026/09/03 17:34:28 wazuh-logcollector: INFO: (1950): Analyzing file: '/var/ossec/logs/active-responses.log'.
2026/09/03 17:34:28 wazuh-logcollector: INFO: (1950): Analyzing file: '/var/log/dpkg.log'.
2026/09/03 17:34:28 wazuh-logcollector: INFO: Started (pid: 1328).
2026/09/03 17:34:29 wazuh-monitord: INFO: Started (pid: 1348).
2026/09/03 17:34:29 wazuh-modulesd: INFO: Started (pid: 1357).
2026/09/03 17:34:29 wazuh-modulesd:ciscat: INFO: Module disabled. Exiting...
2026/09/03 17:34:29 wazuh-modulesd:osquery: INFO: Module disabled. Exiting...
2026/09/03 17:34:29 wazuh-modulesd:database: INFO: Module started.
2026/09/03 17:34:29 wazuh-modulesd:download: INFO: Module started.
2026/09/03 17:34:29 wazuh-modulesd:control: INFO: Starting control thread.
2026/09/03 17:34:29 sca: INFO: Module started.
2026/09/03 17:34:29 sca: INFO: Loaded policy '/var/ossec/ruleset/sca/cis_ubuntu22-04.yml'
2026/09/03 17:34:29 wazuh-modulesd:agent-upgrade: INFO: (8153): Module Agent Upgrade started.
2026/09/03 17:34:29 sca: INFO: Starting Security Configuration Assessment scan.
2026/09/03 17:34:29 wazuh-modulesd:task-manager: INFO: (8200): Module Task Manager started.
2026/09/03 17:34:29 wazuh-modulesd:syscollector: INFO: Module started.
2026/09/03 17:34:29 wazuh-modulesd:syscollector: INFO: Starting evaluation.
2026/09/03 17:34:29 sca: INFO: Skipping policy '/var/ossec/ruleset/sca/cis_ubuntu22-04.yml': 'Check Ubuntu version.'
2026/09/03 17:34:29 sca: INFO: Security Configuration Assessment scan finished. Duration: 0 seconds.
2026/09/03 17:34:29 wazuh-modulesd:syscollector: INFO: Evaluation finished.
2026/09/03 17:34:30 wazuh-syscheckd: INFO: (6009): File integrity monitoring scan ended.
2026/09/03 17:34:30 wazuh-syscheckd: INFO: FIM sync module started.
2026/09/03 17:34:30 wazuh-analysisd: INFO: Connected to 'queue/alerts/ar' (active-response queue)
2026/09/03 17:34:30 wazuh-analysisd: INFO: Connected to 'queue/alerts/execq' (exec queue)
2026/09/03 17:34:30 wazuh-analysisd: INFO: EPS limit disabled
2026/09/03 17:35:17 rootcheck: INFO: Ending rootcheck scan.
2026/09/03 17:45:35 wazuh-modulesd:syscollector: INFO: Stop received for Syscollector.
2026/09/03 17:45:35 wazuh-modulesd:syscollector: INFO: Module finished.
2026/09/03 17:45:35 wazuh-monitord: INFO: (1225): SIGNAL [(15)-(Terminated)] Received. Exit Cleaning...
2026/09/03 17:45:35 wazuh-logcollector: INFO: (1225): SIGNAL [(15)-(Terminated)] Received. Exit Cleaning...
2026/09/03 17:45:35 wazuh-remoted: INFO: (1225): SIGNAL [(15)-(Terminated)] Received. Exit Cleaning...
2026/09/03 17:45:35 wazuh-syscheckd: INFO: (1756): Shutdown received. Releasing resources.
2026/09/03 17:45:35 wazuh-syscheckd: INFO: (1225): SIGNAL [(15)-(Terminated)] Received. Exit Cleaning...
2026/09/03 17:45:35 wazuh-analysisd: INFO: (1225): SIGNAL [(15)-(Terminated)] Received. Exit Cleaning...
2026/09/03 17:45:35 wazuh-execd: INFO: (1314): Shutdown received. Deleting responses.
2026/09/03 17:45:35 wazuh-execd: INFO: (1225): SIGNAL [(15)-(Terminated)] Received. Exit Cleaning...
2026/09/03 17:45:36 wazuh-db: INFO: (1225): SIGNAL [(15)-(Terminated)] Received. Exit Cleaning...
2026/09/03 17:45:37 wazuh-authd: INFO: (1225): SIGNAL [(15)-(Terminated)] Received. Exit Cleaning...
2026/09/03 17:45:38 wazuh-authd: INFO: Exiting...
2026/09/03 17:45:40 wazuh-csyslogd: INFO: Remote syslog server not configured. Clean exit.
2026/09/03 17:45:40 wazuh-dbd: INFO: Database not configured. Clean exit.
2026/09/03 17:45:40 wazuh-integratord: INFO: Remote integrations not configured. Clean exit.
2026/09/03 17:45:40 wazuh-agentlessd: INFO: Not configured. Exiting.
2026/09/03 17:45:40 wazuh-authd: INFO: Started (pid: 3205).
2026/09/03 17:45:40 wazuh-authd: INFO: Accepting connections on port 1515. No password required.
2026/09/03 17:45:40 wazuh-authd: INFO: Setting network timeout to 1.000000 sec.
2026/09/03 17:45:41 wazuh-db: INFO: Started (pid: 3221).
2026/09/03 17:45:42 wazuh-execd: INFO: Started (pid: 3245).
2026/09/03 17:45:43 wazuh-analysisd: INFO: Total rules enabled: '6780'
2026/09/03 17:45:43 wazuh-analysisd: INFO: White listing IP: '127.0.0.1'
2026/09/03 17:45:43 wazuh-analysisd: INFO: White listing IP: '127.0.0.53'
2026/09/03 17:45:43 wazuh-analysisd: INFO: 2 IPs in the white list for active response.
2026/09/03 17:45:43 wazuh-analysisd: INFO: White listing Hostname: 'localhost.localdomain'
2026/09/03 17:45:43 wazuh-analysisd: INFO: 1 Hostname(s) in the white list for active response.
2026/09/03 17:45:43 wazuh-analysisd: INFO: Started (pid: 3263).
2026/09/03 17:45:43 wazuh-analysisd: INFO: (7200): Logtest started
2026/09/03 17:45:44 wazuh-syscheckd: INFO: Started (pid: 3279).
2026/09/03 17:45:44 wazuh-syscheckd: INFO: (6003): Monitoring path: '/bin', with options 'size | permissions | owner | group | mtime | inode | hash_md5 | hash_sha1 | hash_sha256 | scheduled'.
2026/09/03 17:45:44 wazuh-syscheckd: INFO: (6003): Monitoring path: '/boot', with options 'size | permissions | owner | group | mtime | inode | hash_md5 | hash_sha1 | hash_sha256 | scheduled'.
2026/09/03 17:45:44 wazuh-syscheckd: INFO: (6003): Monitoring path: '/etc', with options 'size | permissions | owner | group | mtime | inode | hash_md5 | hash_sha1 | hash_sha256 | scheduled'.
2026/09/03 17:45:44 wazuh-syscheckd: INFO: (6003): Monitoring path: '/sbin', with options 'size | permissions | owner | group | mtime | inode | hash_md5 | hash_sha1 | hash_sha256 | scheduled'.
2026/09/03 17:45:44 wazuh-syscheckd: INFO: (6003): Monitoring path: '/usr/bin', with options 'size | permissions | owner | group | mtime | inode | hash_md5 | hash_sha1 | hash_sha256 | scheduled'.
2026/09/03 17:45:44 wazuh-syscheckd: INFO: (6003): Monitoring path: '/usr/sbin', with options 'size | permissions | owner | group | mtime | inode | hash_md5 | hash_sha1 | hash_sha256 | scheduled'.
2026/09/03 17:45:44 wazuh-syscheckd: INFO: (6206): Ignore 'file' entry '/etc/mtab'
2026/09/03 17:45:44 wazuh-syscheckd: INFO: (6206): Ignore 'file' entry '/etc/hosts.deny'
2026/09/03 17:45:44 wazuh-syscheckd: INFO: (6206): Ignore 'file' entry '/etc/mail/statistics'
2026/09/03 17:45:44 wazuh-syscheckd: INFO: (6206): Ignore 'file' entry '/etc/random-seed'
2026/09/03 17:45:44 wazuh-syscheckd: INFO: (6206): Ignore 'file' entry '/etc/random.seed'
2026/09/03 17:45:44 wazuh-syscheckd: INFO: (6206): Ignore 'file' entry '/etc/adjtime'
2026/09/03 17:45:44 wazuh-syscheckd: INFO: (6206): Ignore 'file' entry '/etc/httpd/logs'
2026/09/03 17:45:44 wazuh-syscheckd: INFO: (6206): Ignore 'file' entry '/etc/utmpx'
2026/09/03 17:45:44 wazuh-syscheckd: INFO: (6206): Ignore 'file' entry '/etc/wtmpx'
2026/09/03 17:45:44 wazuh-syscheckd: INFO: (6206): Ignore 'file' entry '/etc/cups/certs'
2026/09/03 17:45:44 wazuh-syscheckd: INFO: (6206): Ignore 'file' entry '/etc/dumpdates'
2026/09/03 17:45:44 wazuh-syscheckd: INFO: (6206): Ignore 'file' entry '/etc/svc/volatile'
2026/09/03 17:45:44 wazuh-syscheckd: INFO: (6207): Ignore 'file' sregex '.log$|.swp$'
2026/09/03 17:45:44 wazuh-syscheckd: INFO: (6004): No diff for file: '/etc/ssl/private.key'
2026/09/03 17:45:44 wazuh-syscheckd: INFO: (6000): Starting daemon...
2026/09/03 17:45:44 wazuh-syscheckd: INFO: (6010): File integrity monitoring scan frequency: 43200 seconds
2026/09/03 17:45:44 wazuh-syscheckd: INFO: (6008): File integrity monitoring scan started.
2026/09/03 17:45:44 rootcheck: INFO: Starting rootcheck scan.
2026/09/03 17:45:44 wazuh-remoted: INFO: Started (pid: 3293). Listening on port 1514/TCP (secure).
2026/09/03 17:45:44 wazuh-remoted: ERROR: Unable to open file 'etc/shared/bsc-hardening/__pycache__/bsc-suid-generic-hardening.cpython-312.pyc' due to [(13)-(Permission denied)].
2026/09/03 17:45:44 wazuh-remoted: ERROR: Invalid shared file 'etc/shared/bsc-hardening/__pycache__/bsc-suid-generic-hardening.cpython-312.pyc'. Ignoring it.
2026/09/03 17:45:44 wazuh-remoted: INFO: (1410): Reading authentication keys file.
2026/09/03 17:45:45 wazuh-logcollector: INFO: Monitoring output of command(360): df -P
2026/09/03 17:45:45 wazuh-logcollector: INFO: Monitoring full output of command(360): netstat -tulpn | sed 's/\([[:alnum:]]\+\)\ \+[[:digit:]]\+\ \+[[:digit:]]\+\ \+\(.*\):\([[:digit:]]*\)\ \+\([0-9\.\:\*]\+\).\+\ \([[:digit:]]*\/[[:alnum:]\-]*\).*/\1 \2 == \3 == \4 \5/' | sort -k 4 -g | sed 's/ == \(.*\) ==/:\1/' | sed 1,2d
2026/09/03 17:45:45 wazuh-logcollector: INFO: Monitoring full output of command(360): last -n 20
2026/09/03 17:45:45 wazuh-logcollector: INFO: (1950): Analyzing file: '/var/ossec/logs/active-responses.log'.
2026/09/03 17:45:45 wazuh-logcollector: INFO: (1950): Analyzing file: '/var/log/dpkg.log'.
2026/09/03 17:45:45 wazuh-logcollector: INFO: Started (pid: 3331).
2026/09/03 17:45:46 wazuh-syscheckd: INFO: (6009): File integrity monitoring scan ended.
2026/09/03 17:45:46 wazuh-syscheckd: INFO: FIM sync module started.
2026/09/03 17:45:46 wazuh-monitord: INFO: Started (pid: 3387).
2026/09/03 17:45:46 wazuh-analysisd: INFO: Connected to 'queue/alerts/ar' (active-response queue)
2026/09/03 17:45:46 wazuh-analysisd: INFO: Connected to 'queue/alerts/execq' (exec queue)
2026/09/03 17:45:46 wazuh-analysisd: INFO: EPS limit disabled
2026/09/03 17:45:47 wazuh-modulesd: INFO: Started (pid: 3526).
2026/09/03 17:45:47 wazuh-modulesd:agent-upgrade: INFO: (8153): Module Agent Upgrade started.
2026/09/03 17:45:47 wazuh-modulesd:ciscat: INFO: Module disabled. Exiting...
2026/09/03 17:45:47 wazuh-modulesd:osquery: INFO: Module disabled. Exiting...
2026/09/03 17:45:47 sca: INFO: Module started.
2026/09/03 17:45:47 sca: INFO: Loaded policy '/var/ossec/ruleset/sca/cis_ubuntu22-04.yml'
2026/09/03 17:45:47 wazuh-modulesd:task-manager: INFO: (8200): Module Task Manager started.
2026/09/03 17:45:47 sca: INFO: Starting Security Configuration Assessment scan.
2026/09/03 17:45:47 wazuh-modulesd:database: INFO: Module started.
2026/09/03 17:45:47 wazuh-modulesd:download: INFO: Module started.
2026/09/03 17:45:47 wazuh-modulesd:control: INFO: Starting control thread.
2026/09/03 17:45:47 wazuh-modulesd:syscollector: INFO: Module started.
2026/09/03 17:45:47 wazuh-modulesd:syscollector: INFO: Starting evaluation.
2026/09/03 17:45:47 sca: INFO: Skipping policy '/var/ossec/ruleset/sca/cis_ubuntu22-04.yml': 'Check Ubuntu version.'
2026/09/03 17:45:47 sca: INFO: Security Configuration Assessment scan finished. Duration: 0 seconds.
2026/09/03 17:45:47 wazuh-modulesd:syscollector: INFO: Evaluation finished.
2026/09/03 17:46:26 rootcheck: INFO: Ending rootcheck scan.
2026/09/03 18:45:48 wazuh-modulesd:syscollector: INFO: Starting evaluation.
2026/09/03 18:45:57 wazuh-modulesd:syscollector: INFO: Evaluation finished.
2026/09/03 19:45:58 wazuh-modulesd:syscollector: INFO: Starting evaluation.
2026/09/03 19:46:04 wazuh-modulesd:syscollector: INFO: Evaluation finished.
2026/09/03 20:46:05 wazuh-modulesd:syscollector: INFO: Starting evaluation.
2026/09/03 20:46:11 wazuh-modulesd:syscollector: INFO: Evaluation finished.
2026/09/03 21:46:12 wazuh-modulesd:syscollector: INFO: Starting evaluation.
2026/09/03 21:46:17 wazuh-modulesd:syscollector: INFO: Evaluation finished.
2026/09/03 22:26:50 wazuh-modulesd:syscollector: INFO: Stop received for Syscollector.
2026/09/03 22:26:50 wazuh-modulesd:syscollector: INFO: Module finished.
2026/09/03 22:26:50 wazuh-monitord: INFO: (1225): SIGNAL [(15)-(Terminated)] Received. Exit Cleaning...
2026/09/03 22:26:50 wazuh-logcollector: INFO: (1225): SIGNAL [(15)-(Terminated)] Received. Exit Cleaning...
2026/09/03 22:26:50 wazuh-remoted: INFO: (1225): SIGNAL [(15)-(Terminated)] Received. Exit Cleaning...
2026/09/03 22:26:50 wazuh-syscheckd: INFO: (1756): Shutdown received. Releasing resources.
2026/09/03 22:26:50 wazuh-syscheckd: INFO: (1225): SIGNAL [(15)-(Terminated)] Received. Exit Cleaning...
2026/09/03 22:26:50 wazuh-analysisd: INFO: (1225): SIGNAL [(15)-(Terminated)] Received. Exit Cleaning...
2026/09/03 22:26:50 wazuh-execd: INFO: (1314): Shutdown received. Deleting responses.
2026/09/03 22:26:50 wazuh-execd: INFO: (1225): SIGNAL [(15)-(Terminated)] Received. Exit Cleaning...
2026/09/03 22:26:50 wazuh-db: INFO: (1225): SIGNAL [(15)-(Terminated)] Received. Exit Cleaning...
2026/09/03 22:26:51 wazuh-authd: INFO: (1225): SIGNAL [(15)-(Terminated)] Received. Exit Cleaning...
2026/09/03 22:26:52 wazuh-authd: INFO: Exiting...
2026/09/06 19:02:16 wazuh-csyslogd: INFO: Remote syslog server not configured. Clean exit.
2026/09/06 19:02:16 wazuh-dbd: INFO: Database not configured. Clean exit.
2026/09/06 19:02:16 wazuh-integratord: INFO: Remote integrations not configured. Clean exit.
2026/09/06 19:02:16 wazuh-agentlessd: INFO: Not configured. Exiting.
2026/09/06 19:02:16 wazuh-authd: INFO: Started (pid: 1195).
2026/09/06 19:02:16 wazuh-authd: INFO: Accepting connections on port 1515. No password required.
2026/09/06 19:02:16 wazuh-authd: INFO: Setting network timeout to 1.000000 sec.
2026/09/06 19:02:17 wazuh-db: INFO: Started (pid: 1213).
2026/09/06 19:02:17 wazuh-db: INFO: Created Global database backup "backup/db/global.db-backup-2026-09-06-19:02:17.gz"
2026/09/06 19:02:17 wazuh-db: INFO: Deleted Global database backup: "backup/db/global.db-backup-2026-08-31-19:24:09.gz"
2026/09/06 19:02:18 wazuh-execd: INFO: Started (pid: 1238).
2026/09/06 19:02:19 wazuh-analysisd: INFO: Total rules enabled: '6780'
2026/09/06 19:02:19 wazuh-analysisd: INFO: White listing IP: '127.0.0.1'
2026/09/06 19:02:19 wazuh-analysisd: INFO: White listing IP: '127.0.0.53'
2026/09/06 19:02:19 wazuh-analysisd: INFO: 2 IPs in the white list for active response.
2026/09/06 19:02:19 wazuh-analysisd: INFO: White listing Hostname: 'localhost.localdomain'
2026/09/06 19:02:19 wazuh-analysisd: INFO: 1 Hostname(s) in the white list for active response.
2026/09/06 19:02:19 wazuh-analysisd: INFO: Started (pid: 1255).
2026/09/06 19:02:19 wazuh-analysisd: INFO: (7200): Logtest started
2026/09/06 19:02:20 wazuh-syscheckd: INFO: Started (pid: 1280).
2026/09/06 19:02:20 wazuh-syscheckd: INFO: (6003): Monitoring path: '/bin', with options 'size | permissions | owner | group | mtime | inode | hash_md5 | hash_sha1 | hash_sha256 | scheduled'.
2026/09/06 19:02:20 wazuh-syscheckd: INFO: (6003): Monitoring path: '/boot', with options 'size | permissions | owner | group | mtime | inode | hash_md5 | hash_sha1 | hash_sha256 | scheduled'.
2026/09/06 19:02:20 wazuh-syscheckd: INFO: (6003): Monitoring path: '/etc', with options 'size | permissions | owner | group | mtime | inode | hash_md5 | hash_sha1 | hash_sha256 | scheduled'.
2026/09/06 19:02:20 wazuh-syscheckd: INFO: (6003): Monitoring path: '/sbin', with options 'size | permissions | owner | group | mtime | inode | hash_md5 | hash_sha1 | hash_sha256 | scheduled'.
2026/09/06 19:02:20 wazuh-syscheckd: INFO: (6003): Monitoring path: '/usr/bin', with options 'size | permissions | owner | group | mtime | inode | hash_md5 | hash_sha1 | hash_sha256 | scheduled'.
2026/09/06 19:02:20 wazuh-syscheckd: INFO: (6003): Monitoring path: '/usr/sbin', with options 'size | permissions | owner | group | mtime | inode | hash_md5 | hash_sha1 | hash_sha256 | scheduled'.
2026/09/06 19:02:20 wazuh-syscheckd: INFO: (6206): Ignore 'file' entry '/etc/mtab'
2026/09/06 19:02:20 wazuh-syscheckd: INFO: (6206): Ignore 'file' entry '/etc/hosts.deny'
2026/09/06 19:02:20 wazuh-syscheckd: INFO: (6206): Ignore 'file' entry '/etc/mail/statistics'
2026/09/06 19:02:20 wazuh-syscheckd: INFO: (6206): Ignore 'file' entry '/etc/random-seed'
2026/09/06 19:02:20 wazuh-syscheckd: INFO: (6206): Ignore 'file' entry '/etc/random.seed'
2026/09/06 19:02:20 wazuh-syscheckd: INFO: (6206): Ignore 'file' entry '/etc/adjtime'
2026/09/06 19:02:20 wazuh-syscheckd: INFO: (6206): Ignore 'file' entry '/etc/httpd/logs'
2026/09/06 19:02:20 wazuh-syscheckd: INFO: (6206): Ignore 'file' entry '/etc/utmpx'
2026/09/06 19:02:20 wazuh-syscheckd: INFO: (6206): Ignore 'file' entry '/etc/wtmpx'
2026/09/06 19:02:20 wazuh-syscheckd: INFO: (6206): Ignore 'file' entry '/etc/cups/certs'
2026/09/06 19:02:20 wazuh-syscheckd: INFO: (6206): Ignore 'file' entry '/etc/dumpdates'
2026/09/06 19:02:20 wazuh-syscheckd: INFO: (6206): Ignore 'file' entry '/etc/svc/volatile'
2026/09/06 19:02:20 wazuh-syscheckd: INFO: (6207): Ignore 'file' sregex '.log$|.swp$'
2026/09/06 19:02:20 wazuh-syscheckd: INFO: (6004): No diff for file: '/etc/ssl/private.key'
2026/09/06 19:02:20 rootcheck: INFO: Starting rootcheck scan.
2026/09/06 19:02:20 wazuh-syscheckd: INFO: (6000): Starting daemon...
2026/09/06 19:02:20 wazuh-syscheckd: INFO: (6010): File integrity monitoring scan frequency: 43200 seconds
2026/09/06 19:02:20 wazuh-syscheckd: INFO: (6008): File integrity monitoring scan started.
2026/09/06 19:02:20 wazuh-remoted: INFO: Started (pid: 1293). Listening on port 1514/TCP (secure).
2026/09/06 19:02:20 wazuh-remoted: ERROR: Unable to open file 'etc/shared/bsc-hardening/__pycache__/bsc-suid-generic-hardening.cpython-312.pyc' due to [(13)-(Permission denied)].
2026/09/06 19:02:20 wazuh-remoted: ERROR: Invalid shared file 'etc/shared/bsc-hardening/__pycache__/bsc-suid-generic-hardening.cpython-312.pyc'. Ignoring it.
2026/09/06 19:02:20 wazuh-remoted: INFO: (1410): Reading authentication keys file.
2026/09/06 19:02:21 wazuh-logcollector: INFO: Monitoring output of command(360): df -P
2026/09/06 19:02:21 wazuh-logcollector: INFO: Monitoring full output of command(360): netstat -tulpn | sed 's/\([[:alnum:]]\+\)\ \+[[:digit:]]\+\ \+[[:digit:]]\+\ \+\(.*\):\([[:digit:]]*\)\ \+\([0-9\.\:\*]\+\).\+\ \([[:digit:]]*\/[[:alnum:]\-]*\).*/\1 \2 == \3 == \4 \5/' | sort -k 4 -g | sed 's/ == \(.*\) ==/:\1/' | sed 1,2d
2026/09/06 19:02:21 wazuh-logcollector: INFO: Monitoring full output of command(360): last -n 20
2026/09/06 19:02:21 wazuh-logcollector: INFO: (1950): Analyzing file: '/var/ossec/logs/active-responses.log'.
2026/09/06 19:02:21 wazuh-logcollector: INFO: (1950): Analyzing file: '/var/log/dpkg.log'.
2026/09/06 19:02:21 wazuh-logcollector: INFO: Started (pid: 1350).
2026/09/06 19:02:22 wazuh-monitord: INFO: Started (pid: 1424).
2026/09/06 19:02:22 wazuh-analysisd: INFO: Connected to 'queue/alerts/ar' (active-response queue)
2026/09/06 19:02:22 wazuh-analysisd: INFO: Connected to 'queue/alerts/execq' (exec queue)
2026/09/06 19:02:22 wazuh-analysisd: INFO: EPS limit disabled
2026/09/06 19:02:22 wazuh-syscheckd: INFO: (6009): File integrity monitoring scan ended.
2026/09/06 19:02:22 wazuh-syscheckd: INFO: FIM sync module started.
2026/09/06 19:02:23 wazuh-modulesd: INFO: Started (pid: 1540).
2026/09/06 19:02:23 wazuh-modulesd:ciscat: INFO: Module disabled. Exiting...
2026/09/06 19:02:23 wazuh-modulesd:osquery: INFO: Module disabled. Exiting...
2026/09/06 19:02:23 sca: INFO: Module started.
2026/09/06 19:02:23 wazuh-modulesd:agent-upgrade: INFO: (8153): Module Agent Upgrade started.
2026/09/06 19:02:23 sca: INFO: Loaded policy '/var/ossec/ruleset/sca/cis_ubuntu22-04.yml'
2026/09/06 19:02:23 wazuh-modulesd:database: INFO: Module started.
2026/09/06 19:02:23 wazuh-modulesd:task-manager: INFO: (8200): Module Task Manager started.
2026/09/06 19:02:23 sca: INFO: Starting Security Configuration Assessment scan.
2026/09/06 19:02:23 wazuh-modulesd:control: INFO: Starting control thread.
2026/09/06 19:02:23 wazuh-modulesd:download: INFO: Module started.
2026/09/06 19:02:23 wazuh-modulesd:syscollector: INFO: Module started.
2026/09/06 19:02:23 wazuh-modulesd:syscollector: INFO: Starting evaluation.
2026/09/06 19:02:23 sca: INFO: Skipping policy '/var/ossec/ruleset/sca/cis_ubuntu22-04.yml': 'Check Ubuntu version.'
2026/09/06 19:02:23 sca: INFO: Security Configuration Assessment scan finished. Duration: 0 seconds.
2026/09/06 19:02:23 wazuh-modulesd:syscollector: INFO: Evaluation finished.
2026/09/06 19:03:13 rootcheck: INFO: Ending rootcheck scan.
2026/09/06 20:02:24 wazuh-modulesd:syscollector: INFO: Starting evaluation.
2026/09/06 20:02:38 wazuh-modulesd:syscollector: INFO: Evaluation finished.
2026/09/06 20:39:47 wazuh-modulesd:syscollector: INFO: Stop received for Syscollector.
2026/09/06 20:39:47 wazuh-modulesd:syscollector: INFO: Module finished.
2026/09/06 20:39:47 wazuh-monitord: INFO: (1225): SIGNAL [(15)-(Terminated)] Received. Exit Cleaning...
2026/09/06 20:39:47 wazuh-logcollector: INFO: (1225): SIGNAL [(15)-(Terminated)] Received. Exit Cleaning...
2026/09/06 20:39:47 wazuh-remoted: INFO: (1225): SIGNAL [(15)-(Terminated)] Received. Exit Cleaning...
2026/09/06 20:39:47 wazuh-syscheckd: INFO: (1756): Shutdown received. Releasing resources.
2026/09/06 20:39:47 wazuh-syscheckd: INFO: (1225): SIGNAL [(15)-(Terminated)] Received. Exit Cleaning...
2026/09/06 20:39:47 wazuh-analysisd: INFO: (1225): SIGNAL [(15)-(Terminated)] Received. Exit Cleaning...
2026/09/06 20:39:48 wazuh-execd: INFO: (1314): Shutdown received. Deleting responses.
2026/09/06 20:39:48 wazuh-execd: INFO: (1225): SIGNAL [(15)-(Terminated)] Received. Exit Cleaning...
2026/09/06 20:39:48 wazuh-db: INFO: (1225): SIGNAL [(15)-(Terminated)] Received. Exit Cleaning...
2026/09/06 20:39:52 wazuh-authd: INFO: (1225): SIGNAL [(15)-(Terminated)] Received. Exit Cleaning...
2026/09/06 20:39:57 wazuh-authd: INFO: Exiting...
2026/09/16 20:16:53 wazuh-csyslogd: INFO: Remote syslog server not configured. Clean exit.
2026/09/16 20:16:53 wazuh-dbd: INFO: Database not configured. Clean exit.
2026/09/16 20:16:53 wazuh-integratord: INFO: Remote integrations not configured. Clean exit.
2026/09/16 20:16:53 wazuh-agentlessd: INFO: Not configured. Exiting.
2026/09/16 20:16:53 wazuh-authd: INFO: Started (pid: 1189).
2026/09/16 20:16:53 wazuh-authd: INFO: Accepting connections on port 1515. No password required.
2026/09/16 20:16:53 wazuh-authd: INFO: Setting network timeout to 1.000000 sec.
2026/09/16 20:16:53 wazuh-db: INFO: Started (pid: 1204).
2026/09/16 20:16:54 wazuh-db: INFO: Created Global database backup "backup/db/global.db-backup-2026-09-16-20:16:54.gz"
2026/09/16 20:16:54 wazuh-db: INFO: Deleted Global database backup: "backup/db/global.db-backup-2026-09-01-19:24:09.gz"
2026/09/16 20:16:54 wazuh-execd: INFO: Started (pid: 1229).
2026/09/16 20:16:56 wazuh-analysisd: INFO: Total rules enabled: '6780'
2026/09/16 20:16:56 wazuh-analysisd: INFO: White listing IP: '127.0.0.1'
2026/09/16 20:16:56 wazuh-analysisd: INFO: White listing IP: '127.0.0.53'
2026/09/16 20:16:56 wazuh-analysisd: INFO: 2 IPs in the white list for active response.
2026/09/16 20:16:56 wazuh-analysisd: INFO: White listing Hostname: 'localhost.localdomain'
2026/09/16 20:16:56 wazuh-analysisd: INFO: 1 Hostname(s) in the white list for active response.
2026/09/16 20:16:56 wazuh-analysisd: INFO: Started (pid: 1247).
2026/09/16 20:16:56 wazuh-analysisd: INFO: (7200): Logtest started
2026/09/16 20:16:56 wazuh-syscheckd: INFO: Started (pid: 1271).
2026/09/16 20:16:56 wazuh-syscheckd: INFO: (6003): Monitoring path: '/bin', with options 'size | permissions | owner | group | mtime | inode | hash_md5 | hash_sha1 | hash_sha256 | scheduled'.
2026/09/16 20:16:56 wazuh-syscheckd: INFO: (6003): Monitoring path: '/boot', with options 'size | permissions | owner | group | mtime | inode | hash_md5 | hash_sha1 | hash_sha256 | scheduled'.
2026/09/16 20:16:56 wazuh-syscheckd: INFO: (6003): Monitoring path: '/etc', with options 'size | permissions | owner | group | mtime | inode | hash_md5 | hash_sha1 | hash_sha256 | scheduled'.
2026/09/16 20:16:56 wazuh-syscheckd: INFO: (6003): Monitoring path: '/sbin', with options 'size | permissions | owner | group | mtime | inode | hash_md5 | hash_sha1 | hash_sha256 | scheduled'.
2026/09/16 20:16:56 wazuh-syscheckd: INFO: (6003): Monitoring path: '/usr/bin', with options 'size | permissions | owner | group | mtime | inode | hash_md5 | hash_sha1 | hash_sha256 | scheduled'.
2026/09/16 20:16:56 wazuh-syscheckd: INFO: (6003): Monitoring path: '/usr/sbin', with options 'size | permissions | owner | group | mtime | inode | hash_md5 | hash_sha1 | hash_sha256 | scheduled'.
2026/09/16 20:16:56 wazuh-syscheckd: INFO: (6206): Ignore 'file' entry '/etc/mtab'
2026/09/16 20:16:56 wazuh-syscheckd: INFO: (6206): Ignore 'file' entry '/etc/hosts.deny'
2026/09/16 20:16:56 wazuh-syscheckd: INFO: (6206): Ignore 'file' entry '/etc/mail/statistics'
2026/09/16 20:16:56 wazuh-syscheckd: INFO: (6206): Ignore 'file' entry '/etc/random-seed'
2026/09/16 20:16:56 wazuh-syscheckd: INFO: (6206): Ignore 'file' entry '/etc/random.seed'
2026/09/16 20:16:56 wazuh-syscheckd: INFO: (6206): Ignore 'file' entry '/etc/adjtime'
2026/09/16 20:16:56 wazuh-syscheckd: INFO: (6206): Ignore 'file' entry '/etc/httpd/logs'
2026/09/16 20:16:56 wazuh-syscheckd: INFO: (6206): Ignore 'file' entry '/etc/utmpx'
2026/09/16 20:16:56 wazuh-syscheckd: INFO: (6206): Ignore 'file' entry '/etc/wtmpx'
2026/09/16 20:16:56 wazuh-syscheckd: INFO: (6206): Ignore 'file' entry '/etc/cups/certs'
2026/09/16 20:16:56 wazuh-syscheckd: INFO: (6206): Ignore 'file' entry '/etc/dumpdates'
2026/09/16 20:16:56 wazuh-syscheckd: INFO: (6206): Ignore 'file' entry '/etc/svc/volatile'
2026/09/16 20:16:56 wazuh-syscheckd: INFO: (6207): Ignore 'file' sregex '.log$|.swp$'
2026/09/16 20:16:56 wazuh-syscheckd: INFO: (6004): No diff for file: '/etc/ssl/private.key'
2026/09/16 20:16:56 rootcheck: INFO: Starting rootcheck scan.
2026/09/16 20:16:56 wazuh-syscheckd: INFO: (6000): Starting daemon...
2026/09/16 20:16:56 wazuh-syscheckd: INFO: (6010): File integrity monitoring scan frequency: 43200 seconds
2026/09/16 20:16:56 wazuh-syscheckd: INFO: (6008): File integrity monitoring scan started.
2026/09/16 20:16:56 wazuh-remoted: INFO: Started (pid: 1285). Listening on port 1514/TCP (secure).
2026/09/16 20:16:56 wazuh-remoted: ERROR: Unable to open file 'etc/shared/bsc-hardening/__pycache__/bsc-suid-generic-hardening.cpython-312.pyc' due to [(13)-(Permission denied)].
2026/09/16 20:16:56 wazuh-remoted: ERROR: Invalid shared file 'etc/shared/bsc-hardening/__pycache__/bsc-suid-generic-hardening.cpython-312.pyc'. Ignoring it.
2026/09/16 20:16:56 wazuh-remoted: INFO: (1410): Reading authentication keys file.
2026/09/16 20:16:57 wazuh-logcollector: INFO: Monitoring output of command(360): df -P
2026/09/16 20:16:57 wazuh-logcollector: INFO: Monitoring full output of command(360): netstat -tulpn | sed 's/\([[:alnum:]]\+\)\ \+[[:digit:]]\+\ \+[[:digit:]]\+\ \+\(.*\):\([[:digit:]]*\)\ \+\([0-9\.\:\*]\+\).\+\ \([[:digit:]]*\/[[:alnum:]\-]*\).*/\1 \2 == \3 == \4 \5/' | sort -k 4 -g | sed 's/ == \(.*\) ==/:\1/' | sed 1,2d
2026/09/16 20:16:57 wazuh-logcollector: INFO: Monitoring full output of command(360): last -n 20
2026/09/16 20:16:57 wazuh-logcollector: INFO: (1950): Analyzing file: '/var/ossec/logs/active-responses.log'.
2026/09/16 20:16:57 wazuh-logcollector: INFO: (1950): Analyzing file: '/var/log/dpkg.log'.
2026/09/16 20:16:57 wazuh-logcollector: INFO: Started (pid: 1318).
2026/09/16 20:16:58 wazuh-monitord: INFO: Started (pid: 1339).
2026/09/16 20:16:59 wazuh-syscheckd: INFO: (6009): File integrity monitoring scan ended.
2026/09/16 20:16:59 wazuh-syscheckd: INFO: FIM sync module started.
2026/09/16 20:16:59 wazuh-analysisd: INFO: Connected to 'queue/alerts/ar' (active-response queue)
2026/09/16 20:16:59 wazuh-analysisd: INFO: Connected to 'queue/alerts/execq' (exec queue)
2026/09/16 20:16:59 wazuh-analysisd: INFO: EPS limit disabled
2026/09/16 20:16:59 wazuh-modulesd: INFO: Started (pid: 1475).
2026/09/16 20:16:59 wazuh-modulesd:ciscat: INFO: Module disabled. Exiting...
2026/09/16 20:16:59 wazuh-modulesd:osquery: INFO: Module disabled. Exiting...
2026/09/16 20:16:59 sca: INFO: Module started.
2026/09/16 20:16:59 sca: INFO: Loaded policy '/var/ossec/ruleset/sca/cis_ubuntu22-04.yml'
2026/09/16 20:16:59 wazuh-modulesd:agent-upgrade: INFO: (8153): Module Agent Upgrade started.
2026/09/16 20:16:59 wazuh-modulesd:database: INFO: Module started.
2026/09/16 20:16:59 sca: INFO: Starting Security Configuration Assessment scan.
2026/09/16 20:16:59 wazuh-modulesd:download: INFO: Module started.
2026/09/16 20:16:59 wazuh-modulesd:task-manager: INFO: (8200): Module Task Manager started.
2026/09/16 20:16:59 wazuh-modulesd:control: INFO: Starting control thread.
2026/09/16 20:16:59 wazuh-modulesd:syscollector: INFO: Module started.
2026/09/16 20:16:59 wazuh-modulesd:syscollector: INFO: Starting evaluation.
2026/09/16 20:16:59 sca: INFO: Skipping policy '/var/ossec/ruleset/sca/cis_ubuntu22-04.yml': 'Check Ubuntu version.'
2026/09/16 20:17:00 sca: INFO: Security Configuration Assessment scan finished. Duration: 1 seconds.
2026/09/16 20:17:00 wazuh-modulesd:syscollector: INFO: Evaluation finished.
2026/09/16 20:17:50 rootcheck: INFO: Ending rootcheck scan.
2026/09/16 21:17:01 wazuh-modulesd:syscollector: INFO: Starting evaluation.
2026/09/16 21:17:23 wazuh-modulesd:syscollector: INFO: Evaluation finished.
2026/09/16 21:45:12 wazuh-modulesd:syscollector: INFO: Stop received for Syscollector.
2026/09/16 21:45:12 wazuh-modulesd:syscollector: INFO: Module finished.
2026/09/16 21:45:12 wazuh-monitord: INFO: (1225): SIGNAL [(15)-(Terminated)] Received. Exit Cleaning...
2026/09/16 21:45:12 wazuh-logcollector: INFO: (1225): SIGNAL [(15)-(Terminated)] Received. Exit Cleaning...
2026/09/16 21:45:12 wazuh-remoted: INFO: (1225): SIGNAL [(15)-(Terminated)] Received. Exit Cleaning...
2026/09/16 21:45:12 wazuh-syscheckd: INFO: (1756): Shutdown received. Releasing resources.
2026/09/16 21:45:12 wazuh-syscheckd: INFO: (1225): SIGNAL [(15)-(Terminated)] Received. Exit Cleaning...
2026/09/16 21:45:13 wazuh-analysisd: INFO: (1225): SIGNAL [(15)-(Terminated)] Received. Exit Cleaning...
2026/09/16 21:45:13 wazuh-execd: INFO: (1314): Shutdown received. Deleting responses.
2026/09/16 21:45:13 wazuh-execd: INFO: (1225): SIGNAL [(15)-(Terminated)] Received. Exit Cleaning...
2026/09/16 21:45:14 wazuh-db: INFO: (1225): SIGNAL [(15)-(Terminated)] Received. Exit Cleaning...
2026/09/16 21:45:16 wazuh-authd: INFO: (1225): SIGNAL [(15)-(Terminated)] Received. Exit Cleaning...
2026/09/16 21:45:19 wazuh-authd: INFO: Exiting...
2026/09/19 13:54:57 wazuh-csyslogd: INFO: Remote syslog server not configured. Clean exit.
2026/09/19 13:54:57 wazuh-dbd: INFO: Database not configured. Clean exit.
2026/09/19 13:54:57 wazuh-integratord: INFO: Remote integrations not configured. Clean exit.
2026/09/19 13:54:57 wazuh-agentlessd: INFO: Not configured. Exiting.
2026/09/19 13:54:57 wazuh-authd: INFO: Started (pid: 1206).
2026/09/19 13:54:57 wazuh-authd: INFO: Accepting connections on port 1515. No password required.
2026/09/19 13:54:57 wazuh-authd: INFO: Setting network timeout to 1.000000 sec.
2026/09/19 13:54:58 wazuh-db: INFO: Started (pid: 1226).
2026/09/19 13:54:59 wazuh-db: INFO: Created Global database backup "backup/db/global.db-backup-2026-09-19-13:54:59.gz"
2026/09/19 13:54:59 wazuh-db: INFO: Deleted Global database backup: "backup/db/global.db-backup-2026-09-03-17:34:25.gz"
2026/09/19 13:54:59 wazuh-execd: INFO: Started (pid: 1252).
2026/09/19 13:55:01 wazuh-analysisd: INFO: Total rules enabled: '6780'
2026/09/19 13:55:01 wazuh-analysisd: INFO: White listing IP: '127.0.0.1'
2026/09/19 13:55:01 wazuh-analysisd: INFO: White listing IP: '127.0.0.53'
2026/09/19 13:55:01 wazuh-analysisd: INFO: 2 IPs in the white list for active response.
2026/09/19 13:55:01 wazuh-analysisd: INFO: White listing Hostname: 'localhost.localdomain'
2026/09/19 13:55:01 wazuh-analysisd: INFO: 1 Hostname(s) in the white list for active response.
2026/09/19 13:55:01 wazuh-analysisd: INFO: Started (pid: 1273).
2026/09/19 13:55:01 wazuh-analysisd: INFO: (7200): Logtest started
2026/09/19 13:55:01 wazuh-syscheckd: INFO: Started (pid: 1295).
2026/09/19 13:55:01 wazuh-syscheckd: INFO: (6003): Monitoring path: '/bin', with options 'size | permissions | owner | group | mtime | inode | hash_md5 | hash_sha1 | hash_sha256 | scheduled'.
2026/09/19 13:55:01 wazuh-syscheckd: INFO: (6003): Monitoring path: '/boot', with options 'size | permissions | owner | group | mtime | inode | hash_md5 | hash_sha1 | hash_sha256 | scheduled'.
2026/09/19 13:55:01 wazuh-syscheckd: INFO: (6003): Monitoring path: '/etc', with options 'size | permissions | owner | group | mtime | inode | hash_md5 | hash_sha1 | hash_sha256 | scheduled'.
2026/09/19 13:55:01 wazuh-syscheckd: INFO: (6003): Monitoring path: '/sbin', with options 'size | permissions | owner | group | mtime | inode | hash_md5 | hash_sha1 | hash_sha256 | scheduled'.
2026/09/19 13:55:01 wazuh-syscheckd: INFO: (6003): Monitoring path: '/usr/bin', with options 'size | permissions | owner | group | mtime | inode | hash_md5 | hash_sha1 | hash_sha256 | scheduled'.
2026/09/19 13:55:01 wazuh-syscheckd: INFO: (6003): Monitoring path: '/usr/sbin', with options 'size | permissions | owner | group | mtime | inode | hash_md5 | hash_sha1 | hash_sha256 | scheduled'.
2026/09/19 13:55:01 wazuh-syscheckd: INFO: (6206): Ignore 'file' entry '/etc/mtab'
2026/09/19 13:55:01 wazuh-syscheckd: INFO: (6206): Ignore 'file' entry '/etc/hosts.deny'
2026/09/19 13:55:01 wazuh-syscheckd: INFO: (6206): Ignore 'file' entry '/etc/mail/statistics'
2026/09/19 13:55:01 wazuh-syscheckd: INFO: (6206): Ignore 'file' entry '/etc/random-seed'
2026/09/19 13:55:01 wazuh-syscheckd: INFO: (6206): Ignore 'file' entry '/etc/random.seed'
2026/09/19 13:55:01 wazuh-syscheckd: INFO: (6206): Ignore 'file' entry '/etc/adjtime'
2026/09/19 13:55:01 wazuh-syscheckd: INFO: (6206): Ignore 'file' entry '/etc/httpd/logs'
2026/09/19 13:55:01 wazuh-syscheckd: INFO: (6206): Ignore 'file' entry '/etc/utmpx'
2026/09/19 13:55:01 wazuh-syscheckd: INFO: (6206): Ignore 'file' entry '/etc/wtmpx'
2026/09/19 13:55:01 wazuh-syscheckd: INFO: (6206): Ignore 'file' entry '/etc/cups/certs'
2026/09/19 13:55:01 wazuh-syscheckd: INFO: (6206): Ignore 'file' entry '/etc/dumpdates'
2026/09/19 13:55:01 wazuh-syscheckd: INFO: (6206): Ignore 'file' entry '/etc/svc/volatile'
2026/09/19 13:55:01 wazuh-syscheckd: INFO: (6207): Ignore 'file' sregex '.log$|.swp$'
2026/09/19 13:55:01 wazuh-syscheckd: INFO: (6004): No diff for file: '/etc/ssl/private.key'
2026/09/19 13:55:01 rootcheck: INFO: Starting rootcheck scan.
2026/09/19 13:55:01 wazuh-syscheckd: INFO: (6000): Starting daemon...
2026/09/19 13:55:01 wazuh-syscheckd: INFO: (6010): File integrity monitoring scan frequency: 43200 seconds
2026/09/19 13:55:01 wazuh-syscheckd: INFO: (6008): File integrity monitoring scan started.
2026/09/19 13:55:02 wazuh-remoted: INFO: Started (pid: 1309). Listening on port 1514/TCP (secure).
2026/09/19 13:55:02 wazuh-remoted: ERROR: Unable to open file 'etc/shared/bsc-hardening/__pycache__/bsc-suid-generic-hardening.cpython-312.pyc' due to [(13)-(Permission denied)].
2026/09/19 13:55:02 wazuh-remoted: ERROR: Invalid shared file 'etc/shared/bsc-hardening/__pycache__/bsc-suid-generic-hardening.cpython-312.pyc'. Ignoring it.
2026/09/19 13:55:02 wazuh-remoted: INFO: (1410): Reading authentication keys file.
2026/09/19 13:55:03 wazuh-logcollector: INFO: Monitoring output of command(360): df -P
2026/09/19 13:55:03 wazuh-logcollector: INFO: Monitoring full output of command(360): netstat -tulpn | sed 's/\([[:alnum:]]\+\)\ \+[[:digit:]]\+\ \+[[:digit:]]\+\ \+\(.*\):\([[:digit:]]*\)\ \+\([0-9\.\:\*]\+\).\+\ \([[:digit:]]*\/[[:alnum:]\-]*\).*/\1 \2 == \3 == \4 \5/' | sort -k 4 -g | sed 's/ == \(.*\) ==/:\1/' | sed 1,2d
2026/09/19 13:55:03 wazuh-logcollector: INFO: Monitoring full output of command(360): last -n 20
2026/09/19 13:55:03 wazuh-logcollector: INFO: (1950): Analyzing file: '/var/ossec/logs/active-responses.log'.
2026/09/19 13:55:03 wazuh-logcollector: INFO: (1950): Analyzing file: '/var/log/dpkg.log'.
2026/09/19 13:55:03 wazuh-logcollector: INFO: Started (pid: 1343).
2026/09/19 13:55:04 wazuh-monitord: INFO: Started (pid: 1365).
2026/09/19 13:55:04 wazuh-syscheckd: INFO: (6009): File integrity monitoring scan ended.
2026/09/19 13:55:04 wazuh-syscheckd: INFO: FIM sync module started.
2026/09/19 13:55:04 wazuh-analysisd: INFO: Connected to 'queue/alerts/ar' (active-response queue)
2026/09/19 13:55:04 wazuh-analysisd: INFO: Connected to 'queue/alerts/execq' (exec queue)
2026/09/19 13:55:04 wazuh-analysisd: INFO: EPS limit disabled
2026/09/19 13:55:05 wazuh-modulesd: INFO: Started (pid: 1551).
2026/09/19 13:55:05 wazuh-modulesd:ciscat: INFO: Module disabled. Exiting...
2026/09/19 13:55:05 wazuh-modulesd:osquery: INFO: Module disabled. Exiting...
2026/09/19 13:55:05 wazuh-modulesd:agent-upgrade: INFO: (8153): Module Agent Upgrade started.
2026/09/19 13:55:05 sca: INFO: Module started.
2026/09/19 13:55:05 sca: INFO: Loaded policy '/var/ossec/ruleset/sca/cis_ubuntu22-04.yml'
2026/09/19 13:55:05 wazuh-modulesd:task-manager: INFO: (8200): Module Task Manager started.
2026/09/19 13:55:05 sca: INFO: Starting Security Configuration Assessment scan.
2026/09/19 13:55:05 wazuh-modulesd:download: INFO: Module started.
2026/09/19 13:55:05 wazuh-modulesd:control: INFO: Starting control thread.
2026/09/19 13:55:05 wazuh-modulesd:database: INFO: Module started.
2026/09/19 13:55:05 wazuh-modulesd:syscollector: INFO: Module started.
2026/09/19 13:55:05 wazuh-modulesd:syscollector: INFO: Starting evaluation.
2026/09/19 13:55:05 sca: INFO: Skipping policy '/var/ossec/ruleset/sca/cis_ubuntu22-04.yml': 'Check Ubuntu version.'
2026/09/19 13:55:05 sca: INFO: Security Configuration Assessment scan finished. Duration: 0 seconds.
2026/09/19 13:55:05 wazuh-modulesd:syscollector: INFO: Evaluation finished.
2026/09/19 13:55:56 rootcheck: INFO: Ending rootcheck scan.
2026/09/19 13:56:44 wazuh-authd: INFO: Agent '001' (victim) deleted (requested locally)
2026/09/19 13:56:52 wazuh-remoted: INFO: (1409): Authentication file changed. Updating.
2026/09/19 13:56:52 wazuh-remoted: INFO: (1410): Reading authentication keys file.
2026/09/19 13:56:54 wazuh-authd: INFO: Agent '002' (noharded) deleted (requested locally)
2026/09/19 13:57:02 wazuh-remoted: INFO: (1409): Authentication file changed. Updating.
2026/09/19 13:57:02 wazuh-remoted: INFO: (1410): Reading authentication keys file.
2026/09/19 13:57:14 wazuh-modulesd:syscollector: INFO: Stop received for Syscollector.
2026/09/19 13:57:14 wazuh-modulesd:syscollector: INFO: Module finished.
2026/09/19 13:57:15 wazuh-monitord: INFO: (1225): SIGNAL [(15)-(Terminated)] Received. Exit Cleaning...
2026/09/19 13:57:15 wazuh-logcollector: INFO: (1225): SIGNAL [(15)-(Terminated)] Received. Exit Cleaning...
2026/09/19 13:57:15 wazuh-remoted: INFO: (1225): SIGNAL [(15)-(Terminated)] Received. Exit Cleaning...
2026/09/19 13:57:16 wazuh-syscheckd: INFO: (1756): Shutdown received. Releasing resources.
2026/09/19 13:57:16 wazuh-syscheckd: INFO: (1225): SIGNAL [(15)-(Terminated)] Received. Exit Cleaning...
2026/09/19 13:57:16 wazuh-analysisd: INFO: (1225): SIGNAL [(15)-(Terminated)] Received. Exit Cleaning...
2026/09/19 13:57:16 wazuh-execd: INFO: (1314): Shutdown received. Deleting responses.
2026/09/19 13:57:16 wazuh-execd: INFO: (1225): SIGNAL [(15)-(Terminated)] Received. Exit Cleaning...
2026/09/19 13:57:16 wazuh-db: INFO: (1225): SIGNAL [(15)-(Terminated)] Received. Exit Cleaning...
2026/09/19 13:57:18 wazuh-authd: INFO: (1225): SIGNAL [(15)-(Terminated)] Received. Exit Cleaning...
2026/09/19 13:57:19 wazuh-authd: INFO: Exiting...
2026/09/19 13:57:22 wazuh-csyslogd: INFO: Remote syslog server not configured. Clean exit.
2026/09/19 13:57:22 wazuh-dbd: INFO: Database not configured. Clean exit.
2026/09/19 13:57:22 wazuh-integratord: INFO: Remote integrations not configured. Clean exit.
2026/09/19 13:57:22 wazuh-agentlessd: INFO: Not configured. Exiting.
2026/09/19 13:57:22 wazuh-authd: INFO: Started (pid: 3062).
2026/09/19 13:57:22 wazuh-authd: INFO: Accepting connections on port 1515. No password required.
2026/09/19 13:57:22 wazuh-authd: INFO: Setting network timeout to 1.000000 sec.
2026/09/19 13:57:23 wazuh-db: INFO: Started (pid: 3078).
2026/09/19 13:57:24 wazuh-execd: INFO: Started (pid: 3102).
2026/09/19 13:57:25 wazuh-analysisd: INFO: Total rules enabled: '6780'
2026/09/19 13:57:25 wazuh-analysisd: INFO: White listing IP: '127.0.0.1'
2026/09/19 13:57:25 wazuh-analysisd: INFO: White listing IP: '127.0.0.53'
2026/09/19 13:57:25 wazuh-analysisd: INFO: 2 IPs in the white list for active response.
2026/09/19 13:57:25 wazuh-analysisd: INFO: White listing Hostname: 'localhost.localdomain'
2026/09/19 13:57:25 wazuh-analysisd: INFO: 1 Hostname(s) in the white list for active response.
2026/09/19 13:57:25 wazuh-analysisd: INFO: Started (pid: 3120).
2026/09/19 13:57:25 wazuh-analysisd: INFO: (7200): Logtest started
2026/09/19 13:57:26 wazuh-syscheckd: INFO: Started (pid: 3136).
2026/09/19 13:57:26 wazuh-syscheckd: INFO: (6003): Monitoring path: '/bin', with options 'size | permissions | owner | group | mtime | inode | hash_md5 | hash_sha1 | hash_sha256 | scheduled'.
2026/09/19 13:57:26 wazuh-syscheckd: INFO: (6003): Monitoring path: '/boot', with options 'size | permissions | owner | group | mtime | inode | hash_md5 | hash_sha1 | hash_sha256 | scheduled'.
2026/09/19 13:57:26 wazuh-syscheckd: INFO: (6003): Monitoring path: '/etc', with options 'size | permissions | owner | group | mtime | inode | hash_md5 | hash_sha1 | hash_sha256 | scheduled'.
2026/09/19 13:57:26 wazuh-syscheckd: INFO: (6003): Monitoring path: '/sbin', with options 'size | permissions | owner | group | mtime | inode | hash_md5 | hash_sha1 | hash_sha256 | scheduled'.
2026/09/19 13:57:26 wazuh-syscheckd: INFO: (6003): Monitoring path: '/usr/bin', with options 'size | permissions | owner | group | mtime | inode | hash_md5 | hash_sha1 | hash_sha256 | scheduled'.
2026/09/19 13:57:26 wazuh-syscheckd: INFO: (6003): Monitoring path: '/usr/sbin', with options 'size | permissions | owner | group | mtime | inode | hash_md5 | hash_sha1 | hash_sha256 | scheduled'.
2026/09/19 13:57:26 wazuh-syscheckd: INFO: (6206): Ignore 'file' entry '/etc/mtab'
2026/09/19 13:57:26 wazuh-syscheckd: INFO: (6206): Ignore 'file' entry '/etc/hosts.deny'
2026/09/19 13:57:26 wazuh-syscheckd: INFO: (6206): Ignore 'file' entry '/etc/mail/statistics'
2026/09/19 13:57:26 wazuh-syscheckd: INFO: (6206): Ignore 'file' entry '/etc/random-seed'
2026/09/19 13:57:26 wazuh-syscheckd: INFO: (6206): Ignore 'file' entry '/etc/random.seed'
2026/09/19 13:57:26 wazuh-syscheckd: INFO: (6206): Ignore 'file' entry '/etc/adjtime'
2026/09/19 13:57:26 wazuh-syscheckd: INFO: (6206): Ignore 'file' entry '/etc/httpd/logs'
2026/09/19 13:57:26 wazuh-syscheckd: INFO: (6206): Ignore 'file' entry '/etc/utmpx'
2026/09/19 13:57:26 wazuh-syscheckd: INFO: (6206): Ignore 'file' entry '/etc/wtmpx'
2026/09/19 13:57:26 wazuh-syscheckd: INFO: (6206): Ignore 'file' entry '/etc/cups/certs'
2026/09/19 13:57:26 wazuh-syscheckd: INFO: (6206): Ignore 'file' entry '/etc/dumpdates'
2026/09/19 13:57:26 wazuh-syscheckd: INFO: (6206): Ignore 'file' entry '/etc/svc/volatile'
2026/09/19 13:57:26 wazuh-syscheckd: INFO: (6207): Ignore 'file' sregex '.log$|.swp$'
2026/09/19 13:57:26 wazuh-syscheckd: INFO: (6004): No diff for file: '/etc/ssl/private.key'
2026/09/19 13:57:26 wazuh-syscheckd: INFO: (6000): Starting daemon...
2026/09/19 13:57:26 wazuh-syscheckd: INFO: (6010): File integrity monitoring scan frequency: 43200 seconds
2026/09/19 13:57:26 wazuh-syscheckd: INFO: (6008): File integrity monitoring scan started.
2026/09/19 13:57:26 rootcheck: INFO: Starting rootcheck scan.
2026/09/19 13:57:27 wazuh-remoted: INFO: Started (pid: 3157). Listening on port 1514/TCP (secure).
2026/09/19 13:57:27 wazuh-remoted: ERROR: Unable to open file 'etc/shared/bsc-hardening/__pycache__/bsc-suid-generic-hardening.cpython-312.pyc' due to [(13)-(Permission denied)].
2026/09/19 13:57:27 wazuh-remoted: ERROR: Invalid shared file 'etc/shared/bsc-hardening/__pycache__/bsc-suid-generic-hardening.cpython-312.pyc'. Ignoring it.
2026/09/19 13:57:27 wazuh-remoted: INFO: (1410): Reading authentication keys file.
2026/09/19 13:57:28 wazuh-syscheckd: INFO: (6009): File integrity monitoring scan ended.
2026/09/19 13:57:28 wazuh-syscheckd: INFO: FIM sync module started.
2026/09/19 13:57:28 wazuh-logcollector: INFO: Monitoring output of command(360): df -P
2026/09/19 13:57:28 wazuh-logcollector: INFO: Monitoring full output of command(360): netstat -tulpn | sed 's/\([[:alnum:]]\+\)\ \+[[:digit:]]\+\ \+[[:digit:]]\+\ \+\(.*\):\([[:digit:]]*\)\ \+\([0-9\.\:\*]\+\).\+\ \([[:digit:]]*\/[[:alnum:]\-]*\).*/\1 \2 == \3 == \4 \5/' | sort -k 4 -g | sed 's/ == \(.*\) ==/:\1/' | sed 1,2d
2026/09/19 13:57:28 wazuh-logcollector: INFO: Monitoring full output of command(360): last -n 20
2026/09/19 13:57:28 wazuh-logcollector: INFO: (1950): Analyzing file: '/var/ossec/logs/active-responses.log'.
2026/09/19 13:57:28 wazuh-logcollector: INFO: (1950): Analyzing file: '/var/log/dpkg.log'.
2026/09/19 13:57:28 wazuh-logcollector: INFO: Started (pid: 3212).
2026/09/19 13:57:28 wazuh-analysisd: INFO: Connected to 'queue/alerts/ar' (active-response queue)
2026/09/19 13:57:28 wazuh-analysisd: INFO: Connected to 'queue/alerts/execq' (exec queue)
2026/09/19 13:57:28 wazuh-analysisd: INFO: EPS limit disabled
2026/09/19 13:57:30 wazuh-monitord: INFO: Started (pid: 3336).
2026/09/19 13:57:31 wazuh-modulesd: INFO: Started (pid: 3388).
2026/09/19 13:57:31 wazuh-modulesd:agent-upgrade: INFO: (8153): Module Agent Upgrade started.
2026/09/19 13:57:31 wazuh-modulesd:ciscat: INFO: Module disabled. Exiting...
2026/09/19 13:57:31 wazuh-modulesd:osquery: INFO: Module disabled. Exiting...
2026/09/19 13:57:31 wazuh-modulesd:task-manager: INFO: (8200): Module Task Manager started.
2026/09/19 13:57:31 sca: INFO: Module started.
2026/09/19 13:57:31 sca: INFO: Loaded policy '/var/ossec/ruleset/sca/cis_ubuntu22-04.yml'
2026/09/19 13:57:31 wazuh-modulesd:database: INFO: Module started.
2026/09/19 13:57:31 wazuh-modulesd:download: INFO: Module started.
2026/09/19 13:57:31 wazuh-modulesd:control: INFO: Starting control thread.
2026/09/19 13:57:31 sca: INFO: Starting Security Configuration Assessment scan.
2026/09/19 13:57:31 wazuh-modulesd:syscollector: INFO: Module started.
2026/09/19 13:57:31 wazuh-modulesd:syscollector: INFO: Starting evaluation.
2026/09/19 13:57:31 sca: INFO: Skipping policy '/var/ossec/ruleset/sca/cis_ubuntu22-04.yml': 'Check Ubuntu version.'
2026/09/19 13:57:31 sca: INFO: Security Configuration Assessment scan finished. Duration: 0 seconds.
2026/09/19 13:57:31 wazuh-modulesd:syscollector: INFO: Evaluation finished.
2026/09/19 13:58:16 rootcheck: INFO: Ending rootcheck scan.
2026/09/19 14:11:13 wazuh-authd: INFO: New connection from 192.168.0.14
2026/09/19 14:11:13 wazuh-authd: INFO: Received request for a new agent (fsc-target) from: 192.168.0.14
2026/09/19 14:11:13 wazuh-authd: ERROR: Incompatible version for new agent from: 192.168.0.14
2026/09/19 14:11:18 wazuh-authd: INFO: New connection from 192.168.0.14
2026/09/19 14:11:18 wazuh-authd: INFO: Received request for a new agent (fsc-target) from: 192.168.0.14
2026/09/19 14:11:18 wazuh-authd: ERROR: Incompatible version for new agent from: 192.168.0.14
2026/09/19 14:11:28 wazuh-authd: INFO: New connection from 192.168.0.14
2026/09/19 14:11:28 wazuh-authd: INFO: Received request for a new agent (fsc-target) from: 192.168.0.14
2026/09/19 14:11:28 wazuh-authd: ERROR: Incompatible version for new agent from: 192.168.0.14
2026/09/19 14:11:43 wazuh-authd: INFO: New connection from 192.168.0.14
2026/09/19 14:11:43 wazuh-authd: INFO: Received request for a new agent (fsc-target) from: 192.168.0.14
2026/09/19 14:11:43 wazuh-authd: ERROR: Incompatible version for new agent from: 192.168.0.14
2026/09/19 14:12:03 wazuh-authd: INFO: New connection from 192.168.0.14
2026/09/19 14:12:03 wazuh-authd: INFO: Received request for a new agent (fsc-target) from: 192.168.0.14
2026/09/19 14:12:03 wazuh-authd: ERROR: Incompatible version for new agent from: 192.168.0.14
2026/09/19 14:12:05 wazuh-modulesd:syscollector: INFO: Stop received for Syscollector.
2026/09/19 14:12:05 wazuh-modulesd:syscollector: INFO: Module finished.
2026/09/19 14:12:05 wazuh-monitord: INFO: (1225): SIGNAL [(15)-(Terminated)] Received. Exit Cleaning...
2026/09/19 14:12:05 wazuh-logcollector: INFO: (1225): SIGNAL [(15)-(Terminated)] Received. Exit Cleaning...
2026/09/19 14:12:05 wazuh-remoted: INFO: (1225): SIGNAL [(15)-(Terminated)] Received. Exit Cleaning...
2026/09/19 14:12:05 wazuh-syscheckd: INFO: (1756): Shutdown received. Releasing resources.
2026/09/19 14:12:05 wazuh-syscheckd: INFO: (1225): SIGNAL [(15)-(Terminated)] Received. Exit Cleaning...
2026/09/19 14:12:05 wazuh-analysisd: INFO: (1225): SIGNAL [(15)-(Terminated)] Received. Exit Cleaning...
2026/09/19 14:12:06 wazuh-execd: INFO: (1314): Shutdown received. Deleting responses.
2026/09/19 14:12:06 wazuh-execd: INFO: (1225): SIGNAL [(15)-(Terminated)] Received. Exit Cleaning...
2026/09/19 14:12:06 wazuh-db: INFO: (1225): SIGNAL [(15)-(Terminated)] Received. Exit Cleaning...
2026/09/19 14:12:07 wazuh-authd: INFO: (1225): SIGNAL [(15)-(Terminated)] Received. Exit Cleaning...
2026/09/19 14:12:08 wazuh-authd: INFO: Exiting...
2026/09/19 14:12:25 wazuh-csyslogd: INFO: Remote syslog server not configured. Clean exit.
2026/09/19 14:12:25 wazuh-dbd: INFO: Database not configured. Clean exit.
2026/09/19 14:12:25 wazuh-integratord: INFO: Remote integrations not configured. Clean exit.
2026/09/19 14:12:25 wazuh-agentlessd: INFO: Not configured. Exiting.
2026/09/19 14:12:25 wazuh-authd: INFO: Started (pid: 1175).
2026/09/19 14:12:25 wazuh-authd: INFO: Accepting connections on port 1515. No password required.
2026/09/19 14:12:25 wazuh-authd: INFO: Setting network timeout to 1.000000 sec.
2026/09/19 14:12:25 wazuh-db: INFO: Started (pid: 1188).
2026/09/19 14:12:26 wazuh-execd: INFO: Started (pid: 1215).
2026/09/19 14:12:27 wazuh-analysisd: INFO: Total rules enabled: '6780'
2026/09/19 14:12:27 wazuh-analysisd: INFO: White listing IP: '127.0.0.1'
2026/09/19 14:12:27 wazuh-analysisd: INFO: White listing IP: '127.0.0.53'
2026/09/19 14:12:27 wazuh-analysisd: INFO: 2 IPs in the white list for active response.
2026/09/19 14:12:27 wazuh-analysisd: INFO: White listing Hostname: 'localhost.localdomain'
2026/09/19 14:12:27 wazuh-analysisd: INFO: 1 Hostname(s) in the white list for active response.
2026/09/19 14:12:27 wazuh-analysisd: INFO: Started (pid: 1233).
2026/09/19 14:12:27 wazuh-analysisd: INFO: (7200): Logtest started
2026/09/19 14:12:28 wazuh-syscheckd: INFO: Started (pid: 1257).
2026/09/19 14:12:28 wazuh-syscheckd: INFO: (6003): Monitoring path: '/bin', with options 'size | permissions | owner | group | mtime | inode | hash_md5 | hash_sha1 | hash_sha256 | scheduled'.
2026/09/19 14:12:28 wazuh-syscheckd: INFO: (6003): Monitoring path: '/boot', with options 'size | permissions | owner | group | mtime | inode | hash_md5 | hash_sha1 | hash_sha256 | scheduled'.
2026/09/19 14:12:28 wazuh-syscheckd: INFO: (6003): Monitoring path: '/etc', with options 'size | permissions | owner | group | mtime | inode | hash_md5 | hash_sha1 | hash_sha256 | scheduled'.
2026/09/19 14:12:28 wazuh-syscheckd: INFO: (6003): Monitoring path: '/sbin', with options 'size | permissions | owner | group | mtime | inode | hash_md5 | hash_sha1 | hash_sha256 | scheduled'.
2026/09/19 14:12:28 wazuh-syscheckd: INFO: (6003): Monitoring path: '/usr/bin', with options 'size | permissions | owner | group | mtime | inode | hash_md5 | hash_sha1 | hash_sha256 | scheduled'.
2026/09/19 14:12:28 wazuh-syscheckd: INFO: (6003): Monitoring path: '/usr/sbin', with options 'size | permissions | owner | group | mtime | inode | hash_md5 | hash_sha1 | hash_sha256 | scheduled'.
2026/09/19 14:12:28 wazuh-syscheckd: INFO: (6206): Ignore 'file' entry '/etc/mtab'
2026/09/19 14:12:28 wazuh-syscheckd: INFO: (6206): Ignore 'file' entry '/etc/hosts.deny'
2026/09/19 14:12:28 wazuh-syscheckd: INFO: (6206): Ignore 'file' entry '/etc/mail/statistics'
2026/09/19 14:12:28 wazuh-syscheckd: INFO: (6206): Ignore 'file' entry '/etc/random-seed'
2026/09/19 14:12:28 wazuh-syscheckd: INFO: (6206): Ignore 'file' entry '/etc/random.seed'
2026/09/19 14:12:28 wazuh-syscheckd: INFO: (6206): Ignore 'file' entry '/etc/adjtime'
2026/09/19 14:12:28 wazuh-syscheckd: INFO: (6206): Ignore 'file' entry '/etc/httpd/logs'
2026/09/19 14:12:28 wazuh-syscheckd: INFO: (6206): Ignore 'file' entry '/etc/utmpx'
2026/09/19 14:12:28 wazuh-syscheckd: INFO: (6206): Ignore 'file' entry '/etc/wtmpx'
2026/09/19 14:12:28 wazuh-syscheckd: INFO: (6206): Ignore 'file' entry '/etc/cups/certs'
2026/09/19 14:12:28 wazuh-syscheckd: INFO: (6206): Ignore 'file' entry '/etc/dumpdates'
2026/09/19 14:12:28 wazuh-syscheckd: INFO: (6206): Ignore 'file' entry '/etc/svc/volatile'
2026/09/19 14:12:28 wazuh-syscheckd: INFO: (6207): Ignore 'file' sregex '.log$|.swp$'
2026/09/19 14:12:28 wazuh-syscheckd: INFO: (6004): No diff for file: '/etc/ssl/private.key'
2026/09/19 14:12:28 rootcheck: INFO: Starting rootcheck scan.
2026/09/19 14:12:28 wazuh-syscheckd: INFO: (6000): Starting daemon...
2026/09/19 14:12:28 wazuh-syscheckd: INFO: (6010): File integrity monitoring scan frequency: 43200 seconds
2026/09/19 14:12:28 wazuh-syscheckd: INFO: (6008): File integrity monitoring scan started.
2026/09/19 14:12:28 wazuh-remoted: INFO: Started (pid: 1270). Listening on port 1514/TCP (secure).
2026/09/19 14:12:28 wazuh-remoted: ERROR: Unable to open file 'etc/shared/bsc-hardening/__pycache__/bsc-suid-generic-hardening.cpython-312.pyc' due to [(13)-(Permission denied)].
2026/09/19 14:12:28 wazuh-remoted: ERROR: Invalid shared file 'etc/shared/bsc-hardening/__pycache__/bsc-suid-generic-hardening.cpython-312.pyc'. Ignoring it.
2026/09/19 14:12:28 wazuh-logcollector: INFO: Monitoring output of command(360): df -P
2026/09/19 14:12:28 wazuh-logcollector: INFO: Monitoring full output of command(360): netstat -tulpn | sed 's/\([[:alnum:]]\+\)\ \+[[:digit:]]\+\ \+[[:digit:]]\+\ \+\(.*\):\([[:digit:]]*\)\ \+\([0-9\.\:\*]\+\).\+\ \([[:digit:]]*\/[[:alnum:]\-]*\).*/\1 \2 == \3 == \4 \5/' | sort -k 4 -g | sed 's/ == \(.*\) ==/:\1/' | sed 1,2d
2026/09/19 14:12:28 wazuh-logcollector: INFO: Monitoring full output of command(360): last -n 20
2026/09/19 14:12:28 wazuh-logcollector: INFO: (1950): Analyzing file: '/var/ossec/logs/active-responses.log'.
2026/09/19 14:12:28 wazuh-logcollector: INFO: (1950): Analyzing file: '/var/log/dpkg.log'.
2026/09/19 14:12:28 wazuh-logcollector: INFO: Started (pid: 1279).
2026/09/19 14:12:28 wazuh-remoted: INFO: (1410): Reading authentication keys file.
2026/09/19 14:12:28 wazuh-monitord: INFO: Started (pid: 1316).
2026/09/19 14:12:28 wazuh-modulesd: INFO: Started (pid: 1325).
2026/09/19 14:12:28 wazuh-modulesd:osquery: INFO: Module disabled. Exiting...
2026/09/19 14:12:28 wazuh-modulesd:agent-upgrade: INFO: (8153): Module Agent Upgrade started.
2026/09/19 14:12:28 wazuh-modulesd:ciscat: INFO: Module disabled. Exiting...
2026/09/19 14:12:28 sca: INFO: Module started.
2026/09/19 14:12:28 sca: INFO: Loaded policy '/var/ossec/ruleset/sca/cis_ubuntu22-04.yml'
2026/09/19 14:12:28 wazuh-modulesd:download: INFO: Module started.
2026/09/19 14:12:28 wazuh-modulesd:task-manager: INFO: (8200): Module Task Manager started.
2026/09/19 14:12:28 wazuh-modulesd:control: INFO: Starting control thread.
2026/09/19 14:12:28 wazuh-modulesd:database: INFO: Module started.
2026/09/19 14:12:28 sca: INFO: Starting Security Configuration Assessment scan.
2026/09/19 14:12:28 wazuh-modulesd:syscollector: INFO: Module started.
2026/09/19 14:12:28 wazuh-modulesd:syscollector: INFO: Starting evaluation.
2026/09/19 14:12:28 sca: INFO: Skipping policy '/var/ossec/ruleset/sca/cis_ubuntu22-04.yml': 'Check Ubuntu version.'
2026/09/19 14:12:28 sca: INFO: Security Configuration Assessment scan finished. Duration: 0 seconds.
2026/09/19 14:12:28 wazuh-modulesd:syscollector: INFO: Evaluation finished.
2026/09/19 14:12:28 wazuh-authd: INFO: New connection from 192.168.0.14
2026/09/19 14:12:28 wazuh-authd: INFO: Received request for a new agent (fsc-target) from: 192.168.0.14
2026/09/19 14:12:28 wazuh-authd: ERROR: Incompatible version for new agent from: 192.168.0.14
2026/09/19 14:12:30 wazuh-syscheckd: INFO: (6009): File integrity monitoring scan ended.
2026/09/19 14:12:30 wazuh-syscheckd: INFO: FIM sync module started.
2026/09/19 14:12:30 wazuh-analysisd: INFO: Connected to 'queue/alerts/ar' (active-response queue)
2026/09/19 14:12:30 wazuh-analysisd: INFO: Connected to 'queue/alerts/execq' (exec queue)
2026/09/19 14:12:30 wazuh-analysisd: INFO: EPS limit disabled
2026/09/19 14:12:58 wazuh-authd: INFO: New connection from 192.168.0.14
2026/09/19 14:12:58 wazuh-authd: INFO: Received request for a new agent (fsc-target) from: 192.168.0.14
2026/09/19 14:12:58 wazuh-authd: ERROR: Incompatible version for new agent from: 192.168.0.14
2026/09/19 14:13:23 rootcheck: INFO: Ending rootcheck scan.
2026/09/19 14:13:33 wazuh-authd: INFO: New connection from 192.168.0.14
2026/09/19 14:13:33 wazuh-authd: INFO: Received request for a new agent (fsc-target) from: 192.168.0.14
2026/09/19 14:13:33 wazuh-authd: ERROR: Incompatible version for new agent from: 192.168.0.14
2026/09/19 14:14:00 wazuh-authd: INFO: Agent key generated for agent 'fsc-target' (requested locally)
2026/09/19 14:14:08 wazuh-remoted: INFO: (1409): Authentication file changed. Updating.
2026/09/19 14:14:08 wazuh-remoted: INFO: (1410): Reading authentication keys file.
2026/09/19 14:14:13 wazuh-authd: INFO: New connection from 192.168.0.14
2026/09/19 14:14:13 wazuh-authd: INFO: Received request for a new agent (fsc-target) from: 192.168.0.14
2026/09/19 14:14:13 wazuh-authd: ERROR: Incompatible version for new agent from: 192.168.0.14
2026/09/19 14:14:58 wazuh-authd: INFO: New connection from 192.168.0.14
2026/09/19 14:14:58 wazuh-authd: INFO: Received request for a new agent (fsc-target) from: 192.168.0.14
2026/09/19 14:14:58 wazuh-authd: ERROR: Incompatible version for new agent from: 192.168.0.14
2026/09/19 14:15:48 wazuh-authd: INFO: New connection from 192.168.0.14
2026/09/19 14:15:48 wazuh-authd: INFO: Received request for a new agent (fsc-target) from: 192.168.0.14
2026/09/19 14:15:48 wazuh-authd: ERROR: Incompatible version for new agent from: 192.168.0.14
2026/09/19 14:16:43 wazuh-authd: INFO: New connection from 192.168.0.14
2026/09/19 14:16:43 wazuh-authd: INFO: Received request for a new agent (fsc-target) from: 192.168.0.14
2026/09/19 14:16:43 wazuh-authd: ERROR: Incompatible version for new agent from: 192.168.0.14
2026/09/19 14:17:43 wazuh-authd: INFO: New connection from 192.168.0.14
2026/09/19 14:17:43 wazuh-authd: INFO: Received request for a new agent (fsc-target) from: 192.168.0.14
2026/09/19 14:17:43 wazuh-authd: ERROR: Incompatible version for new agent from: 192.168.0.14
2026/09/19 14:18:34 wazuh-modulesd:syscollector: INFO: Stop received for Syscollector.
2026/09/19 14:18:34 wazuh-modulesd:syscollector: INFO: Module finished.
2026/09/19 14:18:34 wazuh-monitord: INFO: (1225): SIGNAL [(15)-(Terminated)] Received. Exit Cleaning...
2026/09/19 14:18:34 wazuh-logcollector: INFO: (1225): SIGNAL [(15)-(Terminated)] Received. Exit Cleaning...
2026/09/19 14:18:34 wazuh-remoted: INFO: (1225): SIGNAL [(15)-(Terminated)] Received. Exit Cleaning...
2026/09/19 14:18:34 wazuh-syscheckd: INFO: (1756): Shutdown received. Releasing resources.
2026/09/19 14:18:34 wazuh-syscheckd: INFO: (1225): SIGNAL [(15)-(Terminated)] Received. Exit Cleaning...
2026/09/19 14:18:35 wazuh-analysisd: INFO: (1225): SIGNAL [(15)-(Terminated)] Received. Exit Cleaning...
2026/09/19 14:18:35 wazuh-execd: INFO: (1314): Shutdown received. Deleting responses.
2026/09/19 14:18:35 wazuh-execd: INFO: (1225): SIGNAL [(15)-(Terminated)] Received. Exit Cleaning...
2026/09/19 14:18:35 wazuh-db: INFO: (1225): SIGNAL [(15)-(Terminated)] Received. Exit Cleaning...
2026/09/19 14:18:36 wazuh-authd: INFO: (1225): SIGNAL [(15)-(Terminated)] Received. Exit Cleaning...
2026/09/19 14:18:37 wazuh-authd: INFO: Exiting...
2026/09/19 14:20:27 wazuh-analysisd: WARNING: (7616): List 'etc/lists/malicious-ioc/malware-hashes' could not be loaded. Rule '99901' will be ignored.
2026/09/19 14:20:27 wazuh-analysisd: WARNING: (7616): List 'etc/lists/malicious-ioc/malicious-ip' could not be loaded. Rule '99902' will be ignored.
2026/09/19 14:20:27 wazuh-analysisd: WARNING: (7616): List 'etc/lists/malicious-ioc/malicious-ip' could not be loaded. Rule '99903' will be ignored.
2026/09/19 14:20:27 wazuh-analysisd: WARNING: (7616): List 'etc/lists/malicious-ioc/malicious-ip' could not be loaded. Rule '99904' will be ignored.
2026/09/19 14:20:27 wazuh-analysisd: WARNING: (7616): List 'etc/lists/malicious-ioc/malicious-ip' could not be loaded. Rule '99905' will be ignored.
2026/09/19 14:20:27 wazuh-analysisd: WARNING: (7617): Signature ID '99905' was not found and will be ignored in the 'if_sid' option of rule '99906'.
2026/09/19 14:20:27 wazuh-analysisd: WARNING: (7619): Empty 'if_sid' value. Rule '99906' will be ignored.
2026/09/19 14:20:27 wazuh-analysisd: WARNING: (7616): List 'etc/lists/malicious-ioc/malicious-ip' could not be loaded. Rule '99907' will be ignored.
2026/09/19 14:20:27 wazuh-analysisd: WARNING: (7616): List 'etc/lists/malicious-ioc/malicious-ip' could not be loaded. Rule '99908' will be ignored.
2026/09/19 14:20:27 wazuh-analysisd: WARNING: (7616): List 'etc/lists/malicious-ioc/malicious-ip' could not be loaded. Rule '99909' will be ignored.
2026/09/19 14:20:27 wazuh-analysisd: WARNING: (7616): List 'etc/lists/malicious-ioc/malicious-ip' could not be loaded. Rule '99910' will be ignored.
2026/09/19 14:20:27 wazuh-analysisd: WARNING: (7616): List 'etc/lists/malicious-ioc/malicious-ip' could not be loaded. Rule '99911' will be ignored.
2026/09/19 14:20:27 wazuh-analysisd: WARNING: (7616): List 'etc/lists/malicious-ioc/malicious-ip' could not be loaded. Rule '99912' will be ignored.
2026/09/19 14:20:27 wazuh-analysisd: WARNING: (7616): List 'etc/lists/malicious-ioc/malicious-ip' could not be loaded. Rule '99913' will be ignored.
2026/09/19 14:20:27 wazuh-analysisd: WARNING: (7616): List 'etc/lists/malicious-ioc/malicious-ip' could not be loaded. Rule '99914' will be ignored.
2026/09/19 14:20:27 wazuh-analysisd: WARNING: (7616): List 'etc/lists/malicious-ioc/malicious-ip' could not be loaded. Rule '99915' will be ignored.
2026/09/19 14:20:27 wazuh-analysisd: WARNING: (7616): List 'etc/lists/malicious-ioc/malicious-ip' could not be loaded. Rule '99916' will be ignored.
2026/09/19 14:20:27 wazuh-analysisd: WARNING: (7616): List 'etc/lists/malicious-ioc/malicious-domains' could not be loaded. Rule '99917' will be ignored.
2026/09/19 14:20:27 wazuh-analysisd: WARNING: (7616): List 'etc/lists/malicious-ioc/malicious-domains' could not be loaded. Rule '99918' will be ignored.
2026/09/19 14:20:27 wazuh-analysisd: WARNING: (7616): List 'etc/lists/malicious-ioc/malicious-ip' could not be loaded. Rule '99919' will be ignored.
2026/09/19 14:20:27 wazuh-analysisd: WARNING: (7616): List 'etc/lists/malicious-ioc/malicious-ip' could not be loaded. Rule '99920' will be ignored.
2026/09/19 14:20:27 wazuh-modulesd: WARNING: The 'vulnerability-detector' configuration is deprecated, please update your settings to use the new 'vulnerability-detection' instead (default values will be used based on your previous configurations). See https://documentation.wazuh.com
2026/09/19 14:20:27 wazuh-modulesd: WARNING: (1230): Invalid element in the configuration: 'interval'.
2026/09/19 14:20:27 wazuh-modulesd: WARNING: (1230): Invalid element in the configuration: 'min_full_scan_interval'.
2026/09/19 14:20:27 wazuh-modulesd: WARNING: (1230): Invalid element in the configuration: 'run_on_start'.
2026/09/19 14:20:27 wazuh-modulesd: WARNING: (1230): Invalid element in the configuration: 'provider'.
2026/09/19 14:20:27 wazuh-modulesd: WARNING: (1230): Invalid element in the configuration: 'provider'.
2026/09/19 14:20:27 wazuh-modulesd: WARNING: (1230): Invalid element in the configuration: 'provider'.
2026/09/19 14:20:27 wazuh-modulesd: WARNING: (1230): Invalid element in the configuration: 'provider'.
2026/09/19 14:20:27 wazuh-modulesd: WARNING: (1230): Invalid element in the configuration: 'provider'.
2026/09/19 14:20:27 wazuh-modulesd: WARNING: (1230): Invalid element in the configuration: 'provider'.
2026/09/19 14:20:27 wazuh-modulesd: WARNING: (1230): Invalid element in the configuration: 'provider'.
2026/09/19 14:20:27 wazuh-modulesd: WARNING: (1230): Invalid element in the configuration: 'provider'.
2026/09/19 14:20:27 wazuh-modulesd: WARNING: (1230): Invalid element in the configuration: 'provider'.
2026/09/19 14:20:27 wazuh-modulesd:router: INFO: Loaded router module.
2026/09/19 14:20:27 wazuh-modulesd:content_manager: INFO: Loaded content_manager module.
2026/09/19 14:20:27 wazuh-modulesd:inventory-harvester: INFO: Loaded Inventory harvester module.
2026/09/19 14:20:28 wazuh-testrule: WARNING: (7616): List 'etc/lists/malicious-ioc/malware-hashes' could not be loaded. Rule '99901' will be ignored.
2026/09/19 14:20:28 wazuh-testrule: WARNING: (7616): List 'etc/lists/malicious-ioc/malicious-ip' could not be loaded. Rule '99902' will be ignored.
2026/09/19 14:20:28 wazuh-testrule: WARNING: (7616): List 'etc/lists/malicious-ioc/malicious-ip' could not be loaded. Rule '99903' will be ignored.
2026/09/19 14:20:28 wazuh-testrule: WARNING: (7616): List 'etc/lists/malicious-ioc/malicious-ip' could not be loaded. Rule '99904' will be ignored.
2026/09/19 14:20:28 wazuh-testrule: WARNING: (7616): List 'etc/lists/malicious-ioc/malicious-ip' could not be loaded. Rule '99905' will be ignored.
2026/09/19 14:20:28 wazuh-testrule: WARNING: (7617): Signature ID '99905' was not found and will be ignored in the 'if_sid' option of rule '99906'.
2026/09/19 14:20:28 wazuh-testrule: WARNING: (7619): Empty 'if_sid' value. Rule '99906' will be ignored.
2026/09/19 14:20:28 wazuh-testrule: WARNING: (7616): List 'etc/lists/malicious-ioc/malicious-ip' could not be loaded. Rule '99907' will be ignored.
2026/09/19 14:20:28 wazuh-testrule: WARNING: (7616): List 'etc/lists/malicious-ioc/malicious-ip' could not be loaded. Rule '99908' will be ignored.
2026/09/19 14:20:28 wazuh-testrule: WARNING: (7616): List 'etc/lists/malicious-ioc/malicious-ip' could not be loaded. Rule '99909' will be ignored.
2026/09/19 14:20:28 wazuh-testrule: WARNING: (7616): List 'etc/lists/malicious-ioc/malicious-ip' could not be loaded. Rule '99910' will be ignored.
2026/09/19 14:20:28 wazuh-testrule: WARNING: (7616): List 'etc/lists/malicious-ioc/malicious-ip' could not be loaded. Rule '99911' will be ignored.
2026/09/19 14:20:28 wazuh-testrule: WARNING: (7616): List 'etc/lists/malicious-ioc/malicious-ip' could not be loaded. Rule '99912' will be ignored.
2026/09/19 14:20:28 wazuh-testrule: WARNING: (7616): List 'etc/lists/malicious-ioc/malicious-ip' could not be loaded. Rule '99913' will be ignored.
2026/09/19 14:20:28 wazuh-testrule: WARNING: (7616): List 'etc/lists/malicious-ioc/malicious-ip' could not be loaded. Rule '99914' will be ignored.
2026/09/19 14:20:28 wazuh-testrule: WARNING: (7616): List 'etc/lists/malicious-ioc/malicious-ip' could not be loaded. Rule '99915' will be ignored.
2026/09/19 14:20:28 wazuh-testrule: WARNING: (7616): List 'etc/lists/malicious-ioc/malicious-ip' could not be loaded. Rule '99916' will be ignored.
2026/09/19 14:20:28 wazuh-testrule: WARNING: (7616): List 'etc/lists/malicious-ioc/malicious-domains' could not be loaded. Rule '99917' will be ignored.
2026/09/19 14:20:28 wazuh-testrule: WARNING: (7616): List 'etc/lists/malicious-ioc/malicious-domains' could not be loaded. Rule '99918' will be ignored.
2026/09/19 14:20:28 wazuh-testrule: WARNING: (7616): List 'etc/lists/malicious-ioc/malicious-ip' could not be loaded. Rule '99919' will be ignored.
2026/09/19 14:20:28 wazuh-testrule: WARNING: (7616): List 'etc/lists/malicious-ioc/malicious-ip' could not be loaded. Rule '99920' will be ignored.
2026/09/19 14:20:29 wazuh-csyslogd: INFO: Remote syslog server not configured. Clean exit.
2026/09/19 14:20:29 wazuh-integratord: INFO: Remote integrations not configured. Clean exit.
2026/09/19 14:20:29 wazuh-agentlessd: INFO: Not configured. Exiting.
2026/09/19 14:20:29 wazuh-authd: INFO: Started (pid: 51359).
2026/09/19 14:20:29 wazuh-authd: INFO: Accepting connections on port 1515. No password required.
2026/09/19 14:20:29 wazuh-authd: INFO: Setting network timeout to 1.000000 sec.
2026/09/19 14:20:31 wazuh-db: INFO: Started (pid: 51375).
2026/09/19 14:20:31 :router: INFO: Registering GET endpoint: /v1/agents/ids
2026/09/19 14:20:31 :router: INFO: Registering GET endpoint: /v1/agents/ids/groups/:name
2026/09/19 14:20:31 :router: INFO: Registering GET endpoint: /v1/agents/ids/groups
2026/09/19 14:20:31 :router: INFO: Registering GET endpoint: /v1/agents/:agent_id/groups
2026/09/19 14:20:31 :router: INFO: Registering POST endpoint: /v1/agents/summary
2026/09/19 14:20:31 :router: INFO: Registering GET endpoint: /v1/agents/sync
2026/09/19 14:20:31 :router: INFO: Registering POST endpoint: /v1/agents/sync
2026/09/19 14:20:31 :router: INFO: Registering POST endpoint: /v1/agents/restartinfo
2026/09/19 14:20:31 :router: INFO: API started successfully
2026/09/19 14:20:32 wazuh-execd: INFO: Started (pid: 51414).
2026/09/19 14:20:33 wazuh-analysisd: WARNING: (7616): List 'etc/lists/malicious-ioc/malware-hashes' could not be loaded. Rule '99901' will be ignored.
2026/09/19 14:20:33 wazuh-analysisd: WARNING: (7616): List 'etc/lists/malicious-ioc/malicious-ip' could not be loaded. Rule '99902' will be ignored.
2026/09/19 14:20:33 wazuh-analysisd: WARNING: (7616): List 'etc/lists/malicious-ioc/malicious-ip' could not be loaded. Rule '99903' will be ignored.
2026/09/19 14:20:33 wazuh-analysisd: WARNING: (7616): List 'etc/lists/malicious-ioc/malicious-ip' could not be loaded. Rule '99904' will be ignored.
2026/09/19 14:20:33 wazuh-analysisd: WARNING: (7616): List 'etc/lists/malicious-ioc/malicious-ip' could not be loaded. Rule '99905' will be ignored.
2026/09/19 14:20:33 wazuh-analysisd: WARNING: (7617): Signature ID '99905' was not found and will be ignored in the 'if_sid' option of rule '99906'.
2026/09/19 14:20:33 wazuh-analysisd: WARNING: (7619): Empty 'if_sid' value. Rule '99906' will be ignored.
2026/09/19 14:20:33 wazuh-analysisd: WARNING: (7616): List 'etc/lists/malicious-ioc/malicious-ip' could not be loaded. Rule '99907' will be ignored.
2026/09/19 14:20:33 wazuh-analysisd: WARNING: (7616): List 'etc/lists/malicious-ioc/malicious-ip' could not be loaded. Rule '99908' will be ignored.
2026/09/19 14:20:33 wazuh-analysisd: WARNING: (7616): List 'etc/lists/malicious-ioc/malicious-ip' could not be loaded. Rule '99909' will be ignored.
2026/09/19 14:20:33 wazuh-analysisd: WARNING: (7616): List 'etc/lists/malicious-ioc/malicious-ip' could not be loaded. Rule '99910' will be ignored.
2026/09/19 14:20:33 wazuh-analysisd: WARNING: (7616): List 'etc/lists/malicious-ioc/malicious-ip' could not be loaded. Rule '99911' will be ignored.
2026/09/19 14:20:33 wazuh-analysisd: WARNING: (7616): List 'etc/lists/malicious-ioc/malicious-ip' could not be loaded. Rule '99912' will be ignored.
2026/09/19 14:20:33 wazuh-analysisd: WARNING: (7616): List 'etc/lists/malicious-ioc/malicious-ip' could not be loaded. Rule '99913' will be ignored.
2026/09/19 14:20:33 wazuh-analysisd: WARNING: (7616): List 'etc/lists/malicious-ioc/malicious-ip' could not be loaded. Rule '99914' will be ignored.
2026/09/19 14:20:33 wazuh-analysisd: WARNING: (7616): List 'etc/lists/malicious-ioc/malicious-ip' could not be loaded. Rule '99915' will be ignored.
2026/09/19 14:20:33 wazuh-analysisd: WARNING: (7616): List 'etc/lists/malicious-ioc/malicious-ip' could not be loaded. Rule '99916' will be ignored.
2026/09/19 14:20:33 wazuh-analysisd: WARNING: (7616): List 'etc/lists/malicious-ioc/malicious-domains' could not be loaded. Rule '99917' will be ignored.
2026/09/19 14:20:33 wazuh-analysisd: WARNING: (7616): List 'etc/lists/malicious-ioc/malicious-domains' could not be loaded. Rule '99918' will be ignored.
2026/09/19 14:20:33 wazuh-analysisd: WARNING: (7616): List 'etc/lists/malicious-ioc/malicious-ip' could not be loaded. Rule '99919' will be ignored.
2026/09/19 14:20:33 wazuh-analysisd: WARNING: (7616): List 'etc/lists/malicious-ioc/malicious-ip' could not be loaded. Rule '99920' will be ignored.
2026/09/19 14:20:33 wazuh-analysisd: INFO: Total rules enabled: '8405'
2026/09/19 14:20:33 wazuh-analysisd: INFO: White listing IP: '127.0.0.1'
2026/09/19 14:20:33 wazuh-analysisd: INFO: White listing IP: '127.0.0.53'
2026/09/19 14:20:33 wazuh-analysisd: INFO: 2 IPs in the white list for active response.
2026/09/19 14:20:33 wazuh-analysisd: INFO: White listing Hostname: 'localhost.localdomain'
2026/09/19 14:20:33 wazuh-analysisd: INFO: 1 Hostname(s) in the white list for active response.
2026/09/19 14:20:33 wazuh-analysisd: INFO: Started (pid: 51428).
2026/09/19 14:20:33 wazuh-analysisd: INFO: (7200): Logtest started
2026/09/19 14:20:34 wazuh-syscheckd: INFO: Started (pid: 51444).
2026/09/19 14:20:34 wazuh-syscheckd: INFO: (6003): Monitoring path: '/bin', with options 'size | permissions | owner | group | mtime | inode | hash_md5 | hash_sha1 | hash_sha256 | scheduled'.
2026/09/19 14:20:34 wazuh-syscheckd: INFO: (6003): Monitoring path: '/boot', with options 'size | permissions | owner | group | mtime | inode | hash_md5 | hash_sha1 | hash_sha256 | scheduled'.
2026/09/19 14:20:34 wazuh-syscheckd: INFO: (6003): Monitoring path: '/etc', with options 'size | permissions | owner | group | mtime | inode | hash_md5 | hash_sha1 | hash_sha256 | scheduled'.
2026/09/19 14:20:34 wazuh-syscheckd: INFO: (6003): Monitoring path: '/sbin', with options 'size | permissions | owner | group | mtime | inode | hash_md5 | hash_sha1 | hash_sha256 | scheduled'.
2026/09/19 14:20:34 wazuh-syscheckd: INFO: (6003): Monitoring path: '/usr/bin', with options 'size | permissions | owner | group | mtime | inode | hash_md5 | hash_sha1 | hash_sha256 | scheduled'.
2026/09/19 14:20:34 wazuh-syscheckd: INFO: (6003): Monitoring path: '/usr/sbin', with options 'size | permissions | owner | group | mtime | inode | hash_md5 | hash_sha1 | hash_sha256 | scheduled'.
2026/09/19 14:20:34 wazuh-syscheckd: INFO: (6206): Ignore 'file' entry '/etc/mtab'
2026/09/19 14:20:34 wazuh-syscheckd: INFO: (6206): Ignore 'file' entry '/etc/hosts.deny'
2026/09/19 14:20:34 wazuh-syscheckd: INFO: (6206): Ignore 'file' entry '/etc/mail/statistics'
2026/09/19 14:20:34 wazuh-syscheckd: INFO: (6206): Ignore 'file' entry '/etc/random-seed'
2026/09/19 14:20:34 wazuh-syscheckd: INFO: (6206): Ignore 'file' entry '/etc/random.seed'
2026/09/19 14:20:34 wazuh-syscheckd: INFO: (6206): Ignore 'file' entry '/etc/adjtime'
2026/09/19 14:20:34 wazuh-syscheckd: INFO: (6206): Ignore 'file' entry '/etc/httpd/logs'
2026/09/19 14:20:34 wazuh-syscheckd: INFO: (6206): Ignore 'file' entry '/etc/utmpx'
2026/09/19 14:20:34 wazuh-syscheckd: INFO: (6206): Ignore 'file' entry '/etc/wtmpx'
2026/09/19 14:20:34 wazuh-syscheckd: INFO: (6206): Ignore 'file' entry '/etc/cups/certs'
2026/09/19 14:20:34 wazuh-syscheckd: INFO: (6206): Ignore 'file' entry '/etc/dumpdates'
2026/09/19 14:20:34 wazuh-syscheckd: INFO: (6206): Ignore 'file' entry '/etc/svc/volatile'
2026/09/19 14:20:34 wazuh-syscheckd: INFO: (6207): Ignore 'file' sregex '.log$|.swp$'
2026/09/19 14:20:34 wazuh-syscheckd: INFO: (6004): No diff for file: '/etc/ssl/private.key'
2026/09/19 14:20:34 wazuh-syscheckd: INFO: (6000): Starting daemon...
2026/09/19 14:20:34 wazuh-syscheckd: INFO: (6010): File integrity monitoring scan frequency: 43200 seconds
2026/09/19 14:20:34 wazuh-syscheckd: INFO: (6008): File integrity monitoring scan started.
2026/09/19 14:20:34 rootcheck: INFO: Starting rootcheck scan.
2026/09/19 14:20:34 wazuh-remoted: ERROR: Unable to open file 'etc/shared/bsc-hardening/__pycache__/bsc-suid-generic-hardening.cpython-312.pyc' due to [(13)-(Permission denied)].
2026/09/19 14:20:34 wazuh-remoted: ERROR: Invalid shared file 'etc/shared/bsc-hardening/__pycache__/bsc-suid-generic-hardening.cpython-312.pyc'. Ignoring it.
2026/09/19 14:20:34 wazuh-db: INFO: Created Global database backup "backup/db/global.db-backup-2026-09-19-14:20:34-pre_upgrade.gz"
2026/09/19 14:20:34 wazuh-db: INFO: Deleted Global database backup: "backup/db/global.db-backup-2026-09-06-19:02:17.gz"
2026/09/19 14:20:34 wazuh-remoted: INFO: Started (pid: 51458). Listening on port 1514/TCP (secure).
2026/09/19 14:20:34 wazuh-remoted: INFO: (1410): Reading authentication keys file.
2026/09/19 14:20:35 wazuh-logcollector: INFO: Monitoring output of command(360): df -P
2026/09/19 14:20:35 wazuh-logcollector: INFO: Monitoring full output of command(360): netstat -tulpn | sed 's/\([[:alnum:]]\+\)\ \+[[:digit:]]\+\ \+[[:digit:]]\+\ \+\(.*\):\([[:digit:]]*\)\ \+\([0-9\.\:\*]\+\).\+\ \([[:digit:]]*\/[[:alnum:]\-]*\).*/\1 \2 == \3 == \4 \5/' | sort -k 4 -g | sed 's/ == \(.*\) ==/:\1/' | sed 1,2d
2026/09/19 14:20:35 wazuh-logcollector: INFO: Monitoring full output of command(360): last -n 20
2026/09/19 14:20:35 wazuh-logcollector: INFO: (1950): Analyzing file: '/var/ossec/logs/active-responses.log'.
2026/09/19 14:20:35 wazuh-logcollector: INFO: (1950): Analyzing file: '/var/log/dpkg.log'.
2026/09/19 14:20:35 wazuh-logcollector: INFO: Started (pid: 51495).
2026/09/19 14:20:36 wazuh-syscheckd: INFO: (6009): File integrity monitoring scan ended.
2026/09/19 14:20:36 wazuh-syscheckd: INFO: FIM sync module started.
2026/09/19 14:20:37 wazuh-monitord: INFO: Started (pid: 51551).
2026/09/19 14:20:37 wazuh-analysisd: INFO: Connected to 'queue/alerts/ar' (active-response queue)
2026/09/19 14:20:37 wazuh-analysisd: INFO: Connected to 'queue/alerts/execq' (exec queue)
2026/09/19 14:20:37 wazuh-analysisd: INFO: EPS limit disabled
2026/09/19 14:20:38 wazuh-modulesd: WARNING: The 'vulnerability-detector' configuration is deprecated, please update your settings to use the new 'vulnerability-detection' instead (default values will be used based on your previous configurations). See https://documentation.wazuh.com
2026/09/19 14:20:38 wazuh-modulesd: WARNING: (1230): Invalid element in the configuration: 'interval'.
2026/09/19 14:20:38 wazuh-modulesd: WARNING: (1230): Invalid element in the configuration: 'min_full_scan_interval'.
2026/09/19 14:20:38 wazuh-modulesd: WARNING: (1230): Invalid element in the configuration: 'run_on_start'.
2026/09/19 14:20:38 wazuh-modulesd: WARNING: (1230): Invalid element in the configuration: 'provider'.
2026/09/19 14:20:38 wazuh-modulesd: WARNING: (1230): Invalid element in the configuration: 'provider'.
2026/09/19 14:20:38 wazuh-modulesd: WARNING: (1230): Invalid element in the configuration: 'provider'.
2026/09/19 14:20:38 wazuh-modulesd: WARNING: (1230): Invalid element in the configuration: 'provider'.
2026/09/19 14:20:38 wazuh-modulesd: WARNING: (1230): Invalid element in the configuration: 'provider'.
2026/09/19 14:20:38 wazuh-modulesd: WARNING: (1230): Invalid element in the configuration: 'provider'.
2026/09/19 14:20:38 wazuh-modulesd: WARNING: (1230): Invalid element in the configuration: 'provider'.
2026/09/19 14:20:38 wazuh-modulesd: WARNING: (1230): Invalid element in the configuration: 'provider'.
2026/09/19 14:20:38 wazuh-modulesd: WARNING: (1230): Invalid element in the configuration: 'provider'.
2026/09/19 14:20:38 wazuh-modulesd:router: INFO: Loaded router module.
2026/09/19 14:20:38 wazuh-modulesd:content_manager: INFO: Loaded content_manager module.
2026/09/19 14:20:38 wazuh-modulesd:inventory-harvester: INFO: Loaded Inventory harvester module.
2026/09/19 14:20:38 wazuh-modulesd: INFO: Started (pid: 51684).
2026/09/19 14:20:38 wazuh-modulesd:agent-upgrade: INFO: (8153): Module Agent Upgrade started.
2026/09/19 14:20:38 wazuh-modulesd:ciscat: INFO: Module disabled. Exiting...
2026/09/19 14:20:38 wazuh-modulesd:osquery: INFO: Module disabled. Exiting...
2026/09/19 14:20:38 sca: INFO: Module started.
2026/09/19 14:20:38 sca: INFO: Loaded policy '/var/ossec/ruleset/sca/cis_ubuntu24-04.yml'
2026/09/19 14:20:38 wazuh-modulesd:vulnerability-scanner: INFO: Starting vulnerability_scanner module.
2026/09/19 14:20:38 wazuh-modulesd:task-manager: INFO: (8200): Module Task Manager started.
2026/09/19 14:20:38 sca: INFO: Starting Security Configuration Assessment scan.
2026/09/19 14:20:38 wazuh-modulesd:router: INFO: Starting router module.
2026/09/19 14:20:38 wazuh-modulesd:content_manager: INFO: Starting content_manager module.
2026/09/19 14:20:38 wazuh-modulesd:database: INFO: Module started.
2026/09/19 14:20:38 wazuh-modulesd:download: INFO: Module started.
2026/09/19 14:20:38 wazuh-modulesd:inventory-harvester: INFO: Starting inventory_harvester module.
2026/09/19 14:20:38 wazuh-modulesd:control: INFO: Starting control thread.
2026/09/19 14:20:38 wazuh-modulesd:syscollector: INFO: Module started.
2026/09/19 14:20:38 wazuh-modulesd:syscollector: INFO: Starting evaluation.
2026/09/19 14:20:38 sca: INFO: Starting evaluation of policy: '/var/ossec/ruleset/sca/cis_ubuntu24-04.yml'
2026/09/19 14:20:38 wazuh-modulesd:vulnerability-scanner: INFO: Vulnerability scanner module is disabled.
2026/09/19 14:20:38 indexer-connector: WARNING: No username and password found in the keystore, using default values.
2026/09/19 14:20:38 indexer-connector: WARNING: IndexerConnector initialization failed for index 'wazuh-states-inventory-packages-wazuh', retrying until the connection is successful.
2026/09/19 14:20:38 indexer-connector: WARNING: IndexerConnector initialization failed for index 'wazuh-states-inventory-system-wazuh', retrying until the connection is successful.
2026/09/19 14:20:38 indexer-connector: WARNING: IndexerConnector initialization failed for index 'wazuh-states-inventory-processes-wazuh', retrying until the connection is successful.
2026/09/19 14:20:38 indexer-connector: WARNING: IndexerConnector initialization failed for index 'wazuh-states-inventory-ports-wazuh', retrying until the connection is successful.
2026/09/19 14:20:38 indexer-connector: WARNING: IndexerConnector initialization failed for index 'wazuh-states-inventory-hotfixes-wazuh', retrying until the connection is successful.
2026/09/19 14:20:38 indexer-connector: WARNING: IndexerConnector initialization failed for index 'wazuh-states-inventory-hardware-wazuh', retrying until the connection is successful.
2026/09/19 14:20:38 indexer-connector: WARNING: IndexerConnector initialization failed for index 'wazuh-states-inventory-protocols-wazuh', retrying until the connection is successful.
2026/09/19 14:20:38 indexer-connector: WARNING: IndexerConnector initialization failed for index 'wazuh-states-inventory-interfaces-wazuh', retrying until the connection is successful.
2026/09/19 14:20:38 indexer-connector: WARNING: IndexerConnector initialization failed for index 'wazuh-states-inventory-networks-wazuh', retrying until the connection is successful.
2026/09/19 14:20:38 indexer-connector: WARNING: IndexerConnector initialization failed for index 'wazuh-states-inventory-users-wazuh', retrying until the connection is successful.
2026/09/19 14:20:39 indexer-connector: WARNING: IndexerConnector initialization failed for index 'wazuh-states-inventory-groups-wazuh', retrying until the connection is successful.
2026/09/19 14:20:39 indexer-connector: WARNING: IndexerConnector initialization failed for index 'wazuh-states-inventory-browser-extensions-wazuh', retrying until the connection is successful.
2026/09/19 14:20:39 indexer-connector: WARNING: IndexerConnector initialization failed for index 'wazuh-states-inventory-services-wazuh', retrying until the connection is successful.
2026/09/19 14:20:39 logger-helper: INFO: InventoryHarvesterFacade module started.
2026/09/19 14:20:39 wazuh-modulesd:syscollector: INFO: Evaluation finished.
2026/09/19 14:20:43 sca: INFO: Evaluation finished for policy '/var/ossec/ruleset/sca/cis_ubuntu24-04.yml'
2026/09/19 14:20:43 sca: INFO: Security Configuration Assessment scan finished. Duration: 5 seconds.
2026/09/19 14:20:43 wazuh-authd: INFO: Received request for a new agent (fsc-target) from: 192.168.0.14
2026/09/19 14:20:43 wazuh-authd: WARNING: Duplicate name 'fsc-target', rejecting enrollment. Agent '001' doesn't comply with the registration time to be removed.
2026/09/19 14:21:02 wazuh-syscheckd: INFO: netstat not available. Skipping port check.
2026/09/19 14:21:07 rootcheck: INFO: Ending rootcheck scan.
2026/09/19 14:21:15 wazuh-authd: INFO: Received request for a new agent (fsc-target) from: 192.168.0.14
2026/09/19 14:21:15 wazuh-authd: WARNING: Duplicate name 'fsc-target', rejecting enrollment. Agent '001' doesn't comply with the registration time to be removed.
2026/09/19 14:21:19 wazuh-authd: INFO: Received request for a new agent (fsc-target) from: 192.168.0.14
2026/09/19 14:21:19 wazuh-authd: WARNING: Duplicate name 'fsc-target', rejecting enrollment. Agent '001' doesn't comply with the registration time to be removed.
2026/09/19 14:21:24 wazuh-authd: INFO: Received request for a new agent (fsc-target) from: 192.168.0.14
2026/09/19 14:21:24 wazuh-authd: WARNING: Duplicate name 'fsc-target', rejecting enrollment. Agent '001' doesn't comply with the registration time to be removed.
2026/09/19 14:21:34 wazuh-authd: INFO: Received request for a new agent (fsc-target) from: 192.168.0.14
2026/09/19 14:21:34 wazuh-authd: WARNING: Duplicate name 'fsc-target', rejecting enrollment. Agent '001' doesn't comply with the registration time to be removed.
2026/09/19 14:21:49 wazuh-authd: INFO: Received request for a new agent (fsc-target) from: 192.168.0.14
2026/09/19 14:21:49 wazuh-authd: WARNING: Duplicate name 'fsc-target', rejecting enrollment. Agent '001' doesn't comply with the registration time to be removed.
2026/09/19 14:22:09 wazuh-authd: INFO: Received request for a new agent (fsc-target) from: 192.168.0.14
2026/09/19 14:22:09 wazuh-authd: WARNING: Duplicate name 'fsc-target', rejecting enrollment. Agent '001' doesn't comply with the registration time to be removed.
2026/09/19 14:22:31 wazuh-authd: INFO: Agent '001' (fsc-target) deleted (requested locally)
2026/09/19 14:22:31 wazuh-monitord: INFO: (1225): SIGNAL [(15)-(Terminated)] Received. Exit Cleaning...
2026/09/19 14:22:32 wazuh-logcollector: INFO: (1225): SIGNAL [(15)-(Terminated)] Received. Exit Cleaning...
2026/09/19 14:22:32 wazuh-remoted: INFO: (1225): SIGNAL [(15)-(Terminated)] Received. Exit Cleaning...
2026/09/19 14:22:32 wazuh-syscheckd: INFO: (1756): Shutdown received. Releasing resources.
2026/09/19 14:22:32 wazuh-syscheckd: INFO: (1225): SIGNAL [(15)-(Terminated)] Received. Exit Cleaning...
2026/09/19 14:22:32 wazuh-analysisd: INFO: (1225): SIGNAL [(15)-(Terminated)] Received. Exit Cleaning...
2026/09/19 14:22:32 wazuh-execd: INFO: (1314): Shutdown received. Deleting responses.
2026/09/19 14:22:32 wazuh-execd: INFO: (1225): SIGNAL [(15)-(Terminated)] Received. Exit Cleaning...
2026/09/19 14:22:32 wazuh-db: INFO: (1225): SIGNAL [(15)-(Terminated)] Received. Exit Cleaning...
2026/09/19 14:22:32 wazuh-authd: INFO: (1225): SIGNAL [(15)-(Terminated)] Received. Exit Cleaning...
2026/09/19 14:22:32 wazuh-authd: INFO: Exiting...
2026/09/19 14:22:32 :router: INFO: Stopping server thread
2026/09/19 14:22:32 wazuh-modulesd: INFO: Shutting down Wazuh modules.
2026/09/19 14:22:32 wazuh-modulesd:syscollector: INFO: Stop received for Syscollector.
2026/09/19 14:22:32 wazuh-modulesd:syscollector: INFO: Module finished.
2026/09/19 14:22:32 wazuh-modulesd:vulnerability-scanner: INFO: Stopping vulnerability_scanner module.
2026/09/19 14:22:32 wazuh-modulesd:router: INFO: Stopping router module.
2026/09/19 14:22:32 wazuh-modulesd:content_manager: INFO: Stopping content_manager module.
2026/09/19 14:22:32 wazuh-modulesd:inventory-harvester: INFO: Stopping inventory_harvester module.
2026/09/19 14:22:32 logger-helper: INFO: Inventory harvester module stopped.
2026/09/19 14:22:33 wazuh-db: INFO: Graceful process shutdown.
2026/09/19 14:22:33 wazuh-analysisd: WARNING: (7616): List 'etc/lists/malicious-ioc/malware-hashes' could not be loaded. Rule '99901' will be ignored.
2026/09/19 14:22:33 wazuh-analysisd: WARNING: (7616): List 'etc/lists/malicious-ioc/malicious-ip' could not be loaded. Rule '99902' will be ignored.
2026/09/19 14:22:33 wazuh-analysisd: WARNING: (7616): List 'etc/lists/malicious-ioc/malicious-ip' could not be loaded. Rule '99903' will be ignored.
2026/09/19 14:22:33 wazuh-analysisd: WARNING: (7616): List 'etc/lists/malicious-ioc/malicious-ip' could not be loaded. Rule '99904' will be ignored.
2026/09/19 14:22:33 wazuh-analysisd: WARNING: (7616): List 'etc/lists/malicious-ioc/malicious-ip' could not be loaded. Rule '99905' will be ignored.
2026/09/19 14:22:33 wazuh-analysisd: WARNING: (7617): Signature ID '99905' was not found and will be ignored in the 'if_sid' option of rule '99906'.
2026/09/19 14:22:33 wazuh-analysisd: WARNING: (7619): Empty 'if_sid' value. Rule '99906' will be ignored.
2026/09/19 14:22:33 wazuh-analysisd: WARNING: (7616): List 'etc/lists/malicious-ioc/malicious-ip' could not be loaded. Rule '99907' will be ignored.
2026/09/19 14:22:33 wazuh-analysisd: WARNING: (7616): List 'etc/lists/malicious-ioc/malicious-ip' could not be loaded. Rule '99908' will be ignored.
2026/09/19 14:22:33 wazuh-analysisd: WARNING: (7616): List 'etc/lists/malicious-ioc/malicious-ip' could not be loaded. Rule '99909' will be ignored.
2026/09/19 14:22:33 wazuh-analysisd: WARNING: (7616): List 'etc/lists/malicious-ioc/malicious-ip' could not be loaded. Rule '99910' will be ignored.
2026/09/19 14:22:33 wazuh-analysisd: WARNING: (7616): List 'etc/lists/malicious-ioc/malicious-ip' could not be loaded. Rule '99911' will be ignored.
2026/09/19 14:22:33 wazuh-analysisd: WARNING: (7616): List 'etc/lists/malicious-ioc/malicious-ip' could not be loaded. Rule '99912' will be ignored.
2026/09/19 14:22:33 wazuh-analysisd: WARNING: (7616): List 'etc/lists/malicious-ioc/malicious-ip' could not be loaded. Rule '99913' will be ignored.
2026/09/19 14:22:33 wazuh-analysisd: WARNING: (7616): List 'etc/lists/malicious-ioc/malicious-ip' could not be loaded. Rule '99914' will be ignored.
2026/09/19 14:22:33 wazuh-analysisd: WARNING: (7616): List 'etc/lists/malicious-ioc/malicious-ip' could not be loaded. Rule '99915' will be ignored.
2026/09/19 14:22:33 wazuh-analysisd: WARNING: (7616): List 'etc/lists/malicious-ioc/malicious-ip' could not be loaded. Rule '99916' will be ignored.
2026/09/19 14:22:33 wazuh-analysisd: WARNING: (7616): List 'etc/lists/malicious-ioc/malicious-domains' could not be loaded. Rule '99917' will be ignored.
2026/09/19 14:22:33 wazuh-analysisd: WARNING: (7616): List 'etc/lists/malicious-ioc/malicious-domains' could not be loaded. Rule '99918' will be ignored.
2026/09/19 14:22:33 wazuh-analysisd: WARNING: (7616): List 'etc/lists/malicious-ioc/malicious-ip' could not be loaded. Rule '99919' will be ignored.
2026/09/19 14:22:33 wazuh-analysisd: WARNING: (7616): List 'etc/lists/malicious-ioc/malicious-ip' could not be loaded. Rule '99920' will be ignored.
2026/09/19 14:22:34 wazuh-modulesd: WARNING: The 'vulnerability-detector' configuration is deprecated, please update your settings to use the new 'vulnerability-detection' instead (default values will be used based on your previous configurations). See https://documentation.wazuh.com
2026/09/19 14:22:34 wazuh-modulesd: WARNING: (1230): Invalid element in the configuration: 'interval'.
2026/09/19 14:22:34 wazuh-modulesd: WARNING: (1230): Invalid element in the configuration: 'min_full_scan_interval'.
2026/09/19 14:22:34 wazuh-modulesd: WARNING: (1230): Invalid element in the configuration: 'run_on_start'.
2026/09/19 14:22:34 wazuh-modulesd: WARNING: (1230): Invalid element in the configuration: 'provider'.
2026/09/19 14:22:34 wazuh-modulesd: WARNING: (1230): Invalid element in the configuration: 'provider'.
2026/09/19 14:22:34 wazuh-modulesd: WARNING: (1230): Invalid element in the configuration: 'provider'.
2026/09/19 14:22:34 wazuh-modulesd: WARNING: (1230): Invalid element in the configuration: 'provider'.
2026/09/19 14:22:34 wazuh-modulesd: WARNING: (1230): Invalid element in the configuration: 'provider'.
2026/09/19 14:22:34 wazuh-modulesd: WARNING: (1230): Invalid element in the configuration: 'provider'.
2026/09/19 14:22:34 wazuh-modulesd: WARNING: (1230): Invalid element in the configuration: 'provider'.
2026/09/19 14:22:34 wazuh-modulesd: WARNING: (1230): Invalid element in the configuration: 'provider'.
2026/09/19 14:22:34 wazuh-modulesd: WARNING: (1230): Invalid element in the configuration: 'provider'.
2026/09/19 14:22:34 wazuh-modulesd:router: INFO: Loaded router module.
2026/09/19 14:22:34 wazuh-modulesd:content_manager: INFO: Loaded content_manager module.
2026/09/19 14:22:34 wazuh-modulesd:inventory-harvester: INFO: Loaded Inventory harvester module.
2026/09/19 14:22:34 wazuh-testrule: WARNING: (7616): List 'etc/lists/malicious-ioc/malware-hashes' could not be loaded. Rule '99901' will be ignored.
2026/09/19 14:22:34 wazuh-testrule: WARNING: (7616): List 'etc/lists/malicious-ioc/malicious-ip' could not be loaded. Rule '99902' will be ignored.
2026/09/19 14:22:34 wazuh-testrule: WARNING: (7616): List 'etc/lists/malicious-ioc/malicious-ip' could not be loaded. Rule '99903' will be ignored.
2026/09/19 14:22:34 wazuh-testrule: WARNING: (7616): List 'etc/lists/malicious-ioc/malicious-ip' could not be loaded. Rule '99904' will be ignored.
2026/09/19 14:22:34 wazuh-testrule: WARNING: (7616): List 'etc/lists/malicious-ioc/malicious-ip' could not be loaded. Rule '99905' will be ignored.
2026/09/19 14:22:34 wazuh-testrule: WARNING: (7617): Signature ID '99905' was not found and will be ignored in the 'if_sid' option of rule '99906'.
2026/09/19 14:22:34 wazuh-testrule: WARNING: (7619): Empty 'if_sid' value. Rule '99906' will be ignored.
2026/09/19 14:22:34 wazuh-testrule: WARNING: (7616): List 'etc/lists/malicious-ioc/malicious-ip' could not be loaded. Rule '99907' will be ignored.
2026/09/19 14:22:34 wazuh-testrule: WARNING: (7616): List 'etc/lists/malicious-ioc/malicious-ip' could not be loaded. Rule '99908' will be ignored.
2026/09/19 14:22:34 wazuh-testrule: WARNING: (7616): List 'etc/lists/malicious-ioc/malicious-ip' could not be loaded. Rule '99909' will be ignored.
2026/09/19 14:22:34 wazuh-testrule: WARNING: (7616): List 'etc/lists/malicious-ioc/malicious-ip' could not be loaded. Rule '99910' will be ignored.
2026/09/19 14:22:34 wazuh-testrule: WARNING: (7616): List 'etc/lists/malicious-ioc/malicious-ip' could not be loaded. Rule '99911' will be ignored.
2026/09/19 14:22:34 wazuh-testrule: WARNING: (7616): List 'etc/lists/malicious-ioc/malicious-ip' could not be loaded. Rule '99912' will be ignored.
2026/09/19 14:22:34 wazuh-testrule: WARNING: (7616): List 'etc/lists/malicious-ioc/malicious-ip' could not be loaded. Rule '99913' will be ignored.
2026/09/19 14:22:34 wazuh-testrule: WARNING: (7616): List 'etc/lists/malicious-ioc/malicious-ip' could not be loaded. Rule '99914' will be ignored.
2026/09/19 14:22:34 wazuh-testrule: WARNING: (7616): List 'etc/lists/malicious-ioc/malicious-ip' could not be loaded. Rule '99915' will be ignored.
2026/09/19 14:22:34 wazuh-testrule: WARNING: (7616): List 'etc/lists/malicious-ioc/malicious-ip' could not be loaded. Rule '99916' will be ignored.
2026/09/19 14:22:34 wazuh-testrule: WARNING: (7616): List 'etc/lists/malicious-ioc/malicious-domains' could not be loaded. Rule '99917' will be ignored.
2026/09/19 14:22:34 wazuh-testrule: WARNING: (7616): List 'etc/lists/malicious-ioc/malicious-domains' could not be loaded. Rule '99918' will be ignored.
2026/09/19 14:22:34 wazuh-testrule: WARNING: (7616): List 'etc/lists/malicious-ioc/malicious-ip' could not be loaded. Rule '99919' will be ignored.
2026/09/19 14:22:34 wazuh-testrule: WARNING: (7616): List 'etc/lists/malicious-ioc/malicious-ip' could not be loaded. Rule '99920' will be ignored.
2026/09/19 14:22:35 wazuh-csyslogd: INFO: Remote syslog server not configured. Clean exit.
2026/09/19 14:22:35 wazuh-integratord: INFO: Remote integrations not configured. Clean exit.
2026/09/19 14:22:35 wazuh-agentlessd: INFO: Not configured. Exiting.
2026/09/19 14:22:35 wazuh-authd: INFO: Started (pid: 53798).
2026/09/19 14:22:35 wazuh-authd: INFO: Accepting connections on port 1515. No password required.
2026/09/19 14:22:35 wazuh-authd: INFO: Setting network timeout to 1.000000 sec.
2026/09/19 14:22:36 wazuh-db: INFO: Started (pid: 53813).
2026/09/19 14:22:36 :router: INFO: Registering GET endpoint: /v1/agents/ids
2026/09/19 14:22:36 :router: INFO: Registering GET endpoint: /v1/agents/ids/groups/:name
2026/09/19 14:22:36 :router: INFO: Registering GET endpoint: /v1/agents/ids/groups
2026/09/19 14:22:36 :router: INFO: Registering GET endpoint: /v1/agents/:agent_id/groups
2026/09/19 14:22:36 :router: INFO: Registering POST endpoint: /v1/agents/summary
2026/09/19 14:22:36 :router: INFO: Registering GET endpoint: /v1/agents/sync
2026/09/19 14:22:36 :router: INFO: Registering POST endpoint: /v1/agents/sync
2026/09/19 14:22:36 :router: INFO: Registering POST endpoint: /v1/agents/restartinfo
2026/09/19 14:22:36 :router: INFO: API started successfully
2026/09/19 14:22:37 wazuh-execd: INFO: Started (pid: 53853).
2026/09/19 14:22:39 wazuh-analysisd: WARNING: (7616): List 'etc/lists/malicious-ioc/malware-hashes' could not be loaded. Rule '99901' will be ignored.
2026/09/19 14:22:39 wazuh-analysisd: WARNING: (7616): List 'etc/lists/malicious-ioc/malicious-ip' could not be loaded. Rule '99902' will be ignored.
2026/09/19 14:22:39 wazuh-analysisd: WARNING: (7616): List 'etc/lists/malicious-ioc/malicious-ip' could not be loaded. Rule '99903' will be ignored.
2026/09/19 14:22:39 wazuh-analysisd: WARNING: (7616): List 'etc/lists/malicious-ioc/malicious-ip' could not be loaded. Rule '99904' will be ignored.
2026/09/19 14:22:39 wazuh-analysisd: WARNING: (7616): List 'etc/lists/malicious-ioc/malicious-ip' could not be loaded. Rule '99905' will be ignored.
2026/09/19 14:22:39 wazuh-analysisd: WARNING: (7617): Signature ID '99905' was not found and will be ignored in the 'if_sid' option of rule '99906'.
2026/09/19 14:22:39 wazuh-analysisd: WARNING: (7619): Empty 'if_sid' value. Rule '99906' will be ignored.
2026/09/19 14:22:39 wazuh-analysisd: WARNING: (7616): List 'etc/lists/malicious-ioc/malicious-ip' could not be loaded. Rule '99907' will be ignored.
2026/09/19 14:22:39 wazuh-analysisd: WARNING: (7616): List 'etc/lists/malicious-ioc/malicious-ip' could not be loaded. Rule '99908' will be ignored.
2026/09/19 14:22:39 wazuh-analysisd: WARNING: (7616): List 'etc/lists/malicious-ioc/malicious-ip' could not be loaded. Rule '99909' will be ignored.
2026/09/19 14:22:39 wazuh-analysisd: WARNING: (7616): List 'etc/lists/malicious-ioc/malicious-ip' could not be loaded. Rule '99910' will be ignored.
2026/09/19 14:22:39 wazuh-analysisd: WARNING: (7616): List 'etc/lists/malicious-ioc/malicious-ip' could not be loaded. Rule '99911' will be ignored.
2026/09/19 14:22:39 wazuh-analysisd: WARNING: (7616): List 'etc/lists/malicious-ioc/malicious-ip' could not be loaded. Rule '99912' will be ignored.
2026/09/19 14:22:39 wazuh-analysisd: WARNING: (7616): List 'etc/lists/malicious-ioc/malicious-ip' could not be loaded. Rule '99913' will be ignored.
2026/09/19 14:22:39 wazuh-analysisd: WARNING: (7616): List 'etc/lists/malicious-ioc/malicious-ip' could not be loaded. Rule '99914' will be ignored.
2026/09/19 14:22:39 wazuh-analysisd: WARNING: (7616): List 'etc/lists/malicious-ioc/malicious-ip' could not be loaded. Rule '99915' will be ignored.
2026/09/19 14:22:39 wazuh-analysisd: WARNING: (7616): List 'etc/lists/malicious-ioc/malicious-ip' could not be loaded. Rule '99916' will be ignored.
2026/09/19 14:22:39 wazuh-analysisd: WARNING: (7616): List 'etc/lists/malicious-ioc/malicious-domains' could not be loaded. Rule '99917' will be ignored.
2026/09/19 14:22:39 wazuh-analysisd: WARNING: (7616): List 'etc/lists/malicious-ioc/malicious-domains' could not be loaded. Rule '99918' will be ignored.
2026/09/19 14:22:39 wazuh-analysisd: WARNING: (7616): List 'etc/lists/malicious-ioc/malicious-ip' could not be loaded. Rule '99919' will be ignored.
2026/09/19 14:22:39 wazuh-analysisd: WARNING: (7616): List 'etc/lists/malicious-ioc/malicious-ip' could not be loaded. Rule '99920' will be ignored.
2026/09/19 14:22:39 wazuh-analysisd: INFO: Total rules enabled: '8405'
2026/09/19 14:22:39 wazuh-analysisd: INFO: White listing IP: '127.0.0.1'
2026/09/19 14:22:39 wazuh-analysisd: INFO: White listing IP: '127.0.0.53'
2026/09/19 14:22:39 wazuh-analysisd: INFO: 2 IPs in the white list for active response.
2026/09/19 14:22:39 wazuh-analysisd: INFO: White listing Hostname: 'localhost.localdomain'
2026/09/19 14:22:39 wazuh-analysisd: INFO: 1 Hostname(s) in the white list for active response.
2026/09/19 14:22:39 wazuh-analysisd: INFO: Started (pid: 53867).
2026/09/19 14:22:39 wazuh-analysisd: INFO: (7200): Logtest started
2026/09/19 14:22:40 wazuh-syscheckd: INFO: Started (pid: 53883).
2026/09/19 14:22:40 wazuh-syscheckd: INFO: (6003): Monitoring path: '/bin', with options 'size | permissions | owner | group | mtime | inode | hash_md5 | hash_sha1 | hash_sha256 | scheduled'.
2026/09/19 14:22:40 wazuh-syscheckd: INFO: (6003): Monitoring path: '/boot', with options 'size | permissions | owner | group | mtime | inode | hash_md5 | hash_sha1 | hash_sha256 | scheduled'.
2026/09/19 14:22:40 wazuh-syscheckd: INFO: (6003): Monitoring path: '/etc', with options 'size | permissions | owner | group | mtime | inode | hash_md5 | hash_sha1 | hash_sha256 | scheduled'.
2026/09/19 14:22:40 wazuh-syscheckd: INFO: (6003): Monitoring path: '/sbin', with options 'size | permissions | owner | group | mtime | inode | hash_md5 | hash_sha1 | hash_sha256 | scheduled'.
2026/09/19 14:22:40 wazuh-syscheckd: INFO: (6003): Monitoring path: '/usr/bin', with options 'size | permissions | owner | group | mtime | inode | hash_md5 | hash_sha1 | hash_sha256 | scheduled'.
2026/09/19 14:22:40 wazuh-syscheckd: INFO: (6003): Monitoring path: '/usr/sbin', with options 'size | permissions | owner | group | mtime | inode | hash_md5 | hash_sha1 | hash_sha256 | scheduled'.
2026/09/19 14:22:40 wazuh-syscheckd: INFO: (6206): Ignore 'file' entry '/etc/mtab'
2026/09/19 14:22:40 wazuh-syscheckd: INFO: (6206): Ignore 'file' entry '/etc/hosts.deny'
2026/09/19 14:22:40 wazuh-syscheckd: INFO: (6206): Ignore 'file' entry '/etc/mail/statistics'
2026/09/19 14:22:40 wazuh-syscheckd: INFO: (6206): Ignore 'file' entry '/etc/random-seed'
2026/09/19 14:22:40 wazuh-syscheckd: INFO: (6206): Ignore 'file' entry '/etc/random.seed'
2026/09/19 14:22:40 wazuh-syscheckd: INFO: (6206): Ignore 'file' entry '/etc/adjtime'
2026/09/19 14:22:40 wazuh-syscheckd: INFO: (6206): Ignore 'file' entry '/etc/httpd/logs'
2026/09/19 14:22:40 wazuh-syscheckd: INFO: (6206): Ignore 'file' entry '/etc/utmpx'
2026/09/19 14:22:40 wazuh-syscheckd: INFO: (6206): Ignore 'file' entry '/etc/wtmpx'
2026/09/19 14:22:40 wazuh-syscheckd: INFO: (6206): Ignore 'file' entry '/etc/cups/certs'
2026/09/19 14:22:40 wazuh-syscheckd: INFO: (6206): Ignore 'file' entry '/etc/dumpdates'
2026/09/19 14:22:40 wazuh-syscheckd: INFO: (6206): Ignore 'file' entry '/etc/svc/volatile'
2026/09/19 14:22:40 wazuh-syscheckd: INFO: (6207): Ignore 'file' sregex '.log$|.swp$'
2026/09/19 14:22:40 wazuh-syscheckd: INFO: (6004): No diff for file: '/etc/ssl/private.key'
2026/09/19 14:22:40 wazuh-syscheckd: INFO: (6000): Starting daemon...
2026/09/19 14:22:40 wazuh-syscheckd: INFO: (6010): File integrity monitoring scan frequency: 43200 seconds
2026/09/19 14:22:40 wazuh-syscheckd: INFO: (6008): File integrity monitoring scan started.
2026/09/19 14:22:40 rootcheck: INFO: Starting rootcheck scan.
2026/09/19 14:22:40 wazuh-remoted: ERROR: Unable to open file 'etc/shared/bsc-hardening/__pycache__/bsc-suid-generic-hardening.cpython-312.pyc' due to [(13)-(Permission denied)].
2026/09/19 14:22:40 wazuh-remoted: ERROR: Invalid shared file 'etc/shared/bsc-hardening/__pycache__/bsc-suid-generic-hardening.cpython-312.pyc'. Ignoring it.
2026/09/19 14:22:40 wazuh-remoted: INFO: Started (pid: 53897). Listening on port 1514/TCP (secure).
2026/09/19 14:22:40 wazuh-remoted: INFO: (1410): Reading authentication keys file.
2026/09/19 14:22:41 wazuh-logcollector: INFO: Monitoring output of command(360): df -P
2026/09/19 14:22:41 wazuh-logcollector: INFO: Monitoring full output of command(360): netstat -tulpn | sed 's/\([[:alnum:]]\+\)\ \+[[:digit:]]\+\ \+[[:digit:]]\+\ \+\(.*\):\([[:digit:]]*\)\ \+\([0-9\.\:\*]\+\).\+\ \([[:digit:]]*\/[[:alnum:]\-]*\).*/\1 \2 == \3 == \4 \5/' | sort -k 4 -g | sed 's/ == \(.*\) ==/:\1/' | sed 1,2d
2026/09/19 14:22:41 wazuh-logcollector: INFO: Monitoring full output of command(360): last -n 20
2026/09/19 14:22:41 wazuh-logcollector: INFO: (1950): Analyzing file: '/var/ossec/logs/active-responses.log'.
2026/09/19 14:22:41 wazuh-logcollector: INFO: (1950): Analyzing file: '/var/log/dpkg.log'.
2026/09/19 14:22:41 wazuh-logcollector: INFO: Started (pid: 53942).
2026/09/19 14:22:41 wazuh-syscheckd: INFO: (6009): File integrity monitoring scan ended.
2026/09/19 14:22:41 wazuh-syscheckd: INFO: FIM sync module started.
2026/09/19 14:22:42 wazuh-monitord: INFO: Started (pid: 53986).
2026/09/19 14:22:42 wazuh-analysisd: INFO: Connected to 'queue/alerts/ar' (active-response queue)
2026/09/19 14:22:42 wazuh-analysisd: INFO: Connected to 'queue/alerts/execq' (exec queue)
2026/09/19 14:22:42 wazuh-analysisd: INFO: EPS limit disabled
2026/09/19 14:22:43 wazuh-modulesd: WARNING: The 'vulnerability-detector' configuration is deprecated, please update your settings to use the new 'vulnerability-detection' instead (default values will be used based on your previous configurations). See https://documentation.wazuh.com
2026/09/19 14:22:43 wazuh-modulesd: WARNING: (1230): Invalid element in the configuration: 'interval'.
2026/09/19 14:22:43 wazuh-modulesd: WARNING: (1230): Invalid element in the configuration: 'min_full_scan_interval'.
2026/09/19 14:22:43 wazuh-modulesd: WARNING: (1230): Invalid element in the configuration: 'run_on_start'.
2026/09/19 14:22:43 wazuh-modulesd: WARNING: (1230): Invalid element in the configuration: 'provider'.
2026/09/19 14:22:43 wazuh-modulesd: WARNING: (1230): Invalid element in the configuration: 'provider'.
2026/09/19 14:22:43 wazuh-modulesd: WARNING: (1230): Invalid element in the configuration: 'provider'.
2026/09/19 14:22:43 wazuh-modulesd: WARNING: (1230): Invalid element in the configuration: 'provider'.
2026/09/19 14:22:43 wazuh-modulesd: WARNING: (1230): Invalid element in the configuration: 'provider'.
2026/09/19 14:22:43 wazuh-modulesd: WARNING: (1230): Invalid element in the configuration: 'provider'.
2026/09/19 14:22:43 wazuh-modulesd: WARNING: (1230): Invalid element in the configuration: 'provider'.
2026/09/19 14:22:43 wazuh-modulesd: WARNING: (1230): Invalid element in the configuration: 'provider'.
2026/09/19 14:22:43 wazuh-modulesd: WARNING: (1230): Invalid element in the configuration: 'provider'.
2026/09/19 14:22:43 wazuh-modulesd:router: INFO: Loaded router module.
2026/09/19 14:22:43 wazuh-modulesd:content_manager: INFO: Loaded content_manager module.
2026/09/19 14:22:43 wazuh-modulesd:inventory-harvester: INFO: Loaded Inventory harvester module.
2026/09/19 14:22:43 wazuh-modulesd: INFO: Started (pid: 54115).
2026/09/19 14:22:43 wazuh-modulesd:agent-upgrade: INFO: (8153): Module Agent Upgrade started.
2026/09/19 14:22:43 wazuh-modulesd:ciscat: INFO: Module disabled. Exiting...
2026/09/19 14:22:43 wazuh-modulesd:osquery: INFO: Module disabled. Exiting...
2026/09/19 14:22:43 sca: INFO: Module started.
2026/09/19 14:22:43 wazuh-modulesd:task-manager: INFO: (8200): Module Task Manager started.
2026/09/19 14:22:43 sca: INFO: Loaded policy '/var/ossec/ruleset/sca/cis_ubuntu24-04.yml'
2026/09/19 14:22:43 wazuh-modulesd:vulnerability-scanner: INFO: Starting vulnerability_scanner module.
2026/09/19 14:22:43 wazuh-modulesd:router: INFO: Starting router module.
2026/09/19 14:22:43 wazuh-modulesd:content_manager: INFO: Starting content_manager module.
2026/09/19 14:22:43 sca: INFO: Starting Security Configuration Assessment scan.
2026/09/19 14:22:43 wazuh-modulesd:database: INFO: Module started.
2026/09/19 14:22:43 wazuh-modulesd:download: INFO: Module started.
2026/09/19 14:22:43 wazuh-modulesd:inventory-harvester: INFO: Starting inventory_harvester module.
2026/09/19 14:22:43 wazuh-modulesd:control: INFO: Starting control thread.
2026/09/19 14:22:43 wazuh-modulesd:syscollector: INFO: Module started.
2026/09/19 14:22:43 wazuh-modulesd:syscollector: INFO: Starting evaluation.
2026/09/19 14:22:43 sca: INFO: Starting evaluation of policy: '/var/ossec/ruleset/sca/cis_ubuntu24-04.yml'
2026/09/19 14:22:43 wazuh-modulesd:vulnerability-scanner: INFO: Vulnerability scanner module is disabled.
2026/09/19 14:22:43 indexer-connector: WARNING: No username and password found in the keystore, using default values.
2026/09/19 14:22:43 indexer-connector: WARNING: IndexerConnector initialization failed for index 'wazuh-states-inventory-packages-wazuh', retrying until the connection is successful.
2026/09/19 14:22:43 indexer-connector: WARNING: IndexerConnector initialization failed for index 'wazuh-states-inventory-system-wazuh', retrying until the connection is successful.
2026/09/19 14:22:43 indexer-connector: WARNING: IndexerConnector initialization failed for index 'wazuh-states-inventory-processes-wazuh', retrying until the connection is successful.
2026/09/19 14:22:43 indexer-connector: WARNING: IndexerConnector initialization failed for index 'wazuh-states-inventory-ports-wazuh', retrying until the connection is successful.
2026/09/19 14:22:43 indexer-connector: WARNING: IndexerConnector initialization failed for index 'wazuh-states-inventory-hotfixes-wazuh', retrying until the connection is successful.
2026/09/19 14:22:43 indexer-connector: WARNING: IndexerConnector initialization failed for index 'wazuh-states-inventory-hardware-wazuh', retrying until the connection is successful.
2026/09/19 14:22:43 indexer-connector: WARNING: IndexerConnector initialization failed for index 'wazuh-states-inventory-protocols-wazuh', retrying until the connection is successful.
2026/09/19 14:22:44 indexer-connector: WARNING: IndexerConnector initialization failed for index 'wazuh-states-inventory-interfaces-wazuh', retrying until the connection is successful.
2026/09/19 14:22:44 indexer-connector: WARNING: IndexerConnector initialization failed for index 'wazuh-states-inventory-networks-wazuh', retrying until the connection is successful.
2026/09/19 14:22:44 indexer-connector: WARNING: IndexerConnector initialization failed for index 'wazuh-states-inventory-users-wazuh', retrying until the connection is successful.
2026/09/19 14:22:44 indexer-connector: WARNING: IndexerConnector initialization failed for index 'wazuh-states-inventory-groups-wazuh', retrying until the connection is successful.
2026/09/19 14:22:44 indexer-connector: WARNING: IndexerConnector initialization failed for index 'wazuh-states-inventory-browser-extensions-wazuh', retrying until the connection is successful.
2026/09/19 14:22:44 wazuh-modulesd:syscollector: INFO: Evaluation finished.
2026/09/19 14:22:44 indexer-connector: WARNING: IndexerConnector initialization failed for index 'wazuh-states-inventory-services-wazuh', retrying until the connection is successful.
2026/09/19 14:22:44 logger-helper: INFO: InventoryHarvesterFacade module started.
2026/09/19 14:22:45 wazuh-authd: INFO: Received request for a new agent (fsc-target) from: 192.168.0.14
2026/09/19 14:22:45 wazuh-authd: INFO: Agent key generated for 'fsc-target' (requested by any)
2026/09/19 14:22:47 wazuh-remoted: WARNING: (1408): Invalid ID 001 for the source ip: '192.168.0.14' (name 'unknown').
2026/09/19 14:22:48 sca: INFO: Evaluation finished for policy '/var/ossec/ruleset/sca/cis_ubuntu24-04.yml'
2026/09/19 14:22:48 sca: INFO: Security Configuration Assessment scan finished. Duration: 5 seconds.
2026/09/19 14:22:50 wazuh-remoted: INFO: (1409): Authentication file changed. Updating.
2026/09/19 14:22:50 wazuh-remoted: INFO: (1410): Reading authentication keys file.
2026/09/19 14:23:07 wazuh-syscheckd: INFO: netstat not available. Skipping port check.
2026/09/19 14:23:12 rootcheck: INFO: Ending rootcheck scan.
2026/09/19 15:01:38 wazuh-monitord: INFO: (1225): SIGNAL [(15)-(Terminated)] Received. Exit Cleaning...
2026/09/19 15:01:38 wazuh-logcollector: INFO: (1225): SIGNAL [(15)-(Terminated)] Received. Exit Cleaning...
2026/09/19 15:01:38 wazuh-remoted: INFO: (1225): SIGNAL [(15)-(Terminated)] Received. Exit Cleaning...
2026/09/19 15:01:38 wazuh-syscheckd: INFO: (1756): Shutdown received. Releasing resources.
2026/09/19 15:01:38 wazuh-syscheckd: INFO: (1225): SIGNAL [(15)-(Terminated)] Received. Exit Cleaning...
2026/09/19 15:01:38 wazuh-analysisd: INFO: (1225): SIGNAL [(15)-(Terminated)] Received. Exit Cleaning...
2026/09/19 15:01:38 wazuh-execd: INFO: (1314): Shutdown received. Deleting responses.
2026/09/19 15:01:38 wazuh-execd: INFO: (1225): SIGNAL [(15)-(Terminated)] Received. Exit Cleaning...
2026/09/19 15:01:38 wazuh-db: INFO: (1225): SIGNAL [(15)-(Terminated)] Received. Exit Cleaning...
2026/09/19 15:01:38 wazuh-authd: INFO: (1225): SIGNAL [(15)-(Terminated)] Received. Exit Cleaning...
2026/09/19 15:01:39 wazuh-authd: INFO: Exiting...
2026/09/19 15:01:39 wazuh-modulesd: INFO: Shutting down Wazuh modules.
2026/09/19 15:01:39 wazuh-modulesd:syscollector: INFO: Stop received for Syscollector.
2026/09/19 15:01:39 wazuh-modulesd:syscollector: INFO: Module finished.
2026/09/19 15:01:39 wazuh-modulesd:vulnerability-scanner: INFO: Stopping vulnerability_scanner module.
2026/09/19 15:01:39 wazuh-modulesd:router: INFO: Stopping router module.
2026/09/19 15:01:39 wazuh-modulesd:content_manager: INFO: Stopping content_manager module.
2026/09/19 15:01:39 wazuh-modulesd:inventory-harvester: INFO: Stopping inventory_harvester module.
2026/09/19 15:01:39 indexer-connector: WARNING: Failed to sync agent '001': No available server
2026/09/19 15:01:39 indexer-connector: WARNING: Failed to sync agent '001': No available server
2026/09/19 15:01:39 indexer-connector: WARNING: Failed to sync agent '001': No available server
2026/09/19 15:01:39 indexer-connector: WARNING: Failed to sync agent '001': No available server
2026/09/19 15:01:39 indexer-connector: WARNING: Failed to sync agent '001': No available server
2026/09/19 15:01:39 indexer-connector: WARNING: Failed to sync agent '001': No available server
2026/09/19 15:01:39 indexer-connector: WARNING: Failed to sync agent '001': No available server
2026/09/19 15:01:39 indexer-connector: WARNING: Failed to sync agent '001': No available server
2026/09/19 15:01:39 indexer-connector: WARNING: Failed to sync agent '001': No available server
2026/09/19 15:01:39 indexer-connector: WARNING: Failed to sync agent '001': No available server
2026/09/19 15:01:39 indexer-connector: WARNING: Failed to sync agent '001': No available server
2026/09/19 15:01:39 indexer-connector: WARNING: Failed to sync agent '001': No available server
2026/09/19 15:01:39 indexer-connector: WARNING: Failed to sync agent '001': No available server
2026/09/19 15:01:39 indexer-connector: WARNING: Failed to sync agent '001': No available server
2026/09/19 15:01:39 indexer-connector: WARNING: Failed to sync agent '001': No available server
2026/09/19 15:01:39 indexer-connector: WARNING: Failed to sync agent '001': No available server
2026/09/19 15:01:39 indexer-connector: WARNING: Failed to sync agent '001': No available server
2026/09/19 15:01:39 indexer-connector: WARNING: Failed to sync agent '001': No available server
2026/09/19 15:01:39 indexer-connector: WARNING: Failed to sync agent '001': No available server
2026/09/19 15:01:39 indexer-connector: WARNING: Failed to sync agent '001': No available server
2026/09/19 15:01:39 indexer-connector: WARNING: Failed to sync agent '001': No available server
2026/09/19 15:01:39 indexer-connector: WARNING: Failed to sync agent '001': No available server
2026/09/19 15:01:39 indexer-connector: WARNING: Failed to sync agent '001': No available server
2026/09/19 15:01:39 indexer-connector: WARNING: Failed to sync agent '001': No available server
2026/09/19 15:01:39 indexer-connector: WARNING: Failed to sync agent '001': No available server
2026/09/19 15:01:39 indexer-connector: WARNING: Failed to sync agent '001': No available server
2026/09/19 15:01:39 indexer-connector: WARNING: Failed to sync agent '001': No available server
2026/09/19 15:01:39 indexer-connector: WARNING: Failed to sync agent '001': No available server
2026/09/19 15:01:39 indexer-connector: WARNING: Failed to sync agent '001': No available server
2026/09/19 15:01:39 indexer-connector: WARNING: Failed to sync agent '001': No available server
2026/09/19 15:01:39 indexer-connector: WARNING: Failed to sync agent '001': No available server
2026/09/19 15:01:39 indexer-connector: WARNING: Failed to sync agent '001': No available server
2026/09/19 15:01:39 indexer-connector: WARNING: Failed to sync agent '001': No available server
2026/09/19 15:01:39 indexer-connector: WARNING: Failed to sync agent '001': No available server
2026/09/19 15:01:39 indexer-connector: WARNING: Failed to sync agent '001': No available server
2026/09/19 15:01:39 indexer-connector: WARNING: Failed to sync agent '001': No available server
2026/09/19 15:01:39 indexer-connector: WARNING: Failed to sync agent '001': No available server
2026/09/19 15:01:39 indexer-connector: WARNING: Failed to sync agent '001': No available server
2026/09/19 15:01:39 indexer-connector: WARNING: Failed to sync agent '001': No available server
2026/09/19 15:01:39 indexer-connector: WARNING: Failed to sync agent '001': No available server
2026/09/19 15:01:39 indexer-connector: WARNING: Failed to sync agent '001': No available server
2026/09/19 15:01:39 indexer-connector: WARNING: Failed to sync agent '001': No available server
2026/09/19 15:01:39 indexer-connector: WARNING: Failed to sync agent '001': No available server
2026/09/19 15:01:39 indexer-connector: WARNING: Failed to sync agent '001': No available server
2026/09/19 15:01:39 logger-helper: INFO: Inventory harvester module stopped.
2026/09/19 15:01:39 :router: INFO: Stopping server thread
2026/09/19 15:01:39 wazuh-db: INFO: Graceful process shutdown.
2026/09/19 15:01:40 wazuh-analysisd: WARNING: (7616): List 'etc/lists/malicious-ioc/malware-hashes' could not be loaded. Rule '99901' will be ignored.
2026/09/19 15:01:40 wazuh-analysisd: WARNING: (7616): List 'etc/lists/malicious-ioc/malicious-ip' could not be loaded. Rule '99902' will be ignored.
2026/09/19 15:01:40 wazuh-analysisd: WARNING: (7616): List 'etc/lists/malicious-ioc/malicious-ip' could not be loaded. Rule '99903' will be ignored.
2026/09/19 15:01:40 wazuh-analysisd: WARNING: (7616): List 'etc/lists/malicious-ioc/malicious-ip' could not be loaded. Rule '99904' will be ignored.
2026/09/19 15:01:40 wazuh-analysisd: WARNING: (7616): List 'etc/lists/malicious-ioc/malicious-ip' could not be loaded. Rule '99905' will be ignored.
2026/09/19 15:01:40 wazuh-analysisd: WARNING: (7617): Signature ID '99905' was not found and will be ignored in the 'if_sid' option of rule '99906'.
2026/09/19 15:01:40 wazuh-analysisd: WARNING: (7619): Empty 'if_sid' value. Rule '99906' will be ignored.
2026/09/19 15:01:40 wazuh-analysisd: WARNING: (7616): List 'etc/lists/malicious-ioc/malicious-ip' could not be loaded. Rule '99907' will be ignored.
2026/09/19 15:01:40 wazuh-analysisd: WARNING: (7616): List 'etc/lists/malicious-ioc/malicious-ip' could not be loaded. Rule '99908' will be ignored.
2026/09/19 15:01:40 wazuh-analysisd: WARNING: (7616): List 'etc/lists/malicious-ioc/malicious-ip' could not be loaded. Rule '99909' will be ignored.
2026/09/19 15:01:40 wazuh-analysisd: WARNING: (7616): List 'etc/lists/malicious-ioc/malicious-ip' could not be loaded. Rule '99910' will be ignored.
2026/09/19 15:01:40 wazuh-analysisd: WARNING: (7616): List 'etc/lists/malicious-ioc/malicious-ip' could not be loaded. Rule '99911' will be ignored.
2026/09/19 15:01:40 wazuh-analysisd: WARNING: (7616): List 'etc/lists/malicious-ioc/malicious-ip' could not be loaded. Rule '99912' will be ignored.
2026/09/19 15:01:40 wazuh-analysisd: WARNING: (7616): List 'etc/lists/malicious-ioc/malicious-ip' could not be loaded. Rule '99913' will be ignored.
2026/09/19 15:01:40 wazuh-analysisd: WARNING: (7616): List 'etc/lists/malicious-ioc/malicious-ip' could not be loaded. Rule '99914' will be ignored.
2026/09/19 15:01:40 wazuh-analysisd: WARNING: (7616): List 'etc/lists/malicious-ioc/malicious-ip' could not be loaded. Rule '99915' will be ignored.
2026/09/19 15:01:40 wazuh-analysisd: WARNING: (7616): List 'etc/lists/malicious-ioc/malicious-ip' could not be loaded. Rule '99916' will be ignored.
2026/09/19 15:01:40 wazuh-analysisd: WARNING: (7616): List 'etc/lists/malicious-ioc/malicious-domains' could not be loaded. Rule '99917' will be ignored.
2026/09/19 15:01:40 wazuh-analysisd: WARNING: (7616): List 'etc/lists/malicious-ioc/malicious-domains' could not be loaded. Rule '99918' will be ignored.
2026/09/19 15:01:40 wazuh-analysisd: WARNING: (7616): List 'etc/lists/malicious-ioc/malicious-ip' could not be loaded. Rule '99919' will be ignored.
2026/09/19 15:01:40 wazuh-analysisd: WARNING: (7616): List 'etc/lists/malicious-ioc/malicious-ip' could not be loaded. Rule '99920' will be ignored.
2026/09/19 15:01:40 wazuh-modulesd: WARNING: The 'vulnerability-detector' configuration is deprecated, please update your settings to use the new 'vulnerability-detection' instead (default values will be used based on your previous configurations). See https://documentation.wazuh.com
2026/09/19 15:01:40 wazuh-modulesd: WARNING: (1230): Invalid element in the configuration: 'interval'.
2026/09/19 15:01:40 wazuh-modulesd: WARNING: (1230): Invalid element in the configuration: 'min_full_scan_interval'.
2026/09/19 15:01:40 wazuh-modulesd: WARNING: (1230): Invalid element in the configuration: 'run_on_start'.
2026/09/19 15:01:40 wazuh-modulesd: WARNING: (1230): Invalid element in the configuration: 'provider'.
2026/09/19 15:01:40 wazuh-modulesd: WARNING: (1230): Invalid element in the configuration: 'provider'.
2026/09/19 15:01:40 wazuh-modulesd: WARNING: (1230): Invalid element in the configuration: 'provider'.
2026/09/19 15:01:40 wazuh-modulesd: WARNING: (1230): Invalid element in the configuration: 'provider'.
2026/09/19 15:01:40 wazuh-modulesd: WARNING: (1230): Invalid element in the configuration: 'provider'.
2026/09/19 15:01:40 wazuh-modulesd: WARNING: (1230): Invalid element in the configuration: 'provider'.
2026/09/19 15:01:40 wazuh-modulesd: WARNING: (1230): Invalid element in the configuration: 'provider'.
2026/09/19 15:01:40 wazuh-modulesd: WARNING: (1230): Invalid element in the configuration: 'provider'.
2026/09/19 15:01:40 wazuh-modulesd: WARNING: (1230): Invalid element in the configuration: 'provider'.
2026/09/19 15:01:40 wazuh-modulesd:router: INFO: Loaded router module.
2026/09/19 15:01:40 wazuh-modulesd:content_manager: INFO: Loaded content_manager module.
2026/09/19 15:01:40 wazuh-modulesd:inventory-harvester: INFO: Loaded Inventory harvester module.
2026/09/19 15:01:41 wazuh-testrule: WARNING: (7616): List 'etc/lists/malicious-ioc/malware-hashes' could not be loaded. Rule '99901' will be ignored.
2026/09/19 15:01:41 wazuh-testrule: WARNING: (7616): List 'etc/lists/malicious-ioc/malicious-ip' could not be loaded. Rule '99902' will be ignored.
2026/09/19 15:01:41 wazuh-testrule: WARNING: (7616): List 'etc/lists/malicious-ioc/malicious-ip' could not be loaded. Rule '99903' will be ignored.
2026/09/19 15:01:41 wazuh-testrule: WARNING: (7616): List 'etc/lists/malicious-ioc/malicious-ip' could not be loaded. Rule '99904' will be ignored.
2026/09/19 15:01:41 wazuh-testrule: WARNING: (7616): List 'etc/lists/malicious-ioc/malicious-ip' could not be loaded. Rule '99905' will be ignored.
2026/09/19 15:01:41 wazuh-testrule: WARNING: (7617): Signature ID '99905' was not found and will be ignored in the 'if_sid' option of rule '99906'.
2026/09/19 15:01:41 wazuh-testrule: WARNING: (7619): Empty 'if_sid' value. Rule '99906' will be ignored.
2026/09/19 15:01:41 wazuh-testrule: WARNING: (7616): List 'etc/lists/malicious-ioc/malicious-ip' could not be loaded. Rule '99907' will be ignored.
2026/09/19 15:01:41 wazuh-testrule: WARNING: (7616): List 'etc/lists/malicious-ioc/malicious-ip' could not be loaded. Rule '99908' will be ignored.
2026/09/19 15:01:41 wazuh-testrule: WARNING: (7616): List 'etc/lists/malicious-ioc/malicious-ip' could not be loaded. Rule '99909' will be ignored.
2026/09/19 15:01:41 wazuh-testrule: WARNING: (7616): List 'etc/lists/malicious-ioc/malicious-ip' could not be loaded. Rule '99910' will be ignored.
2026/09/19 15:01:41 wazuh-testrule: WARNING: (7616): List 'etc/lists/malicious-ioc/malicious-ip' could not be loaded. Rule '99911' will be ignored.
2026/09/19 15:01:41 wazuh-testrule: WARNING: (7616): List 'etc/lists/malicious-ioc/malicious-ip' could not be loaded. Rule '99912' will be ignored.
2026/09/19 15:01:41 wazuh-testrule: WARNING: (7616): List 'etc/lists/malicious-ioc/malicious-ip' could not be loaded. Rule '99913' will be ignored.
2026/09/19 15:01:41 wazuh-testrule: WARNING: (7616): List 'etc/lists/malicious-ioc/malicious-ip' could not be loaded. Rule '99914' will be ignored.
2026/09/19 15:01:41 wazuh-testrule: WARNING: (7616): List 'etc/lists/malicious-ioc/malicious-ip' could not be loaded. Rule '99915' will be ignored.
2026/09/19 15:01:41 wazuh-testrule: WARNING: (7616): List 'etc/lists/malicious-ioc/malicious-ip' could not be loaded. Rule '99916' will be ignored.
2026/09/19 15:01:41 wazuh-testrule: WARNING: (7616): List 'etc/lists/malicious-ioc/malicious-domains' could not be loaded. Rule '99917' will be ignored.
2026/09/19 15:01:41 wazuh-testrule: WARNING: (7616): List 'etc/lists/malicious-ioc/malicious-domains' could not be loaded. Rule '99918' will be ignored.
2026/09/19 15:01:41 wazuh-testrule: WARNING: (7616): List 'etc/lists/malicious-ioc/malicious-ip' could not be loaded. Rule '99919' will be ignored.
2026/09/19 15:01:41 wazuh-testrule: WARNING: (7616): List 'etc/lists/malicious-ioc/malicious-ip' could not be loaded. Rule '99920' will be ignored.
2026/09/19 15:01:41 wazuh-csyslogd: INFO: Remote syslog server not configured. Clean exit.
2026/09/19 15:01:41 wazuh-integratord: INFO: Remote integrations not configured. Clean exit.
2026/09/19 15:01:41 wazuh-agentlessd: INFO: Not configured. Exiting.
2026/09/19 15:01:41 wazuh-authd: INFO: Started (pid: 57760).
2026/09/19 15:01:41 wazuh-authd: INFO: Accepting connections on port 1515. No password required.
2026/09/19 15:01:41 wazuh-authd: INFO: Setting network timeout to 1.000000 sec.
2026/09/19 15:01:42 wazuh-db: INFO: Started (pid: 57775).
2026/09/19 15:01:42 :router: INFO: Registering GET endpoint: /v1/agents/ids
2026/09/19 15:01:42 :router: INFO: Registering GET endpoint: /v1/agents/ids/groups/:name
2026/09/19 15:01:42 :router: INFO: Registering GET endpoint: /v1/agents/ids/groups
2026/09/19 15:01:42 :router: INFO: Registering GET endpoint: /v1/agents/:agent_id/groups
2026/09/19 15:01:42 :router: INFO: Registering POST endpoint: /v1/agents/summary
2026/09/19 15:01:42 :router: INFO: Registering GET endpoint: /v1/agents/sync
2026/09/19 15:01:42 :router: INFO: Registering POST endpoint: /v1/agents/sync
2026/09/19 15:01:42 :router: INFO: Registering POST endpoint: /v1/agents/restartinfo
2026/09/19 15:01:42 :router: INFO: API started successfully
2026/09/19 15:01:44 wazuh-execd: INFO: Started (pid: 57815).
2026/09/19 15:01:45 wazuh-analysisd: WARNING: (7616): List 'etc/lists/malicious-ioc/malware-hashes' could not be loaded. Rule '99901' will be ignored.
2026/09/19 15:01:45 wazuh-analysisd: WARNING: (7616): List 'etc/lists/malicious-ioc/malicious-ip' could not be loaded. Rule '99902' will be ignored.
2026/09/19 15:01:45 wazuh-analysisd: WARNING: (7616): List 'etc/lists/malicious-ioc/malicious-ip' could not be loaded. Rule '99903' will be ignored.
2026/09/19 15:01:45 wazuh-analysisd: WARNING: (7616): List 'etc/lists/malicious-ioc/malicious-ip' could not be loaded. Rule '99904' will be ignored.
2026/09/19 15:01:45 wazuh-analysisd: WARNING: (7616): List 'etc/lists/malicious-ioc/malicious-ip' could not be loaded. Rule '99905' will be ignored.
2026/09/19 15:01:45 wazuh-analysisd: WARNING: (7617): Signature ID '99905' was not found and will be ignored in the 'if_sid' option of rule '99906'.
2026/09/19 15:01:45 wazuh-analysisd: WARNING: (7619): Empty 'if_sid' value. Rule '99906' will be ignored.
2026/09/19 15:01:45 wazuh-analysisd: WARNING: (7616): List 'etc/lists/malicious-ioc/malicious-ip' could not be loaded. Rule '99907' will be ignored.
2026/09/19 15:01:45 wazuh-analysisd: WARNING: (7616): List 'etc/lists/malicious-ioc/malicious-ip' could not be loaded. Rule '99908' will be ignored.
2026/09/19 15:01:45 wazuh-analysisd: WARNING: (7616): List 'etc/lists/malicious-ioc/malicious-ip' could not be loaded. Rule '99909' will be ignored.
2026/09/19 15:01:45 wazuh-analysisd: WARNING: (7616): List 'etc/lists/malicious-ioc/malicious-ip' could not be loaded. Rule '99910' will be ignored.
2026/09/19 15:01:45 wazuh-analysisd: WARNING: (7616): List 'etc/lists/malicious-ioc/malicious-ip' could not be loaded. Rule '99911' will be ignored.
2026/09/19 15:01:45 wazuh-analysisd: WARNING: (7616): List 'etc/lists/malicious-ioc/malicious-ip' could not be loaded. Rule '99912' will be ignored.
2026/09/19 15:01:45 wazuh-analysisd: WARNING: (7616): List 'etc/lists/malicious-ioc/malicious-ip' could not be loaded. Rule '99913' will be ignored.
2026/09/19 15:01:45 wazuh-analysisd: WARNING: (7616): List 'etc/lists/malicious-ioc/malicious-ip' could not be loaded. Rule '99914' will be ignored.
2026/09/19 15:01:45 wazuh-analysisd: WARNING: (7616): List 'etc/lists/malicious-ioc/malicious-ip' could not be loaded. Rule '99915' will be ignored.
2026/09/19 15:01:45 wazuh-analysisd: WARNING: (7616): List 'etc/lists/malicious-ioc/malicious-ip' could not be loaded. Rule '99916' will be ignored.
2026/09/19 15:01:45 wazuh-analysisd: WARNING: (7616): List 'etc/lists/malicious-ioc/malicious-domains' could not be loaded. Rule '99917' will be ignored.
2026/09/19 15:01:45 wazuh-analysisd: WARNING: (7616): List 'etc/lists/malicious-ioc/malicious-domains' could not be loaded. Rule '99918' will be ignored.
2026/09/19 15:01:45 wazuh-analysisd: WARNING: (7616): List 'etc/lists/malicious-ioc/malicious-ip' could not be loaded. Rule '99919' will be ignored.
2026/09/19 15:01:45 wazuh-analysisd: WARNING: (7616): List 'etc/lists/malicious-ioc/malicious-ip' could not be loaded. Rule '99920' will be ignored.
2026/09/19 15:01:45 wazuh-analysisd: INFO: Total rules enabled: '8405'
2026/09/19 15:01:45 wazuh-analysisd: INFO: White listing IP: '127.0.0.1'
2026/09/19 15:01:45 wazuh-analysisd: INFO: White listing IP: '127.0.0.53'
2026/09/19 15:01:45 wazuh-analysisd: INFO: 2 IPs in the white list for active response.
2026/09/19 15:01:45 wazuh-analysisd: INFO: White listing Hostname: 'localhost.localdomain'
2026/09/19 15:01:45 wazuh-analysisd: INFO: 1 Hostname(s) in the white list for active response.
2026/09/19 15:01:45 wazuh-analysisd: INFO: Started (pid: 57829).
2026/09/19 15:01:45 wazuh-analysisd: INFO: (7200): Logtest started
2026/09/19 15:01:46 wazuh-syscheckd: INFO: Started (pid: 57845).
2026/09/19 15:01:46 wazuh-syscheckd: INFO: (6003): Monitoring path: '/bin', with options 'size | permissions | owner | group | mtime | inode | hash_md5 | hash_sha1 | hash_sha256 | scheduled'.
2026/09/19 15:01:46 wazuh-syscheckd: INFO: (6003): Monitoring path: '/boot', with options 'size | permissions | owner | group | mtime | inode | hash_md5 | hash_sha1 | hash_sha256 | scheduled'.
2026/09/19 15:01:46 wazuh-syscheckd: INFO: (6003): Monitoring path: '/etc', with options 'size | permissions | owner | group | mtime | inode | hash_md5 | hash_sha1 | hash_sha256 | scheduled'.
2026/09/19 15:01:46 wazuh-syscheckd: INFO: (6003): Monitoring path: '/sbin', with options 'size | permissions | owner | group | mtime | inode | hash_md5 | hash_sha1 | hash_sha256 | scheduled'.
2026/09/19 15:01:46 wazuh-syscheckd: INFO: (6003): Monitoring path: '/usr/bin', with options 'size | permissions | owner | group | mtime | inode | hash_md5 | hash_sha1 | hash_sha256 | scheduled'.
2026/09/19 15:01:46 wazuh-syscheckd: INFO: (6003): Monitoring path: '/usr/sbin', with options 'size | permissions | owner | group | mtime | inode | hash_md5 | hash_sha1 | hash_sha256 | scheduled'.
2026/09/19 15:01:46 wazuh-syscheckd: INFO: (6206): Ignore 'file' entry '/etc/mtab'
2026/09/19 15:01:46 wazuh-syscheckd: INFO: (6206): Ignore 'file' entry '/etc/hosts.deny'
2026/09/19 15:01:46 wazuh-syscheckd: INFO: (6206): Ignore 'file' entry '/etc/mail/statistics'
2026/09/19 15:01:46 wazuh-syscheckd: INFO: (6206): Ignore 'file' entry '/etc/random-seed'
2026/09/19 15:01:46 wazuh-syscheckd: INFO: (6206): Ignore 'file' entry '/etc/random.seed'
2026/09/19 15:01:46 wazuh-syscheckd: INFO: (6206): Ignore 'file' entry '/etc/adjtime'
2026/09/19 15:01:46 wazuh-syscheckd: INFO: (6206): Ignore 'file' entry '/etc/httpd/logs'
2026/09/19 15:01:46 wazuh-syscheckd: INFO: (6206): Ignore 'file' entry '/etc/utmpx'
2026/09/19 15:01:46 wazuh-syscheckd: INFO: (6206): Ignore 'file' entry '/etc/wtmpx'
2026/09/19 15:01:46 wazuh-syscheckd: INFO: (6206): Ignore 'file' entry '/etc/cups/certs'
2026/09/19 15:01:46 wazuh-syscheckd: INFO: (6206): Ignore 'file' entry '/etc/dumpdates'
2026/09/19 15:01:46 wazuh-syscheckd: INFO: (6206): Ignore 'file' entry '/etc/svc/volatile'
2026/09/19 15:01:46 wazuh-syscheckd: INFO: (6207): Ignore 'file' sregex '.log$|.swp$'
2026/09/19 15:01:46 wazuh-syscheckd: INFO: (6004): No diff for file: '/etc/ssl/private.key'
2026/09/19 15:01:46 wazuh-syscheckd: INFO: (6000): Starting daemon...
2026/09/19 15:01:46 wazuh-syscheckd: INFO: (6010): File integrity monitoring scan frequency: 43200 seconds
2026/09/19 15:01:46 wazuh-syscheckd: INFO: (6008): File integrity monitoring scan started.
2026/09/19 15:01:46 rootcheck: INFO: Starting rootcheck scan.
2026/09/19 15:01:47 wazuh-remoted: ERROR: Unable to open file 'etc/shared/bsc-hardening/__pycache__/bsc-suid-generic-hardening.cpython-312.pyc' due to [(13)-(Permission denied)].
2026/09/19 15:01:47 wazuh-remoted: ERROR: Invalid shared file 'etc/shared/bsc-hardening/__pycache__/bsc-suid-generic-hardening.cpython-312.pyc'. Ignoring it.
2026/09/19 15:01:47 wazuh-remoted: INFO: Started (pid: 57866). Listening on port 1514/TCP (secure).
2026/09/19 15:01:47 wazuh-remoted: INFO: (1410): Reading authentication keys file.
2026/09/19 15:01:47 wazuh-syscheckd: INFO: (6009): File integrity monitoring scan ended.
2026/09/19 15:01:47 wazuh-syscheckd: INFO: FIM sync module started.
2026/09/19 15:01:48 wazuh-logcollector: INFO: Monitoring output of command(360): df -P
2026/09/19 15:01:48 wazuh-logcollector: INFO: Monitoring full output of command(360): netstat -tulpn | sed 's/\([[:alnum:]]\+\)\ \+[[:digit:]]\+\ \+[[:digit:]]\+\ \+\(.*\):\([[:digit:]]*\)\ \+\([0-9\.\:\*]\+\).\+\ \([[:digit:]]*\/[[:alnum:]\-]*\).*/\1 \2 == \3 == \4 \5/' | sort -k 4 -g | sed 's/ == \(.*\) ==/:\1/' | sed 1,2d
2026/09/19 15:01:48 wazuh-logcollector: INFO: Monitoring full output of command(360): last -n 20
2026/09/19 15:01:48 wazuh-logcollector: INFO: (1950): Analyzing file: '/var/ossec/logs/active-responses.log'.
2026/09/19 15:01:48 wazuh-logcollector: INFO: (1950): Analyzing file: '/var/log/dpkg.log'.
2026/09/19 15:01:48 wazuh-logcollector: INFO: Started (pid: 57932).
2026/09/19 15:01:48 wazuh-analysisd: INFO: Connected to 'queue/alerts/ar' (active-response queue)
2026/09/19 15:01:48 wazuh-analysisd: INFO: Connected to 'queue/alerts/execq' (exec queue)
2026/09/19 15:01:48 wazuh-analysisd: INFO: EPS limit disabled
2026/09/19 15:01:49 wazuh-monitord: INFO: Started (pid: 58062).
2026/09/19 15:01:50 wazuh-modulesd: WARNING: The 'vulnerability-detector' configuration is deprecated, please update your settings to use the new 'vulnerability-detection' instead (default values will be used based on your previous configurations). See https://documentation.wazuh.com
2026/09/19 15:01:50 wazuh-modulesd: WARNING: (1230): Invalid element in the configuration: 'interval'.
2026/09/19 15:01:50 wazuh-modulesd: WARNING: (1230): Invalid element in the configuration: 'min_full_scan_interval'.
2026/09/19 15:01:50 wazuh-modulesd: WARNING: (1230): Invalid element in the configuration: 'run_on_start'.
2026/09/19 15:01:50 wazuh-modulesd: WARNING: (1230): Invalid element in the configuration: 'provider'.
2026/09/19 15:01:50 wazuh-modulesd: WARNING: (1230): Invalid element in the configuration: 'provider'.
2026/09/19 15:01:50 wazuh-modulesd: WARNING: (1230): Invalid element in the configuration: 'provider'.
2026/09/19 15:01:50 wazuh-modulesd: WARNING: (1230): Invalid element in the configuration: 'provider'.
2026/09/19 15:01:50 wazuh-modulesd: WARNING: (1230): Invalid element in the configuration: 'provider'.
2026/09/19 15:01:50 wazuh-modulesd: WARNING: (1230): Invalid element in the configuration: 'provider'.
2026/09/19 15:01:50 wazuh-modulesd: WARNING: (1230): Invalid element in the configuration: 'provider'.
2026/09/19 15:01:50 wazuh-modulesd: WARNING: (1230): Invalid element in the configuration: 'provider'.
2026/09/19 15:01:50 wazuh-modulesd: WARNING: (1230): Invalid element in the configuration: 'provider'.
2026/09/19 15:01:50 wazuh-modulesd:router: INFO: Loaded router module.
2026/09/19 15:01:50 wazuh-modulesd:content_manager: INFO: Loaded content_manager module.
2026/09/19 15:01:50 wazuh-modulesd:inventory-harvester: INFO: Loaded Inventory harvester module.
2026/09/19 15:01:50 wazuh-modulesd: INFO: Started (pid: 58110).
2026/09/19 15:01:50 wazuh-modulesd:agent-upgrade: INFO: (8153): Module Agent Upgrade started.
2026/09/19 15:01:50 wazuh-modulesd:ciscat: INFO: Module disabled. Exiting...
2026/09/19 15:01:50 wazuh-modulesd:osquery: INFO: Module disabled. Exiting...
2026/09/19 15:01:50 sca: INFO: Module started.
2026/09/19 15:01:50 wazuh-modulesd:task-manager: INFO: (8200): Module Task Manager started.
2026/09/19 15:01:50 sca: INFO: Loaded policy '/var/ossec/ruleset/sca/cis_ubuntu24-04.yml'
2026/09/19 15:01:50 wazuh-modulesd:vulnerability-scanner: INFO: Starting vulnerability_scanner module.
2026/09/19 15:01:50 wazuh-modulesd:router: INFO: Starting router module.
2026/09/19 15:01:50 sca: INFO: Starting Security Configuration Assessment scan.
2026/09/19 15:01:50 wazuh-modulesd:content_manager: INFO: Starting content_manager module.
2026/09/19 15:01:50 wazuh-modulesd:database: INFO: Module started.
2026/09/19 15:01:50 wazuh-modulesd:download: INFO: Module started.
2026/09/19 15:01:50 wazuh-modulesd:inventory-harvester: INFO: Starting inventory_harvester module.
2026/09/19 15:01:50 wazuh-modulesd:control: INFO: Starting control thread.
2026/09/19 15:01:50 wazuh-modulesd:syscollector: INFO: Module started.
2026/09/19 15:01:50 wazuh-modulesd:syscollector: INFO: Starting evaluation.
2026/09/19 15:01:50 sca: INFO: Starting evaluation of policy: '/var/ossec/ruleset/sca/cis_ubuntu24-04.yml'
2026/09/19 15:01:50 wazuh-modulesd:vulnerability-scanner: INFO: Vulnerability scanner module is disabled.
2026/09/19 15:01:50 indexer-connector: WARNING: No username and password found in the keystore, using default values.
2026/09/19 15:01:50 indexer-connector: WARNING: IndexerConnector initialization failed for index 'wazuh-states-inventory-packages-wazuh', retrying until the connection is successful.
2026/09/19 15:01:50 indexer-connector: WARNING: IndexerConnector initialization failed for index 'wazuh-states-inventory-system-wazuh', retrying until the connection is successful.
2026/09/19 15:01:50 indexer-connector: WARNING: IndexerConnector initialization failed for index 'wazuh-states-inventory-processes-wazuh', retrying until the connection is successful.
2026/09/19 15:01:50 indexer-connector: WARNING: IndexerConnector initialization failed for index 'wazuh-states-inventory-ports-wazuh', retrying until the connection is successful.
2026/09/19 15:01:50 indexer-connector: WARNING: IndexerConnector initialization failed for index 'wazuh-states-inventory-hotfixes-wazuh', retrying until the connection is successful.
2026/09/19 15:01:50 indexer-connector: WARNING: IndexerConnector initialization failed for index 'wazuh-states-inventory-hardware-wazuh', retrying until the connection is successful.
2026/09/19 15:01:50 indexer-connector: WARNING: IndexerConnector initialization failed for index 'wazuh-states-inventory-protocols-wazuh', retrying until the connection is successful.
2026/09/19 15:01:50 indexer-connector: WARNING: IndexerConnector initialization failed for index 'wazuh-states-inventory-interfaces-wazuh', retrying until the connection is successful.
2026/09/19 15:01:50 indexer-connector: WARNING: IndexerConnector initialization failed for index 'wazuh-states-inventory-networks-wazuh', retrying until the connection is successful.
2026/09/19 15:01:50 indexer-connector: WARNING: IndexerConnector initialization failed for index 'wazuh-states-inventory-users-wazuh', retrying until the connection is successful.
2026/09/19 15:01:50 indexer-connector: WARNING: IndexerConnector initialization failed for index 'wazuh-states-inventory-groups-wazuh', retrying until the connection is successful.
2026/09/19 15:01:50 indexer-connector: WARNING: IndexerConnector initialization failed for index 'wazuh-states-inventory-browser-extensions-wazuh', retrying until the connection is successful.
2026/09/19 15:01:50 indexer-connector: WARNING: IndexerConnector initialization failed for index 'wazuh-states-inventory-services-wazuh', retrying until the connection is successful.
2026/09/19 15:01:50 logger-helper: INFO: InventoryHarvesterFacade module started.
2026/09/19 15:01:51 wazuh-modulesd:syscollector: INFO: Evaluation finished.
2026/09/19 15:01:54 sca: INFO: Evaluation finished for policy '/var/ossec/ruleset/sca/cis_ubuntu24-04.yml'
2026/09/19 15:01:54 sca: INFO: Security Configuration Assessment scan finished. Duration: 4 seconds.
2026/09/19 15:02:03 wazuh-monitord: INFO: (1225): SIGNAL [(15)-(Terminated)] Received. Exit Cleaning...
2026/09/19 15:02:03 wazuh-logcollector: INFO: (1225): SIGNAL [(15)-(Terminated)] Received. Exit Cleaning...
2026/09/19 15:02:03 wazuh-remoted: INFO: (1225): SIGNAL [(15)-(Terminated)] Received. Exit Cleaning...
2026/09/19 15:02:03 wazuh-syscheckd: INFO: (1756): Shutdown received. Releasing resources.
2026/09/19 15:02:03 wazuh-analysisd: INFO: (1225): SIGNAL [(15)-(Terminated)] Received. Exit Cleaning...
2026/09/19 15:02:03 wazuh-execd: INFO: (1314): Shutdown received. Deleting responses.
2026/09/19 15:02:03 wazuh-execd: INFO: (1225): SIGNAL [(15)-(Terminated)] Received. Exit Cleaning...
2026/09/19 15:02:03 wazuh-db: INFO: (1225): SIGNAL [(15)-(Terminated)] Received. Exit Cleaning...
2026/09/19 15:02:03 wazuh-authd: INFO: (1225): SIGNAL [(15)-(Terminated)] Received. Exit Cleaning...
2026/09/19 15:02:04 :router: INFO: Stopping server thread
2026/09/19 15:02:04 wazuh-authd: INFO: Exiting...
2026/09/19 15:02:04 wazuh-modulesd: INFO: Shutting down Wazuh modules.
2026/09/19 15:02:04 wazuh-modulesd:syscollector: INFO: Stop received for Syscollector.
2026/09/19 15:02:04 wazuh-db: INFO: Graceful process shutdown.
2026/09/19 15:02:04 wazuh-modulesd:syscollector: INFO: Module finished.
2026/09/19 15:02:04 wazuh-modulesd:vulnerability-scanner: INFO: Stopping vulnerability_scanner module.
2026/09/19 15:02:04 wazuh-modulesd:router: INFO: Stopping router module.
2026/09/19 15:02:04 wazuh-modulesd:content_manager: INFO: Stopping content_manager module.
2026/09/19 15:02:04 wazuh-modulesd:inventory-harvester: INFO: Stopping inventory_harvester module.
2026/09/19 15:02:04 logger-helper: INFO: Inventory harvester module stopped.
2026/09/19 15:02:09 wazuh-syscheckd: INFO: netstat not available. Skipping port check.
2026/09/19 15:02:16 rootcheck: CRITICAL: (1211): Unable to access queue: 'queue/sockets/queue'. Giving up.
2026/09/19 15:02:17 wazuh-analysisd: WARNING: (7616): List 'etc/lists/malicious-ioc/malware-hashes' could not be loaded. Rule '99901' will be ignored.
2026/09/19 15:02:17 wazuh-analysisd: WARNING: (7616): List 'etc/lists/malicious-ioc/malicious-ip' could not be loaded. Rule '99902' will be ignored.
2026/09/19 15:02:17 wazuh-analysisd: WARNING: (7616): List 'etc/lists/malicious-ioc/malicious-ip' could not be loaded. Rule '99903' will be ignored.
2026/09/19 15:02:17 wazuh-analysisd: WARNING: (7616): List 'etc/lists/malicious-ioc/malicious-ip' could not be loaded. Rule '99904' will be ignored.
2026/09/19 15:02:17 wazuh-analysisd: WARNING: (7616): List 'etc/lists/malicious-ioc/malicious-ip' could not be loaded. Rule '99905' will be ignored.
2026/09/19 15:02:17 wazuh-analysisd: WARNING: (7617): Signature ID '99905' was not found and will be ignored in the 'if_sid' option of rule '99906'.
2026/09/19 15:02:17 wazuh-analysisd: WARNING: (7619): Empty 'if_sid' value. Rule '99906' will be ignored.
2026/09/19 15:02:17 wazuh-analysisd: WARNING: (7616): List 'etc/lists/malicious-ioc/malicious-ip' could not be loaded. Rule '99907' will be ignored.
2026/09/19 15:02:17 wazuh-analysisd: WARNING: (7616): List 'etc/lists/malicious-ioc/malicious-ip' could not be loaded. Rule '99908' will be ignored.
2026/09/19 15:02:17 wazuh-analysisd: WARNING: (7616): List 'etc/lists/malicious-ioc/malicious-ip' could not be loaded. Rule '99909' will be ignored.
2026/09/19 15:02:17 wazuh-analysisd: WARNING: (7616): List 'etc/lists/malicious-ioc/malicious-ip' could not be loaded. Rule '99910' will be ignored.
2026/09/19 15:02:17 wazuh-analysisd: WARNING: (7616): List 'etc/lists/malicious-ioc/malicious-ip' could not be loaded. Rule '99911' will be ignored.
2026/09/19 15:02:17 wazuh-analysisd: WARNING: (7616): List 'etc/lists/malicious-ioc/malicious-ip' could not be loaded. Rule '99912' will be ignored.
2026/09/19 15:02:17 wazuh-analysisd: WARNING: (7616): List 'etc/lists/malicious-ioc/malicious-ip' could not be loaded. Rule '99913' will be ignored.
2026/09/19 15:02:17 wazuh-analysisd: WARNING: (7616): List 'etc/lists/malicious-ioc/malicious-ip' could not be loaded. Rule '99914' will be ignored.
2026/09/19 15:02:17 wazuh-analysisd: WARNING: (7616): List 'etc/lists/malicious-ioc/malicious-ip' could not be loaded. Rule '99915' will be ignored.
2026/09/19 15:02:17 wazuh-analysisd: WARNING: (7616): List 'etc/lists/malicious-ioc/malicious-ip' could not be loaded. Rule '99916' will be ignored.
2026/09/19 15:02:17 wazuh-analysisd: WARNING: (7616): List 'etc/lists/malicious-ioc/malicious-domains' could not be loaded. Rule '99917' will be ignored.
2026/09/19 15:02:17 wazuh-analysisd: WARNING: (7616): List 'etc/lists/malicious-ioc/malicious-domains' could not be loaded. Rule '99918' will be ignored.
2026/09/19 15:02:17 wazuh-analysisd: WARNING: (7616): List 'etc/lists/malicious-ioc/malicious-ip' could not be loaded. Rule '99919' will be ignored.
2026/09/19 15:02:17 wazuh-analysisd: WARNING: (7616): List 'etc/lists/malicious-ioc/malicious-ip' could not be loaded. Rule '99920' will be ignored.
2026/09/19 15:02:18 wazuh-modulesd: WARNING: The 'vulnerability-detector' configuration is deprecated, please update your settings to use the new 'vulnerability-detection' instead (default values will be used based on your previous configurations). See https://documentation.wazuh.com
2026/09/19 15:02:18 wazuh-modulesd: WARNING: (1230): Invalid element in the configuration: 'interval'.
2026/09/19 15:02:18 wazuh-modulesd: WARNING: (1230): Invalid element in the configuration: 'min_full_scan_interval'.
2026/09/19 15:02:18 wazuh-modulesd: WARNING: (1230): Invalid element in the configuration: 'run_on_start'.
2026/09/19 15:02:18 wazuh-modulesd: WARNING: (1230): Invalid element in the configuration: 'provider'.
2026/09/19 15:02:18 wazuh-modulesd: WARNING: (1230): Invalid element in the configuration: 'provider'.
2026/09/19 15:02:18 wazuh-modulesd: WARNING: (1230): Invalid element in the configuration: 'provider'.
2026/09/19 15:02:18 wazuh-modulesd: WARNING: (1230): Invalid element in the configuration: 'provider'.
2026/09/19 15:02:18 wazuh-modulesd: WARNING: (1230): Invalid element in the configuration: 'provider'.
2026/09/19 15:02:18 wazuh-modulesd: WARNING: (1230): Invalid element in the configuration: 'provider'.
2026/09/19 15:02:18 wazuh-modulesd: WARNING: (1230): Invalid element in the configuration: 'provider'.
2026/09/19 15:02:18 wazuh-modulesd: WARNING: (1230): Invalid element in the configuration: 'provider'.
2026/09/19 15:02:18 wazuh-modulesd: WARNING: (1230): Invalid element in the configuration: 'provider'.
2026/09/19 15:02:18 wazuh-modulesd:router: INFO: Loaded router module.
2026/09/19 15:02:18 wazuh-modulesd:content_manager: INFO: Loaded content_manager module.
2026/09/19 15:02:18 wazuh-modulesd:inventory-harvester: INFO: Loaded Inventory harvester module.
2026/09/19 15:02:18 wazuh-testrule: WARNING: (7616): List 'etc/lists/malicious-ioc/malware-hashes' could not be loaded. Rule '99901' will be ignored.
2026/09/19 15:02:18 wazuh-testrule: WARNING: (7616): List 'etc/lists/malicious-ioc/malicious-ip' could not be loaded. Rule '99902' will be ignored.
2026/09/19 15:02:18 wazuh-testrule: WARNING: (7616): List 'etc/lists/malicious-ioc/malicious-ip' could not be loaded. Rule '99903' will be ignored.
2026/09/19 15:02:18 wazuh-testrule: WARNING: (7616): List 'etc/lists/malicious-ioc/malicious-ip' could not be loaded. Rule '99904' will be ignored.
2026/09/19 15:02:18 wazuh-testrule: WARNING: (7616): List 'etc/lists/malicious-ioc/malicious-ip' could not be loaded. Rule '99905' will be ignored.
2026/09/19 15:02:18 wazuh-testrule: WARNING: (7617): Signature ID '99905' was not found and will be ignored in the 'if_sid' option of rule '99906'.
2026/09/19 15:02:18 wazuh-testrule: WARNING: (7619): Empty 'if_sid' value. Rule '99906' will be ignored.
2026/09/19 15:02:18 wazuh-testrule: WARNING: (7616): List 'etc/lists/malicious-ioc/malicious-ip' could not be loaded. Rule '99907' will be ignored.
2026/09/19 15:02:18 wazuh-testrule: WARNING: (7616): List 'etc/lists/malicious-ioc/malicious-ip' could not be loaded. Rule '99908' will be ignored.
2026/09/19 15:02:18 wazuh-testrule: WARNING: (7616): List 'etc/lists/malicious-ioc/malicious-ip' could not be loaded. Rule '99909' will be ignored.
2026/09/19 15:02:18 wazuh-testrule: WARNING: (7616): List 'etc/lists/malicious-ioc/malicious-ip' could not be loaded. Rule '99910' will be ignored.
2026/09/19 15:02:18 wazuh-testrule: WARNING: (7616): List 'etc/lists/malicious-ioc/malicious-ip' could not be loaded. Rule '99911' will be ignored.
2026/09/19 15:02:18 wazuh-testrule: WARNING: (7616): List 'etc/lists/malicious-ioc/malicious-ip' could not be loaded. Rule '99912' will be ignored.
2026/09/19 15:02:18 wazuh-testrule: WARNING: (7616): List 'etc/lists/malicious-ioc/malicious-ip' could not be loaded. Rule '99913' will be ignored.
2026/09/19 15:02:18 wazuh-testrule: WARNING: (7616): List 'etc/lists/malicious-ioc/malicious-ip' could not be loaded. Rule '99914' will be ignored.
2026/09/19 15:02:18 wazuh-testrule: WARNING: (7616): List 'etc/lists/malicious-ioc/malicious-ip' could not be loaded. Rule '99915' will be ignored.
2026/09/19 15:02:18 wazuh-testrule: WARNING: (7616): List 'etc/lists/malicious-ioc/malicious-ip' could not be loaded. Rule '99916' will be ignored.
2026/09/19 15:02:18 wazuh-testrule: WARNING: (7616): List 'etc/lists/malicious-ioc/malicious-domains' could not be loaded. Rule '99917' will be ignored.
2026/09/19 15:02:18 wazuh-testrule: WARNING: (7616): List 'etc/lists/malicious-ioc/malicious-domains' could not be loaded. Rule '99918' will be ignored.
2026/09/19 15:02:18 wazuh-testrule: WARNING: (7616): List 'etc/lists/malicious-ioc/malicious-ip' could not be loaded. Rule '99919' will be ignored.
2026/09/19 15:02:18 wazuh-testrule: WARNING: (7616): List 'etc/lists/malicious-ioc/malicious-ip' could not be loaded. Rule '99920' will be ignored.
2026/09/19 15:02:19 wazuh-csyslogd: INFO: Remote syslog server not configured. Clean exit.
2026/09/19 15:02:19 wazuh-integratord: INFO: Remote integrations not configured. Clean exit.
2026/09/19 15:02:19 wazuh-agentlessd: INFO: Not configured. Exiting.
2026/09/19 15:02:19 wazuh-authd: INFO: Started (pid: 60813).
2026/09/19 15:02:19 wazuh-authd: INFO: Accepting connections on port 1515. No password required.
2026/09/19 15:02:19 wazuh-authd: INFO: Setting network timeout to 1.000000 sec.
2026/09/19 15:02:20 wazuh-db: INFO: Started (pid: 60831).
2026/09/19 15:02:20 :router: INFO: Registering GET endpoint: /v1/agents/ids
2026/09/19 15:02:20 :router: INFO: Registering GET endpoint: /v1/agents/ids/groups/:name
2026/09/19 15:02:20 :router: INFO: Registering GET endpoint: /v1/agents/ids/groups
2026/09/19 15:02:20 :router: INFO: Registering GET endpoint: /v1/agents/:agent_id/groups
2026/09/19 15:02:20 :router: INFO: Registering POST endpoint: /v1/agents/summary
2026/09/19 15:02:20 :router: INFO: Registering GET endpoint: /v1/agents/sync
2026/09/19 15:02:20 :router: INFO: Registering POST endpoint: /v1/agents/sync
2026/09/19 15:02:20 :router: INFO: Registering POST endpoint: /v1/agents/restartinfo
2026/09/19 15:02:20 :router: INFO: API started successfully
2026/09/19 15:02:22 wazuh-execd: INFO: Started (pid: 60873).
2026/09/19 15:02:24 wazuh-analysisd: WARNING: (7616): List 'etc/lists/malicious-ioc/malware-hashes' could not be loaded. Rule '99901' will be ignored.
2026/09/19 15:02:24 wazuh-analysisd: WARNING: (7616): List 'etc/lists/malicious-ioc/malicious-ip' could not be loaded. Rule '99902' will be ignored.
2026/09/19 15:02:24 wazuh-analysisd: WARNING: (7616): List 'etc/lists/malicious-ioc/malicious-ip' could not be loaded. Rule '99903' will be ignored.
2026/09/19 15:02:24 wazuh-analysisd: WARNING: (7616): List 'etc/lists/malicious-ioc/malicious-ip' could not be loaded. Rule '99904' will be ignored.
2026/09/19 15:02:24 wazuh-analysisd: WARNING: (7616): List 'etc/lists/malicious-ioc/malicious-ip' could not be loaded. Rule '99905' will be ignored.
2026/09/19 15:02:24 wazuh-analysisd: WARNING: (7617): Signature ID '99905' was not found and will be ignored in the 'if_sid' option of rule '99906'.
2026/09/19 15:02:24 wazuh-analysisd: WARNING: (7619): Empty 'if_sid' value. Rule '99906' will be ignored.
2026/09/19 15:02:24 wazuh-analysisd: WARNING: (7616): List 'etc/lists/malicious-ioc/malicious-ip' could not be loaded. Rule '99907' will be ignored.
2026/09/19 15:02:24 wazuh-analysisd: WARNING: (7616): List 'etc/lists/malicious-ioc/malicious-ip' could not be loaded. Rule '99908' will be ignored.
2026/09/19 15:02:24 wazuh-analysisd: WARNING: (7616): List 'etc/lists/malicious-ioc/malicious-ip' could not be loaded. Rule '99909' will be ignored.
2026/09/19 15:02:24 wazuh-analysisd: WARNING: (7616): List 'etc/lists/malicious-ioc/malicious-ip' could not be loaded. Rule '99910' will be ignored.
2026/09/19 15:02:24 wazuh-analysisd: WARNING: (7616): List 'etc/lists/malicious-ioc/malicious-ip' could not be loaded. Rule '99911' will be ignored.
2026/09/19 15:02:24 wazuh-analysisd: WARNING: (7616): List 'etc/lists/malicious-ioc/malicious-ip' could not be loaded. Rule '99912' will be ignored.
2026/09/19 15:02:24 wazuh-analysisd: WARNING: (7616): List 'etc/lists/malicious-ioc/malicious-ip' could not be loaded. Rule '99913' will be ignored.
2026/09/19 15:02:24 wazuh-analysisd: WARNING: (7616): List 'etc/lists/malicious-ioc/malicious-ip' could not be loaded. Rule '99914' will be ignored.
2026/09/19 15:02:24 wazuh-analysisd: WARNING: (7616): List 'etc/lists/malicious-ioc/malicious-ip' could not be loaded. Rule '99915' will be ignored.
2026/09/19 15:02:24 wazuh-analysisd: WARNING: (7616): List 'etc/lists/malicious-ioc/malicious-ip' could not be loaded. Rule '99916' will be ignored.
2026/09/19 15:02:24 wazuh-analysisd: WARNING: (7616): List 'etc/lists/malicious-ioc/malicious-domains' could not be loaded. Rule '99917' will be ignored.
2026/09/19 15:02:24 wazuh-analysisd: WARNING: (7616): List 'etc/lists/malicious-ioc/malicious-domains' could not be loaded. Rule '99918' will be ignored.
2026/09/19 15:02:24 wazuh-analysisd: WARNING: (7616): List 'etc/lists/malicious-ioc/malicious-ip' could not be loaded. Rule '99919' will be ignored.
2026/09/19 15:02:24 wazuh-analysisd: WARNING: (7616): List 'etc/lists/malicious-ioc/malicious-ip' could not be loaded. Rule '99920' will be ignored.
2026/09/19 15:02:24 wazuh-analysisd: INFO: Total rules enabled: '8405'
2026/09/19 15:02:24 wazuh-analysisd: INFO: White listing IP: '127.0.0.1'
2026/09/19 15:02:24 wazuh-analysisd: INFO: White listing IP: '127.0.0.53'
2026/09/19 15:02:24 wazuh-analysisd: INFO: 2 IPs in the white list for active response.
2026/09/19 15:02:24 wazuh-analysisd: INFO: White listing Hostname: 'localhost.localdomain'
2026/09/19 15:02:24 wazuh-analysisd: INFO: 1 Hostname(s) in the white list for active response.
2026/09/19 15:02:24 wazuh-analysisd: INFO: Started (pid: 60887).
2026/09/19 15:02:24 wazuh-analysisd: INFO: (7200): Logtest started
2026/09/19 15:02:25 wazuh-syscheckd: INFO: Started (pid: 60903).
2026/09/19 15:02:25 wazuh-syscheckd: INFO: (6003): Monitoring path: '/bin', with options 'size | permissions | owner | group | mtime | inode | hash_md5 | hash_sha1 | hash_sha256 | scheduled'.
2026/09/19 15:02:25 wazuh-syscheckd: INFO: (6003): Monitoring path: '/boot', with options 'size | permissions | owner | group | mtime | inode | hash_md5 | hash_sha1 | hash_sha256 | scheduled'.
2026/09/19 15:02:25 wazuh-syscheckd: INFO: (6003): Monitoring path: '/etc', with options 'size | permissions | owner | group | mtime | inode | hash_md5 | hash_sha1 | hash_sha256 | scheduled'.
2026/09/19 15:02:25 wazuh-syscheckd: INFO: (6003): Monitoring path: '/sbin', with options 'size | permissions | owner | group | mtime | inode | hash_md5 | hash_sha1 | hash_sha256 | scheduled'.
2026/09/19 15:02:25 wazuh-syscheckd: INFO: (6003): Monitoring path: '/usr/bin', with options 'size | permissions | owner | group | mtime | inode | hash_md5 | hash_sha1 | hash_sha256 | scheduled'.
2026/09/19 15:02:25 wazuh-syscheckd: INFO: (6003): Monitoring path: '/usr/sbin', with options 'size | permissions | owner | group | mtime | inode | hash_md5 | hash_sha1 | hash_sha256 | scheduled'.
2026/09/19 15:02:25 wazuh-syscheckd: INFO: (6206): Ignore 'file' entry '/etc/mtab'
2026/09/19 15:02:25 wazuh-syscheckd: INFO: (6206): Ignore 'file' entry '/etc/hosts.deny'
2026/09/19 15:02:25 wazuh-syscheckd: INFO: (6206): Ignore 'file' entry '/etc/mail/statistics'
2026/09/19 15:02:25 wazuh-syscheckd: INFO: (6206): Ignore 'file' entry '/etc/random-seed'
2026/09/19 15:02:25 wazuh-syscheckd: INFO: (6206): Ignore 'file' entry '/etc/random.seed'
2026/09/19 15:02:25 wazuh-syscheckd: INFO: (6206): Ignore 'file' entry '/etc/adjtime'
2026/09/19 15:02:25 wazuh-syscheckd: INFO: (6206): Ignore 'file' entry '/etc/httpd/logs'
2026/09/19 15:02:25 wazuh-syscheckd: INFO: (6206): Ignore 'file' entry '/etc/utmpx'
2026/09/19 15:02:25 wazuh-syscheckd: INFO: (6206): Ignore 'file' entry '/etc/wtmpx'
2026/09/19 15:02:25 wazuh-syscheckd: INFO: (6206): Ignore 'file' entry '/etc/cups/certs'
2026/09/19 15:02:25 wazuh-syscheckd: INFO: (6206): Ignore 'file' entry '/etc/dumpdates'
2026/09/19 15:02:25 wazuh-syscheckd: INFO: (6206): Ignore 'file' entry '/etc/svc/volatile'
2026/09/19 15:02:25 wazuh-syscheckd: INFO: (6207): Ignore 'file' sregex '.log$|.swp$'
2026/09/19 15:02:25 wazuh-syscheckd: INFO: (6004): No diff for file: '/etc/ssl/private.key'
2026/09/19 15:02:25 wazuh-syscheckd: INFO: (6000): Starting daemon...
2026/09/19 15:02:25 wazuh-syscheckd: INFO: (6010): File integrity monitoring scan frequency: 43200 seconds
2026/09/19 15:02:25 wazuh-syscheckd: INFO: (6008): File integrity monitoring scan started.
2026/09/19 15:02:25 rootcheck: INFO: Starting rootcheck scan.
2026/09/19 15:02:26 wazuh-remoted: ERROR: Unable to open file 'etc/shared/bsc-hardening/__pycache__/bsc-suid-generic-hardening.cpython-312.pyc' due to [(13)-(Permission denied)].
2026/09/19 15:02:26 wazuh-remoted: ERROR: Invalid shared file 'etc/shared/bsc-hardening/__pycache__/bsc-suid-generic-hardening.cpython-312.pyc'. Ignoring it.
2026/09/19 15:02:26 wazuh-remoted: INFO: Started (pid: 60922). Listening on port 1514/TCP (secure).
2026/09/19 15:02:26 wazuh-remoted: INFO: (1410): Reading authentication keys file.
2026/09/19 15:02:27 wazuh-syscheckd: INFO: (6009): File integrity monitoring scan ended.
2026/09/19 15:02:27 wazuh-syscheckd: INFO: FIM sync module started.
2026/09/19 15:02:27 wazuh-analysisd: INFO: Connected to 'queue/alerts/ar' (active-response queue)
2026/09/19 15:02:27 wazuh-analysisd: INFO: Connected to 'queue/alerts/execq' (exec queue)
2026/09/19 15:02:27 wazuh-analysisd: INFO: EPS limit disabled
2026/09/19 15:02:27 wazuh-logcollector: INFO: Monitoring output of command(360): df -P
2026/09/19 15:02:27 wazuh-logcollector: INFO: Monitoring full output of command(360): netstat -tulpn | sed 's/\([[:alnum:]]\+\)\ \+[[:digit:]]\+\ \+[[:digit:]]\+\ \+\(.*\):\([[:digit:]]*\)\ \+\([0-9\.\:\*]\+\).\+\ \([[:digit:]]*\/[[:alnum:]\-]*\).*/\1 \2 == \3 == \4 \5/' | sort -k 4 -g | sed 's/ == \(.*\) ==/:\1/' | sed 1,2d
2026/09/19 15:02:27 wazuh-logcollector: INFO: Monitoring full output of command(360): last -n 20
2026/09/19 15:02:27 wazuh-logcollector: INFO: (1950): Analyzing file: '/var/ossec/logs/active-responses.log'.
2026/09/19 15:02:27 wazuh-logcollector: INFO: (1950): Analyzing file: '/var/log/dpkg.log'.
2026/09/19 15:02:27 wazuh-logcollector: INFO: Started (pid: 61069).
2026/09/19 15:02:28 wazuh-monitord: INFO: Started (pid: 61120).
2026/09/19 15:02:30 wazuh-modulesd: WARNING: The 'vulnerability-detector' configuration is deprecated, please update your settings to use the new 'vulnerability-detection' instead (default values will be used based on your previous configurations). See https://documentation.wazuh.com
2026/09/19 15:02:30 wazuh-modulesd: WARNING: (1230): Invalid element in the configuration: 'interval'.
2026/09/19 15:02:30 wazuh-modulesd: WARNING: (1230): Invalid element in the configuration: 'min_full_scan_interval'.
2026/09/19 15:02:30 wazuh-modulesd: WARNING: (1230): Invalid element in the configuration: 'run_on_start'.
2026/09/19 15:02:30 wazuh-modulesd: WARNING: (1230): Invalid element in the configuration: 'provider'.
2026/09/19 15:02:30 wazuh-modulesd: WARNING: (1230): Invalid element in the configuration: 'provider'.
2026/09/19 15:02:30 wazuh-modulesd: WARNING: (1230): Invalid element in the configuration: 'provider'.
2026/09/19 15:02:30 wazuh-modulesd: WARNING: (1230): Invalid element in the configuration: 'provider'.
2026/09/19 15:02:30 wazuh-modulesd: WARNING: (1230): Invalid element in the configuration: 'provider'.
2026/09/19 15:02:30 wazuh-modulesd: WARNING: (1230): Invalid element in the configuration: 'provider'.
2026/09/19 15:02:30 wazuh-modulesd: WARNING: (1230): Invalid element in the configuration: 'provider'.
2026/09/19 15:02:30 wazuh-modulesd: WARNING: (1230): Invalid element in the configuration: 'provider'.
2026/09/19 15:02:30 wazuh-modulesd: WARNING: (1230): Invalid element in the configuration: 'provider'.
2026/09/19 15:02:30 wazuh-modulesd:router: INFO: Loaded router module.
2026/09/19 15:02:30 wazuh-modulesd:content_manager: INFO: Loaded content_manager module.
2026/09/19 15:02:30 wazuh-modulesd:inventory-harvester: INFO: Loaded Inventory harvester module.
2026/09/19 15:02:30 wazuh-modulesd: INFO: Started (pid: 61180).
2026/09/19 15:02:30 wazuh-modulesd:agent-upgrade: INFO: (8153): Module Agent Upgrade started.
2026/09/19 15:02:30 wazuh-modulesd:ciscat: INFO: Module disabled. Exiting...
2026/09/19 15:02:30 wazuh-modulesd:osquery: INFO: Module disabled. Exiting...
2026/09/19 15:02:30 sca: INFO: Module started.
2026/09/19 15:02:30 sca: INFO: Loaded policy '/var/ossec/ruleset/sca/cis_ubuntu24-04.yml'
2026/09/19 15:02:30 wazuh-modulesd:vulnerability-scanner: INFO: Starting vulnerability_scanner module.
2026/09/19 15:02:30 wazuh-modulesd:task-manager: INFO: (8200): Module Task Manager started.
2026/09/19 15:02:30 sca: INFO: Starting Security Configuration Assessment scan.
2026/09/19 15:02:30 wazuh-modulesd:router: INFO: Starting router module.
2026/09/19 15:02:30 wazuh-modulesd:content_manager: INFO: Starting content_manager module.
2026/09/19 15:02:30 wazuh-modulesd:database: INFO: Module started.
2026/09/19 15:02:30 wazuh-modulesd:download: INFO: Module started.
2026/09/19 15:02:30 wazuh-modulesd:inventory-harvester: INFO: Starting inventory_harvester module.
2026/09/19 15:02:30 wazuh-modulesd:control: INFO: Starting control thread.
2026/09/19 15:02:30 wazuh-modulesd:syscollector: INFO: Module started.
2026/09/19 15:02:30 wazuh-modulesd:syscollector: INFO: Starting evaluation.
2026/09/19 15:02:30 sca: INFO: Starting evaluation of policy: '/var/ossec/ruleset/sca/cis_ubuntu24-04.yml'
2026/09/19 15:02:30 wazuh-modulesd:vulnerability-scanner: INFO: Vulnerability scanner module is disabled.
2026/09/19 15:02:30 indexer-connector: WARNING: No username and password found in the keystore, using default values.
2026/09/19 15:02:30 indexer-connector: WARNING: IndexerConnector initialization failed for index 'wazuh-states-inventory-packages-wazuh', retrying until the connection is successful.
2026/09/19 15:02:30 indexer-connector: WARNING: IndexerConnector initialization failed for index 'wazuh-states-inventory-system-wazuh', retrying until the connection is successful.
2026/09/19 15:02:30 indexer-connector: WARNING: IndexerConnector initialization failed for index 'wazuh-states-inventory-processes-wazuh', retrying until the connection is successful.
2026/09/19 15:02:30 indexer-connector: WARNING: IndexerConnector initialization failed for index 'wazuh-states-inventory-ports-wazuh', retrying until the connection is successful.
2026/09/19 15:02:30 indexer-connector: WARNING: IndexerConnector initialization failed for index 'wazuh-states-inventory-hotfixes-wazuh', retrying until the connection is successful.
2026/09/19 15:02:30 indexer-connector: WARNING: IndexerConnector initialization failed for index 'wazuh-states-inventory-hardware-wazuh', retrying until the connection is successful.
2026/09/19 15:02:30 indexer-connector: WARNING: IndexerConnector initialization failed for index 'wazuh-states-inventory-protocols-wazuh', retrying until the connection is successful.
2026/09/19 15:02:30 indexer-connector: WARNING: IndexerConnector initialization failed for index 'wazuh-states-inventory-interfaces-wazuh', retrying until the connection is successful.
2026/09/19 15:02:30 indexer-connector: WARNING: IndexerConnector initialization failed for index 'wazuh-states-inventory-networks-wazuh', retrying until the connection is successful.
2026/09/19 15:02:30 indexer-connector: WARNING: IndexerConnector initialization failed for index 'wazuh-states-inventory-users-wazuh', retrying until the connection is successful.
2026/09/19 15:02:30 indexer-connector: WARNING: IndexerConnector initialization failed for index 'wazuh-states-inventory-groups-wazuh', retrying until the connection is successful.
2026/09/19 15:02:30 indexer-connector: WARNING: IndexerConnector initialization failed for index 'wazuh-states-inventory-browser-extensions-wazuh', retrying until the connection is successful.
2026/09/19 15:02:30 indexer-connector: WARNING: IndexerConnector initialization failed for index 'wazuh-states-inventory-services-wazuh', retrying until the connection is successful.
2026/09/19 15:02:30 logger-helper: INFO: InventoryHarvesterFacade module started.
2026/09/19 15:02:30 wazuh-modulesd:syscollector: INFO: Evaluation finished.
2026/09/19 15:02:34 sca: INFO: Evaluation finished for policy '/var/ossec/ruleset/sca/cis_ubuntu24-04.yml'
2026/09/19 15:02:34 sca: INFO: Security Configuration Assessment scan finished. Duration: 4 seconds.
2026/09/19 15:02:49 wazuh-syscheckd: INFO: netstat not available. Skipping port check.
2026/09/19 15:02:54 rootcheck: INFO: Ending rootcheck scan.
2026/09/19 15:03:12 wazuh-monitord: INFO: (1225): SIGNAL [(15)-(Terminated)] Received. Exit Cleaning...
2026/09/19 15:03:12 wazuh-logcollector: INFO: (1225): SIGNAL [(15)-(Terminated)] Received. Exit Cleaning...
2026/09/19 15:03:12 wazuh-remoted: INFO: (1225): SIGNAL [(15)-(Terminated)] Received. Exit Cleaning...
2026/09/19 15:03:12 wazuh-syscheckd: INFO: (1756): Shutdown received. Releasing resources.
2026/09/19 15:03:12 wazuh-analysisd: INFO: (1225): SIGNAL [(15)-(Terminated)] Received. Exit Cleaning...
2026/09/19 15:03:12 wazuh-execd: INFO: (1314): Shutdown received. Deleting responses.
2026/09/19 15:03:12 wazuh-execd: INFO: (1225): SIGNAL [(15)-(Terminated)] Received. Exit Cleaning...
2026/09/19 15:03:12 wazuh-db: INFO: (1225): SIGNAL [(15)-(Terminated)] Received. Exit Cleaning...
2026/09/19 15:03:12 wazuh-authd: INFO: (1225): SIGNAL [(15)-(Terminated)] Received. Exit Cleaning...
2026/09/19 15:03:12 wazuh-authd: INFO: Exiting...
2026/09/19 15:03:13 :router: INFO: Stopping server thread
2026/09/19 15:03:13 wazuh-db: INFO: Graceful process shutdown.
2026/09/19 15:03:13 wazuh-modulesd: INFO: Shutting down Wazuh modules.
2026/09/19 15:03:13 wazuh-modulesd:syscollector: INFO: Stop received for Syscollector.
2026/09/19 15:03:13 wazuh-modulesd:syscollector: INFO: Module finished.
2026/09/19 15:03:13 wazuh-modulesd:vulnerability-scanner: INFO: Stopping vulnerability_scanner module.
2026/09/19 15:03:13 wazuh-modulesd:router: INFO: Stopping router module.
2026/09/19 15:03:13 wazuh-modulesd:content_manager: INFO: Stopping content_manager module.
2026/09/19 15:03:13 wazuh-modulesd:inventory-harvester: INFO: Stopping inventory_harvester module.
2026/09/19 15:03:13 logger-helper: INFO: Inventory harvester module stopped.
2026/09/19 15:03:34 wazuh-syscheckd: INFO: (1225): SIGNAL [(15)-(Terminated)] Received. Exit Cleaning...
2026/09/19 15:03:35 wazuh-analysisd: WARNING: (7616): List 'etc/lists/malicious-ioc/malware-hashes' could not be loaded. Rule '99901' will be ignored.
2026/09/19 15:03:35 wazuh-analysisd: WARNING: (7616): List 'etc/lists/malicious-ioc/malicious-ip' could not be loaded. Rule '99902' will be ignored.
2026/09/19 15:03:35 wazuh-analysisd: WARNING: (7616): List 'etc/lists/malicious-ioc/malicious-ip' could not be loaded. Rule '99903' will be ignored.
2026/09/19 15:03:35 wazuh-analysisd: WARNING: (7616): List 'etc/lists/malicious-ioc/malicious-ip' could not be loaded. Rule '99904' will be ignored.
2026/09/19 15:03:35 wazuh-analysisd: WARNING: (7616): List 'etc/lists/malicious-ioc/malicious-ip' could not be loaded. Rule '99905' will be ignored.
2026/09/19 15:03:35 wazuh-analysisd: WARNING: (7617): Signature ID '99905' was not found and will be ignored in the 'if_sid' option of rule '99906'.
2026/09/19 15:03:35 wazuh-analysisd: WARNING: (7619): Empty 'if_sid' value. Rule '99906' will be ignored.
2026/09/19 15:03:35 wazuh-analysisd: WARNING: (7616): List 'etc/lists/malicious-ioc/malicious-ip' could not be loaded. Rule '99907' will be ignored.
2026/09/19 15:03:35 wazuh-analysisd: WARNING: (7616): List 'etc/lists/malicious-ioc/malicious-ip' could not be loaded. Rule '99908' will be ignored.
2026/09/19 15:03:35 wazuh-analysisd: WARNING: (7616): List 'etc/lists/malicious-ioc/malicious-ip' could not be loaded. Rule '99909' will be ignored.
2026/09/19 15:03:35 wazuh-analysisd: WARNING: (7616): List 'etc/lists/malicious-ioc/malicious-ip' could not be loaded. Rule '99910' will be ignored.
2026/09/19 15:03:35 wazuh-analysisd: WARNING: (7616): List 'etc/lists/malicious-ioc/malicious-ip' could not be loaded. Rule '99911' will be ignored.
2026/09/19 15:03:35 wazuh-analysisd: WARNING: (7616): List 'etc/lists/malicious-ioc/malicious-ip' could not be loaded. Rule '99912' will be ignored.
2026/09/19 15:03:35 wazuh-analysisd: WARNING: (7616): List 'etc/lists/malicious-ioc/malicious-ip' could not be loaded. Rule '99913' will be ignored.
2026/09/19 15:03:35 wazuh-analysisd: WARNING: (7616): List 'etc/lists/malicious-ioc/malicious-ip' could not be loaded. Rule '99914' will be ignored.
2026/09/19 15:03:35 wazuh-analysisd: WARNING: (7616): List 'etc/lists/malicious-ioc/malicious-ip' could not be loaded. Rule '99915' will be ignored.
2026/09/19 15:03:35 wazuh-analysisd: WARNING: (7616): List 'etc/lists/malicious-ioc/malicious-ip' could not be loaded. Rule '99916' will be ignored.
2026/09/19 15:03:35 wazuh-analysisd: WARNING: (7616): List 'etc/lists/malicious-ioc/malicious-domains' could not be loaded. Rule '99917' will be ignored.
2026/09/19 15:03:35 wazuh-analysisd: WARNING: (7616): List 'etc/lists/malicious-ioc/malicious-domains' could not be loaded. Rule '99918' will be ignored.
2026/09/19 15:03:35 wazuh-analysisd: WARNING: (7616): List 'etc/lists/malicious-ioc/malicious-ip' could not be loaded. Rule '99919' will be ignored.
2026/09/19 15:03:35 wazuh-analysisd: WARNING: (7616): List 'etc/lists/malicious-ioc/malicious-ip' could not be loaded. Rule '99920' will be ignored.
2026/09/19 15:03:35 wazuh-modulesd: WARNING: The 'vulnerability-detector' configuration is deprecated, please update your settings to use the new 'vulnerability-detection' instead (default values will be used based on your previous configurations). See https://documentation.wazuh.com
2026/09/19 15:03:35 wazuh-modulesd: WARNING: (1230): Invalid element in the configuration: 'interval'.
2026/09/19 15:03:35 wazuh-modulesd: WARNING: (1230): Invalid element in the configuration: 'min_full_scan_interval'.
2026/09/19 15:03:35 wazuh-modulesd: WARNING: (1230): Invalid element in the configuration: 'run_on_start'.
2026/09/19 15:03:35 wazuh-modulesd: WARNING: (1230): Invalid element in the configuration: 'provider'.
2026/09/19 15:03:35 wazuh-modulesd: WARNING: (1230): Invalid element in the configuration: 'provider'.
2026/09/19 15:03:35 wazuh-modulesd: WARNING: (1230): Invalid element in the configuration: 'provider'.
2026/09/19 15:03:35 wazuh-modulesd: WARNING: (1230): Invalid element in the configuration: 'provider'.
2026/09/19 15:03:35 wazuh-modulesd: WARNING: (1230): Invalid element in the configuration: 'provider'.
2026/09/19 15:03:35 wazuh-modulesd: WARNING: (1230): Invalid element in the configuration: 'provider'.
2026/09/19 15:03:35 wazuh-modulesd: WARNING: (1230): Invalid element in the configuration: 'provider'.
2026/09/19 15:03:35 wazuh-modulesd: WARNING: (1230): Invalid element in the configuration: 'provider'.
2026/09/19 15:03:35 wazuh-modulesd: WARNING: (1230): Invalid element in the configuration: 'provider'.
2026/09/19 15:03:35 wazuh-modulesd:router: INFO: Loaded router module.
2026/09/19 15:03:35 wazuh-modulesd:content_manager: INFO: Loaded content_manager module.
2026/09/19 15:03:35 wazuh-modulesd:inventory-harvester: INFO: Loaded Inventory harvester module.
2026/09/19 15:03:35 wazuh-testrule: WARNING: (7616): List 'etc/lists/malicious-ioc/malware-hashes' could not be loaded. Rule '99901' will be ignored.
2026/09/19 15:03:35 wazuh-testrule: WARNING: (7616): List 'etc/lists/malicious-ioc/malicious-ip' could not be loaded. Rule '99902' will be ignored.
2026/09/19 15:03:35 wazuh-testrule: WARNING: (7616): List 'etc/lists/malicious-ioc/malicious-ip' could not be loaded. Rule '99903' will be ignored.
2026/09/19 15:03:35 wazuh-testrule: WARNING: (7616): List 'etc/lists/malicious-ioc/malicious-ip' could not be loaded. Rule '99904' will be ignored.
2026/09/19 15:03:35 wazuh-testrule: WARNING: (7616): List 'etc/lists/malicious-ioc/malicious-ip' could not be loaded. Rule '99905' will be ignored.
2026/09/19 15:03:35 wazuh-testrule: WARNING: (7617): Signature ID '99905' was not found and will be ignored in the 'if_sid' option of rule '99906'.
2026/09/19 15:03:35 wazuh-testrule: WARNING: (7619): Empty 'if_sid' value. Rule '99906' will be ignored.
2026/09/19 15:03:35 wazuh-testrule: WARNING: (7616): List 'etc/lists/malicious-ioc/malicious-ip' could not be loaded. Rule '99907' will be ignored.
2026/09/19 15:03:35 wazuh-testrule: WARNING: (7616): List 'etc/lists/malicious-ioc/malicious-ip' could not be loaded. Rule '99908' will be ignored.
2026/09/19 15:03:35 wazuh-testrule: WARNING: (7616): List 'etc/lists/malicious-ioc/malicious-ip' could not be loaded. Rule '99909' will be ignored.
2026/09/19 15:03:35 wazuh-testrule: WARNING: (7616): List 'etc/lists/malicious-ioc/malicious-ip' could not be loaded. Rule '99910' will be ignored.
2026/09/19 15:03:35 wazuh-testrule: WARNING: (7616): List 'etc/lists/malicious-ioc/malicious-ip' could not be loaded. Rule '99911' will be ignored.
2026/09/19 15:03:35 wazuh-testrule: WARNING: (7616): List 'etc/lists/malicious-ioc/malicious-ip' could not be loaded. Rule '99912' will be ignored.
2026/09/19 15:03:35 wazuh-testrule: WARNING: (7616): List 'etc/lists/malicious-ioc/malicious-ip' could not be loaded. Rule '99913' will be ignored.
2026/09/19 15:03:35 wazuh-testrule: WARNING: (7616): List 'etc/lists/malicious-ioc/malicious-ip' could not be loaded. Rule '99914' will be ignored.
2026/09/19 15:03:35 wazuh-testrule: WARNING: (7616): List 'etc/lists/malicious-ioc/malicious-ip' could not be loaded. Rule '99915' will be ignored.
2026/09/19 15:03:35 wazuh-testrule: WARNING: (7616): List 'etc/lists/malicious-ioc/malicious-ip' could not be loaded. Rule '99916' will be ignored.
2026/09/19 15:03:35 wazuh-testrule: WARNING: (7616): List 'etc/lists/malicious-ioc/malicious-domains' could not be loaded. Rule '99917' will be ignored.
2026/09/19 15:03:35 wazuh-testrule: WARNING: (7616): List 'etc/lists/malicious-ioc/malicious-domains' could not be loaded. Rule '99918' will be ignored.
2026/09/19 15:03:35 wazuh-testrule: WARNING: (7616): List 'etc/lists/malicious-ioc/malicious-ip' could not be loaded. Rule '99919' will be ignored.
2026/09/19 15:03:35 wazuh-testrule: WARNING: (7616): List 'etc/lists/malicious-ioc/malicious-ip' could not be loaded. Rule '99920' will be ignored.
2026/09/19 15:03:36 wazuh-csyslogd: INFO: Remote syslog server not configured. Clean exit.
2026/09/19 15:03:36 wazuh-integratord: INFO: Remote integrations not configured. Clean exit.
2026/09/19 15:03:36 wazuh-agentlessd: INFO: Not configured. Exiting.
2026/09/19 15:03:36 wazuh-authd: INFO: Started (pid: 69303).
2026/09/19 15:03:36 wazuh-authd: INFO: Accepting connections on port 1515. No password required.
2026/09/19 15:03:36 wazuh-authd: INFO: Setting network timeout to 1.000000 sec.
2026/09/19 15:03:37 wazuh-db: INFO: Started (pid: 69318).
2026/09/19 15:03:37 :router: INFO: Registering GET endpoint: /v1/agents/ids
2026/09/19 15:03:37 :router: INFO: Registering GET endpoint: /v1/agents/ids/groups/:name
2026/09/19 15:03:37 :router: INFO: Registering GET endpoint: /v1/agents/ids/groups
2026/09/19 15:03:37 :router: INFO: Registering GET endpoint: /v1/agents/:agent_id/groups
2026/09/19 15:03:37 :router: INFO: Registering POST endpoint: /v1/agents/summary
2026/09/19 15:03:37 :router: INFO: Registering GET endpoint: /v1/agents/sync
2026/09/19 15:03:37 :router: INFO: Registering POST endpoint: /v1/agents/sync
2026/09/19 15:03:37 :router: INFO: Registering POST endpoint: /v1/agents/restartinfo
2026/09/19 15:03:37 :router: INFO: API started successfully
2026/09/19 15:03:38 wazuh-execd: INFO: Started (pid: 69359).
2026/09/19 15:03:40 wazuh-analysisd: WARNING: (7616): List 'etc/lists/malicious-ioc/malware-hashes' could not be loaded. Rule '99901' will be ignored.
2026/09/19 15:03:40 wazuh-analysisd: WARNING: (7616): List 'etc/lists/malicious-ioc/malicious-ip' could not be loaded. Rule '99902' will be ignored.
2026/09/19 15:03:40 wazuh-analysisd: WARNING: (7616): List 'etc/lists/malicious-ioc/malicious-ip' could not be loaded. Rule '99903' will be ignored.
2026/09/19 15:03:40 wazuh-analysisd: WARNING: (7616): List 'etc/lists/malicious-ioc/malicious-ip' could not be loaded. Rule '99904' will be ignored.
2026/09/19 15:03:40 wazuh-analysisd: WARNING: (7616): List 'etc/lists/malicious-ioc/malicious-ip' could not be loaded. Rule '99905' will be ignored.
2026/09/19 15:03:40 wazuh-analysisd: WARNING: (7617): Signature ID '99905' was not found and will be ignored in the 'if_sid' option of rule '99906'.
2026/09/19 15:03:40 wazuh-analysisd: WARNING: (7619): Empty 'if_sid' value. Rule '99906' will be ignored.
2026/09/19 15:03:40 wazuh-analysisd: WARNING: (7616): List 'etc/lists/malicious-ioc/malicious-ip' could not be loaded. Rule '99907' will be ignored.
2026/09/19 15:03:40 wazuh-analysisd: WARNING: (7616): List 'etc/lists/malicious-ioc/malicious-ip' could not be loaded. Rule '99908' will be ignored.
2026/09/19 15:03:40 wazuh-analysisd: WARNING: (7616): List 'etc/lists/malicious-ioc/malicious-ip' could not be loaded. Rule '99909' will be ignored.
2026/09/19 15:03:40 wazuh-analysisd: WARNING: (7616): List 'etc/lists/malicious-ioc/malicious-ip' could not be loaded. Rule '99910' will be ignored.
2026/09/19 15:03:40 wazuh-analysisd: WARNING: (7616): List 'etc/lists/malicious-ioc/malicious-ip' could not be loaded. Rule '99911' will be ignored.
2026/09/19 15:03:40 wazuh-analysisd: WARNING: (7616): List 'etc/lists/malicious-ioc/malicious-ip' could not be loaded. Rule '99912' will be ignored.
2026/09/19 15:03:40 wazuh-analysisd: WARNING: (7616): List 'etc/lists/malicious-ioc/malicious-ip' could not be loaded. Rule '99913' will be ignored.
2026/09/19 15:03:40 wazuh-analysisd: WARNING: (7616): List 'etc/lists/malicious-ioc/malicious-ip' could not be loaded. Rule '99914' will be ignored.
2026/09/19 15:03:40 wazuh-analysisd: WARNING: (7616): List 'etc/lists/malicious-ioc/malicious-ip' could not be loaded. Rule '99915' will be ignored.
2026/09/19 15:03:40 wazuh-analysisd: WARNING: (7616): List 'etc/lists/malicious-ioc/malicious-ip' could not be loaded. Rule '99916' will be ignored.
2026/09/19 15:03:40 wazuh-analysisd: WARNING: (7616): List 'etc/lists/malicious-ioc/malicious-domains' could not be loaded. Rule '99917' will be ignored.
2026/09/19 15:03:40 wazuh-analysisd: WARNING: (7616): List 'etc/lists/malicious-ioc/malicious-domains' could not be loaded. Rule '99918' will be ignored.
2026/09/19 15:03:40 wazuh-analysisd: WARNING: (7616): List 'etc/lists/malicious-ioc/malicious-ip' could not be loaded. Rule '99919' will be ignored.
2026/09/19 15:03:40 wazuh-analysisd: WARNING: (7616): List 'etc/lists/malicious-ioc/malicious-ip' could not be loaded. Rule '99920' will be ignored.
2026/09/19 15:03:40 wazuh-analysisd: INFO: Total rules enabled: '8405'
2026/09/19 15:03:40 wazuh-analysisd: INFO: White listing IP: '127.0.0.1'
2026/09/19 15:03:40 wazuh-analysisd: INFO: White listing IP: '127.0.0.53'
2026/09/19 15:03:40 wazuh-analysisd: INFO: 2 IPs in the white list for active response.
2026/09/19 15:03:40 wazuh-analysisd: INFO: White listing Hostname: 'localhost.localdomain'
2026/09/19 15:03:40 wazuh-analysisd: INFO: 1 Hostname(s) in the white list for active response.
2026/09/19 15:03:40 wazuh-analysisd: INFO: Started (pid: 69373).
2026/09/19 15:03:40 wazuh-analysisd: INFO: (7200): Logtest started
2026/09/19 15:03:40 wazuh-syscheckd: INFO: Started (pid: 69389).
2026/09/19 15:03:40 wazuh-syscheckd: INFO: (6003): Monitoring path: '/bin', with options 'size | permissions | owner | group | mtime | inode | hash_md5 | hash_sha1 | hash_sha256 | scheduled'.
2026/09/19 15:03:40 wazuh-syscheckd: INFO: (6003): Monitoring path: '/boot', with options 'size | permissions | owner | group | mtime | inode | hash_md5 | hash_sha1 | hash_sha256 | scheduled'.
2026/09/19 15:03:40 wazuh-syscheckd: INFO: (6003): Monitoring path: '/etc', with options 'size | permissions | owner | group | mtime | inode | hash_md5 | hash_sha1 | hash_sha256 | scheduled'.
2026/09/19 15:03:40 wazuh-syscheckd: INFO: (6003): Monitoring path: '/sbin', with options 'size | permissions | owner | group | mtime | inode | hash_md5 | hash_sha1 | hash_sha256 | scheduled'.
2026/09/19 15:03:40 wazuh-syscheckd: INFO: (6003): Monitoring path: '/usr/bin', with options 'size | permissions | owner | group | mtime | inode | hash_md5 | hash_sha1 | hash_sha256 | scheduled'.
2026/09/19 15:03:40 wazuh-syscheckd: INFO: (6003): Monitoring path: '/usr/sbin', with options 'size | permissions | owner | group | mtime | inode | hash_md5 | hash_sha1 | hash_sha256 | scheduled'.
2026/09/19 15:03:40 wazuh-syscheckd: INFO: (6206): Ignore 'file' entry '/etc/mtab'
2026/09/19 15:03:40 wazuh-syscheckd: INFO: (6206): Ignore 'file' entry '/etc/hosts.deny'
2026/09/19 15:03:40 wazuh-syscheckd: INFO: (6206): Ignore 'file' entry '/etc/mail/statistics'
2026/09/19 15:03:40 wazuh-syscheckd: INFO: (6206): Ignore 'file' entry '/etc/random-seed'
2026/09/19 15:03:40 wazuh-syscheckd: INFO: (6206): Ignore 'file' entry '/etc/random.seed'
2026/09/19 15:03:40 wazuh-syscheckd: INFO: (6206): Ignore 'file' entry '/etc/adjtime'
2026/09/19 15:03:40 wazuh-syscheckd: INFO: (6206): Ignore 'file' entry '/etc/httpd/logs'
2026/09/19 15:03:40 wazuh-syscheckd: INFO: (6206): Ignore 'file' entry '/etc/utmpx'
2026/09/19 15:03:40 wazuh-syscheckd: INFO: (6206): Ignore 'file' entry '/etc/wtmpx'
2026/09/19 15:03:40 wazuh-syscheckd: INFO: (6206): Ignore 'file' entry '/etc/cups/certs'
2026/09/19 15:03:40 wazuh-syscheckd: INFO: (6206): Ignore 'file' entry '/etc/dumpdates'
2026/09/19 15:03:40 wazuh-syscheckd: INFO: (6206): Ignore 'file' entry '/etc/svc/volatile'
2026/09/19 15:03:40 wazuh-syscheckd: INFO: (6207): Ignore 'file' sregex '.log$|.swp$'
2026/09/19 15:03:40 wazuh-syscheckd: INFO: (6004): No diff for file: '/etc/ssl/private.key'
2026/09/19 15:03:40 wazuh-syscheckd: INFO: (6000): Starting daemon...
2026/09/19 15:03:40 wazuh-syscheckd: INFO: (6010): File integrity monitoring scan frequency: 43200 seconds
2026/09/19 15:03:40 wazuh-syscheckd: INFO: (6008): File integrity monitoring scan started.
2026/09/19 15:03:40 rootcheck: INFO: Starting rootcheck scan.
2026/09/19 15:03:40 wazuh-remoted: ERROR: Unable to open file 'etc/shared/bsc-hardening/__pycache__/bsc-suid-generic-hardening.cpython-312.pyc' due to [(13)-(Permission denied)].
2026/09/19 15:03:40 wazuh-remoted: ERROR: Invalid shared file 'etc/shared/bsc-hardening/__pycache__/bsc-suid-generic-hardening.cpython-312.pyc'. Ignoring it.
2026/09/19 15:03:40 wazuh-remoted: INFO: Started (pid: 69403). Listening on port 1514/TCP (secure).
2026/09/19 15:03:40 wazuh-remoted: INFO: (1410): Reading authentication keys file.
2026/09/19 15:03:41 wazuh-logcollector: INFO: Monitoring output of command(360): df -P
2026/09/19 15:03:41 wazuh-logcollector: INFO: Monitoring full output of command(360): netstat -tulpn | sed 's/\([[:alnum:]]\+\)\ \+[[:digit:]]\+\ \+[[:digit:]]\+\ \+\(.*\):\([[:digit:]]*\)\ \+\([0-9\.\:\*]\+\).\+\ \([[:digit:]]*\/[[:alnum:]\-]*\).*/\1 \2 == \3 == \4 \5/' | sort -k 4 -g | sed 's/ == \(.*\) ==/:\1/' | sed 1,2d
2026/09/19 15:03:41 wazuh-logcollector: INFO: Monitoring full output of command(360): last -n 20
2026/09/19 15:03:41 wazuh-logcollector: INFO: (1950): Analyzing file: '/var/ossec/logs/active-responses.log'.
2026/09/19 15:03:41 wazuh-logcollector: INFO: (1950): Analyzing file: '/var/log/dpkg.log'.
2026/09/19 15:03:41 wazuh-logcollector: INFO: Started (pid: 69442).
2026/09/19 15:03:42 wazuh-syscheckd: INFO: (6009): File integrity monitoring scan ended.
2026/09/19 15:03:42 wazuh-syscheckd: INFO: FIM sync module started.
2026/09/19 15:03:42 wazuh-monitord: INFO: Started (pid: 69496).
2026/09/19 15:03:43 wazuh-analysisd: INFO: Connected to 'queue/alerts/ar' (active-response queue)
2026/09/19 15:03:43 wazuh-analysisd: INFO: Connected to 'queue/alerts/execq' (exec queue)
2026/09/19 15:03:43 wazuh-analysisd: INFO: EPS limit disabled
2026/09/19 15:03:44 wazuh-modulesd: WARNING: The 'vulnerability-detector' configuration is deprecated, please update your settings to use the new 'vulnerability-detection' instead (default values will be used based on your previous configurations). See https://documentation.wazuh.com
2026/09/19 15:03:44 wazuh-modulesd: WARNING: (1230): Invalid element in the configuration: 'interval'.
2026/09/19 15:03:44 wazuh-modulesd: WARNING: (1230): Invalid element in the configuration: 'min_full_scan_interval'.
2026/09/19 15:03:44 wazuh-modulesd: WARNING: (1230): Invalid element in the configuration: 'run_on_start'.
2026/09/19 15:03:44 wazuh-modulesd: WARNING: (1230): Invalid element in the configuration: 'provider'.
2026/09/19 15:03:44 wazuh-modulesd: WARNING: (1230): Invalid element in the configuration: 'provider'.
2026/09/19 15:03:44 wazuh-modulesd: WARNING: (1230): Invalid element in the configuration: 'provider'.
2026/09/19 15:03:44 wazuh-modulesd: WARNING: (1230): Invalid element in the configuration: 'provider'.
2026/09/19 15:03:44 wazuh-modulesd: WARNING: (1230): Invalid element in the configuration: 'provider'.
2026/09/19 15:03:44 wazuh-modulesd: WARNING: (1230): Invalid element in the configuration: 'provider'.
2026/09/19 15:03:44 wazuh-modulesd: WARNING: (1230): Invalid element in the configuration: 'provider'.
2026/09/19 15:03:44 wazuh-modulesd: WARNING: (1230): Invalid element in the configuration: 'provider'.
2026/09/19 15:03:44 wazuh-modulesd: WARNING: (1230): Invalid element in the configuration: 'provider'.
2026/09/19 15:03:44 wazuh-modulesd:router: INFO: Loaded router module.
2026/09/19 15:03:44 wazuh-modulesd:content_manager: INFO: Loaded content_manager module.
2026/09/19 15:03:44 wazuh-modulesd:inventory-harvester: INFO: Loaded Inventory harvester module.
2026/09/19 15:03:44 wazuh-modulesd: INFO: Started (pid: 69623).
2026/09/19 15:03:44 wazuh-modulesd:agent-upgrade: INFO: (8153): Module Agent Upgrade started.
2026/09/19 15:03:44 wazuh-modulesd:ciscat: INFO: Module disabled. Exiting...
2026/09/19 15:03:44 wazuh-modulesd:osquery: INFO: Module disabled. Exiting...
2026/09/19 15:03:44 sca: INFO: Module started.
2026/09/19 15:03:44 wazuh-modulesd:task-manager: INFO: (8200): Module Task Manager started.
2026/09/19 15:03:44 sca: INFO: Loaded policy '/var/ossec/ruleset/sca/cis_ubuntu24-04.yml'
2026/09/19 15:03:44 wazuh-modulesd:vulnerability-scanner: INFO: Starting vulnerability_scanner module.
2026/09/19 15:03:44 wazuh-modulesd:router: INFO: Starting router module.
2026/09/19 15:03:44 wazuh-modulesd:content_manager: INFO: Starting content_manager module.
2026/09/19 15:03:44 sca: INFO: Starting Security Configuration Assessment scan.
2026/09/19 15:03:44 wazuh-modulesd:database: INFO: Module started.
2026/09/19 15:03:44 wazuh-modulesd:download: INFO: Module started.
2026/09/19 15:03:44 wazuh-modulesd:inventory-harvester: INFO: Starting inventory_harvester module.
2026/09/19 15:03:44 wazuh-modulesd:control: INFO: Starting control thread.
2026/09/19 15:03:44 wazuh-modulesd:syscollector: INFO: Module started.
2026/09/19 15:03:44 wazuh-modulesd:syscollector: INFO: Starting evaluation.
2026/09/19 15:03:44 sca: INFO: Starting evaluation of policy: '/var/ossec/ruleset/sca/cis_ubuntu24-04.yml'
2026/09/19 15:03:44 wazuh-modulesd:vulnerability-scanner: INFO: Vulnerability scanner module is disabled.
2026/09/19 15:03:44 indexer-connector: WARNING: No username and password found in the keystore, using default values.
2026/09/19 15:03:44 indexer-connector: WARNING: IndexerConnector initialization failed for index 'wazuh-states-inventory-packages-wazuh', retrying until the connection is successful.
2026/09/19 15:03:44 indexer-connector: WARNING: IndexerConnector initialization failed for index 'wazuh-states-inventory-system-wazuh', retrying until the connection is successful.
2026/09/19 15:03:44 indexer-connector: WARNING: IndexerConnector initialization failed for index 'wazuh-states-inventory-processes-wazuh', retrying until the connection is successful.
2026/09/19 15:03:44 indexer-connector: WARNING: IndexerConnector initialization failed for index 'wazuh-states-inventory-ports-wazuh', retrying until the connection is successful.
2026/09/19 15:03:44 indexer-connector: WARNING: IndexerConnector initialization failed for index 'wazuh-states-inventory-hotfixes-wazuh', retrying until the connection is successful.
2026/09/19 15:03:44 indexer-connector: WARNING: IndexerConnector initialization failed for index 'wazuh-states-inventory-hardware-wazuh', retrying until the connection is successful.
2026/09/19 15:03:44 indexer-connector: WARNING: IndexerConnector initialization failed for index 'wazuh-states-inventory-protocols-wazuh', retrying until the connection is successful.
2026/09/19 15:03:44 indexer-connector: WARNING: IndexerConnector initialization failed for index 'wazuh-states-inventory-interfaces-wazuh', retrying until the connection is successful.
2026/09/19 15:03:44 indexer-connector: WARNING: IndexerConnector initialization failed for index 'wazuh-states-inventory-networks-wazuh', retrying until the connection is successful.
2026/09/19 15:03:45 indexer-connector: WARNING: IndexerConnector initialization failed for index 'wazuh-states-inventory-users-wazuh', retrying until the connection is successful.
2026/09/19 15:03:45 indexer-connector: WARNING: IndexerConnector initialization failed for index 'wazuh-states-inventory-groups-wazuh', retrying until the connection is successful.
2026/09/19 15:03:45 indexer-connector: WARNING: IndexerConnector initialization failed for index 'wazuh-states-inventory-browser-extensions-wazuh', retrying until the connection is successful.
2026/09/19 15:03:45 indexer-connector: WARNING: IndexerConnector initialization failed for index 'wazuh-states-inventory-services-wazuh', retrying until the connection is successful.
2026/09/19 15:03:45 logger-helper: INFO: InventoryHarvesterFacade module started.
2026/09/19 15:03:45 wazuh-modulesd:syscollector: INFO: Evaluation finished.
2026/09/19 15:03:48 sca: INFO: Evaluation finished for policy '/var/ossec/ruleset/sca/cis_ubuntu24-04.yml'
2026/09/19 15:03:48 sca: INFO: Security Configuration Assessment scan finished. Duration: 4 seconds.
2026/09/19 15:03:49 wazuh-monitord: INFO: (1225): SIGNAL [(15)-(Terminated)] Received. Exit Cleaning...
2026/09/19 15:03:49 wazuh-logcollector: INFO: (1225): SIGNAL [(15)-(Terminated)] Received. Exit Cleaning...
2026/09/19 15:03:49 wazuh-remoted: INFO: (1225): SIGNAL [(15)-(Terminated)] Received. Exit Cleaning...
2026/09/19 15:03:49 wazuh-syscheckd: INFO: (1756): Shutdown received. Releasing resources.
2026/09/19 15:03:49 wazuh-analysisd: INFO: (1225): SIGNAL [(15)-(Terminated)] Received. Exit Cleaning...
2026/09/19 15:03:49 wazuh-execd: INFO: (1314): Shutdown received. Deleting responses.
2026/09/19 15:03:49 wazuh-execd: INFO: (1225): SIGNAL [(15)-(Terminated)] Received. Exit Cleaning...
2026/09/19 15:03:49 wazuh-db: INFO: (1225): SIGNAL [(15)-(Terminated)] Received. Exit Cleaning...
2026/09/19 15:03:49 wazuh-authd: INFO: (1225): SIGNAL [(15)-(Terminated)] Received. Exit Cleaning...
2026/09/19 15:03:50 wazuh-authd: INFO: Exiting...
2026/09/19 15:03:50 :router: INFO: Stopping server thread
2026/09/19 15:03:50 wazuh-modulesd: INFO: Shutting down Wazuh modules.
2026/09/19 15:03:50 wazuh-modulesd:syscollector: INFO: Stop received for Syscollector.
2026/09/19 15:03:50 wazuh-db: INFO: Graceful process shutdown.
2026/09/19 15:03:54 wazuh-syscheckd: INFO: (1225): SIGNAL [(15)-(Terminated)] Received. Exit Cleaning...
2026/09/19 15:03:55 wazuh-modulesd:syscollector: INFO: Module finished.
2026/09/19 15:03:55 wazuh-modulesd:vulnerability-scanner: INFO: Stopping vulnerability_scanner module.
2026/09/19 15:03:55 wazuh-modulesd:router: INFO: Stopping router module.
2026/09/19 15:03:55 wazuh-modulesd:content_manager: INFO: Stopping content_manager module.
2026/09/19 15:03:55 wazuh-modulesd:inventory-harvester: INFO: Stopping inventory_harvester module.
2026/09/19 15:03:55 logger-helper: INFO: Inventory harvester module stopped.
2026/09/19 15:03:56 wazuh-analysisd: WARNING: (7616): List 'etc/lists/malicious-ioc/malware-hashes' could not be loaded. Rule '99901' will be ignored.
2026/09/19 15:03:56 wazuh-analysisd: WARNING: (7616): List 'etc/lists/malicious-ioc/malicious-ip' could not be loaded. Rule '99902' will be ignored.
2026/09/19 15:03:56 wazuh-analysisd: WARNING: (7616): List 'etc/lists/malicious-ioc/malicious-ip' could not be loaded. Rule '99903' will be ignored.
2026/09/19 15:03:56 wazuh-analysisd: WARNING: (7616): List 'etc/lists/malicious-ioc/malicious-ip' could not be loaded. Rule '99904' will be ignored.
2026/09/19 15:03:56 wazuh-analysisd: WARNING: (7616): List 'etc/lists/malicious-ioc/malicious-ip' could not be loaded. Rule '99905' will be ignored.
2026/09/19 15:03:56 wazuh-analysisd: WARNING: (7617): Signature ID '99905' was not found and will be ignored in the 'if_sid' option of rule '99906'.
2026/09/19 15:03:56 wazuh-analysisd: WARNING: (7619): Empty 'if_sid' value. Rule '99906' will be ignored.
2026/09/19 15:03:56 wazuh-analysisd: WARNING: (7616): List 'etc/lists/malicious-ioc/malicious-ip' could not be loaded. Rule '99907' will be ignored.
2026/09/19 15:03:56 wazuh-analysisd: WARNING: (7616): List 'etc/lists/malicious-ioc/malicious-ip' could not be loaded. Rule '99908' will be ignored.
2026/09/19 15:03:56 wazuh-analysisd: WARNING: (7616): List 'etc/lists/malicious-ioc/malicious-ip' could not be loaded. Rule '99909' will be ignored.
2026/09/19 15:03:56 wazuh-analysisd: WARNING: (7616): List 'etc/lists/malicious-ioc/malicious-ip' could not be loaded. Rule '99910' will be ignored.
2026/09/19 15:03:56 wazuh-analysisd: WARNING: (7616): List 'etc/lists/malicious-ioc/malicious-ip' could not be loaded. Rule '99911' will be ignored.
2026/09/19 15:03:56 wazuh-analysisd: WARNING: (7616): List 'etc/lists/malicious-ioc/malicious-ip' could not be loaded. Rule '99912' will be ignored.
2026/09/19 15:03:56 wazuh-analysisd: WARNING: (7616): List 'etc/lists/malicious-ioc/malicious-ip' could not be loaded. Rule '99913' will be ignored.
2026/09/19 15:03:56 wazuh-analysisd: WARNING: (7616): List 'etc/lists/malicious-ioc/malicious-ip' could not be loaded. Rule '99914' will be ignored.
2026/09/19 15:03:56 wazuh-analysisd: WARNING: (7616): List 'etc/lists/malicious-ioc/malicious-ip' could not be loaded. Rule '99915' will be ignored.
2026/09/19 15:03:56 wazuh-analysisd: WARNING: (7616): List 'etc/lists/malicious-ioc/malicious-ip' could not be loaded. Rule '99916' will be ignored.
2026/09/19 15:03:56 wazuh-analysisd: WARNING: (7616): List 'etc/lists/malicious-ioc/malicious-domains' could not be loaded. Rule '99917' will be ignored.
2026/09/19 15:03:56 wazuh-analysisd: WARNING: (7616): List 'etc/lists/malicious-ioc/malicious-domains' could not be loaded. Rule '99918' will be ignored.
2026/09/19 15:03:56 wazuh-analysisd: WARNING: (7616): List 'etc/lists/malicious-ioc/malicious-ip' could not be loaded. Rule '99919' will be ignored.
2026/09/19 15:03:56 wazuh-analysisd: WARNING: (7616): List 'etc/lists/malicious-ioc/malicious-ip' could not be loaded. Rule '99920' will be ignored.
2026/09/19 15:03:56 wazuh-modulesd: WARNING: The 'vulnerability-detector' configuration is deprecated, please update your settings to use the new 'vulnerability-detection' instead (default values will be used based on your previous configurations). See https://documentation.wazuh.com
2026/09/19 15:03:56 wazuh-modulesd: WARNING: (1230): Invalid element in the configuration: 'interval'.
2026/09/19 15:03:56 wazuh-modulesd: WARNING: (1230): Invalid element in the configuration: 'min_full_scan_interval'.
2026/09/19 15:03:56 wazuh-modulesd: WARNING: (1230): Invalid element in the configuration: 'run_on_start'.
2026/09/19 15:03:56 wazuh-modulesd: WARNING: (1230): Invalid element in the configuration: 'provider'.
2026/09/19 15:03:56 wazuh-modulesd: WARNING: (1230): Invalid element in the configuration: 'provider'.
2026/09/19 15:03:56 wazuh-modulesd: WARNING: (1230): Invalid element in the configuration: 'provider'.
2026/09/19 15:03:56 wazuh-modulesd: WARNING: (1230): Invalid element in the configuration: 'provider'.
2026/09/19 15:03:56 wazuh-modulesd: WARNING: (1230): Invalid element in the configuration: 'provider'.
2026/09/19 15:03:56 wazuh-modulesd: WARNING: (1230): Invalid element in the configuration: 'provider'.
2026/09/19 15:03:56 wazuh-modulesd: WARNING: (1230): Invalid element in the configuration: 'provider'.
2026/09/19 15:03:56 wazuh-modulesd: WARNING: (1230): Invalid element in the configuration: 'provider'.
2026/09/19 15:03:56 wazuh-modulesd: WARNING: (1230): Invalid element in the configuration: 'provider'.
2026/09/19 15:03:56 wazuh-modulesd:router: INFO: Loaded router module.
2026/09/19 15:03:56 wazuh-modulesd:content_manager: INFO: Loaded content_manager module.
2026/09/19 15:03:56 wazuh-modulesd:inventory-harvester: INFO: Loaded Inventory harvester module.
2026/09/19 15:03:57 wazuh-testrule: WARNING: (7616): List 'etc/lists/malicious-ioc/malware-hashes' could not be loaded. Rule '99901' will be ignored.
2026/09/19 15:03:57 wazuh-testrule: WARNING: (7616): List 'etc/lists/malicious-ioc/malicious-ip' could not be loaded. Rule '99902' will be ignored.
2026/09/19 15:03:57 wazuh-testrule: WARNING: (7616): List 'etc/lists/malicious-ioc/malicious-ip' could not be loaded. Rule '99903' will be ignored.
2026/09/19 15:03:57 wazuh-testrule: WARNING: (7616): List 'etc/lists/malicious-ioc/malicious-ip' could not be loaded. Rule '99904' will be ignored.
2026/09/19 15:03:57 wazuh-testrule: WARNING: (7616): List 'etc/lists/malicious-ioc/malicious-ip' could not be loaded. Rule '99905' will be ignored.
2026/09/19 15:03:57 wazuh-testrule: WARNING: (7617): Signature ID '99905' was not found and will be ignored in the 'if_sid' option of rule '99906'.
2026/09/19 15:03:57 wazuh-testrule: WARNING: (7619): Empty 'if_sid' value. Rule '99906' will be ignored.
2026/09/19 15:03:57 wazuh-testrule: WARNING: (7616): List 'etc/lists/malicious-ioc/malicious-ip' could not be loaded. Rule '99907' will be ignored.
2026/09/19 15:03:57 wazuh-testrule: WARNING: (7616): List 'etc/lists/malicious-ioc/malicious-ip' could not be loaded. Rule '99908' will be ignored.
2026/09/19 15:03:57 wazuh-testrule: WARNING: (7616): List 'etc/lists/malicious-ioc/malicious-ip' could not be loaded. Rule '99909' will be ignored.
2026/09/19 15:03:57 wazuh-testrule: WARNING: (7616): List 'etc/lists/malicious-ioc/malicious-ip' could not be loaded. Rule '99910' will be ignored.
2026/09/19 15:03:57 wazuh-testrule: WARNING: (7616): List 'etc/lists/malicious-ioc/malicious-ip' could not be loaded. Rule '99911' will be ignored.
2026/09/19 15:03:57 wazuh-testrule: WARNING: (7616): List 'etc/lists/malicious-ioc/malicious-ip' could not be loaded. Rule '99912' will be ignored.
2026/09/19 15:03:57 wazuh-testrule: WARNING: (7616): List 'etc/lists/malicious-ioc/malicious-ip' could not be loaded. Rule '99913' will be ignored.
2026/09/19 15:03:57 wazuh-testrule: WARNING: (7616): List 'etc/lists/malicious-ioc/malicious-ip' could not be loaded. Rule '99914' will be ignored.
2026/09/19 15:03:57 wazuh-testrule: WARNING: (7616): List 'etc/lists/malicious-ioc/malicious-ip' could not be loaded. Rule '99915' will be ignored.
2026/09/19 15:03:57 wazuh-testrule: WARNING: (7616): List 'etc/lists/malicious-ioc/malicious-ip' could not be loaded. Rule '99916' will be ignored.
2026/09/19 15:03:57 wazuh-testrule: WARNING: (7616): List 'etc/lists/malicious-ioc/malicious-domains' could not be loaded. Rule '99917' will be ignored.
2026/09/19 15:03:57 wazuh-testrule: WARNING: (7616): List 'etc/lists/malicious-ioc/malicious-domains' could not be loaded. Rule '99918' will be ignored.
2026/09/19 15:03:57 wazuh-testrule: WARNING: (7616): List 'etc/lists/malicious-ioc/malicious-ip' could not be loaded. Rule '99919' will be ignored.
2026/09/19 15:03:57 wazuh-testrule: WARNING: (7616): List 'etc/lists/malicious-ioc/malicious-ip' could not be loaded. Rule '99920' will be ignored.
2026/09/19 15:03:58 wazuh-csyslogd: INFO: Remote syslog server not configured. Clean exit.
2026/09/19 15:03:58 wazuh-integratord: INFO: Remote integrations not configured. Clean exit.
2026/09/19 15:03:58 wazuh-agentlessd: INFO: Not configured. Exiting.
2026/09/19 15:03:58 wazuh-authd: INFO: Started (pid: 71959).
2026/09/19 15:03:58 wazuh-authd: INFO: Accepting connections on port 1515. No password required.
2026/09/19 15:03:58 wazuh-authd: INFO: Setting network timeout to 1.000000 sec.
2026/09/19 15:03:59 wazuh-db: INFO: Started (pid: 72032).
2026/09/19 15:03:59 :router: INFO: Registering GET endpoint: /v1/agents/ids
2026/09/19 15:03:59 :router: INFO: Registering GET endpoint: /v1/agents/ids/groups/:name
2026/09/19 15:03:59 :router: INFO: Registering GET endpoint: /v1/agents/ids/groups
2026/09/19 15:03:59 :router: INFO: Registering GET endpoint: /v1/agents/:agent_id/groups
2026/09/19 15:03:59 :router: INFO: Registering POST endpoint: /v1/agents/summary
2026/09/19 15:03:59 :router: INFO: Registering GET endpoint: /v1/agents/sync
2026/09/19 15:03:59 :router: INFO: Registering POST endpoint: /v1/agents/sync
2026/09/19 15:03:59 :router: INFO: Registering POST endpoint: /v1/agents/restartinfo
2026/09/19 15:03:59 :router: INFO: API started successfully
2026/09/19 15:04:00 wazuh-execd: INFO: Started (pid: 72091).
2026/09/19 15:04:01 wazuh-analysisd: WARNING: (7616): List 'etc/lists/malicious-ioc/malware-hashes' could not be loaded. Rule '99901' will be ignored.
2026/09/19 15:04:01 wazuh-analysisd: WARNING: (7616): List 'etc/lists/malicious-ioc/malicious-ip' could not be loaded. Rule '99902' will be ignored.
2026/09/19 15:04:01 wazuh-analysisd: WARNING: (7616): List 'etc/lists/malicious-ioc/malicious-ip' could not be loaded. Rule '99903' will be ignored.
2026/09/19 15:04:01 wazuh-analysisd: WARNING: (7616): List 'etc/lists/malicious-ioc/malicious-ip' could not be loaded. Rule '99904' will be ignored.
2026/09/19 15:04:01 wazuh-analysisd: WARNING: (7616): List 'etc/lists/malicious-ioc/malicious-ip' could not be loaded. Rule '99905' will be ignored.
2026/09/19 15:04:01 wazuh-analysisd: WARNING: (7617): Signature ID '99905' was not found and will be ignored in the 'if_sid' option of rule '99906'.
2026/09/19 15:04:01 wazuh-analysisd: WARNING: (7619): Empty 'if_sid' value. Rule '99906' will be ignored.
2026/09/19 15:04:01 wazuh-analysisd: WARNING: (7616): List 'etc/lists/malicious-ioc/malicious-ip' could not be loaded. Rule '99907' will be ignored.
2026/09/19 15:04:01 wazuh-analysisd: WARNING: (7616): List 'etc/lists/malicious-ioc/malicious-ip' could not be loaded. Rule '99908' will be ignored.
2026/09/19 15:04:01 wazuh-analysisd: WARNING: (7616): List 'etc/lists/malicious-ioc/malicious-ip' could not be loaded. Rule '99909' will be ignored.
2026/09/19 15:04:01 wazuh-analysisd: WARNING: (7616): List 'etc/lists/malicious-ioc/malicious-ip' could not be loaded. Rule '99910' will be ignored.
2026/09/19 15:04:01 wazuh-analysisd: WARNING: (7616): List 'etc/lists/malicious-ioc/malicious-ip' could not be loaded. Rule '99911' will be ignored.
2026/09/19 15:04:01 wazuh-analysisd: WARNING: (7616): List 'etc/lists/malicious-ioc/malicious-ip' could not be loaded. Rule '99912' will be ignored.
2026/09/19 15:04:01 wazuh-analysisd: WARNING: (7616): List 'etc/lists/malicious-ioc/malicious-ip' could not be loaded. Rule '99913' will be ignored.
2026/09/19 15:04:01 wazuh-analysisd: WARNING: (7616): List 'etc/lists/malicious-ioc/malicious-ip' could not be loaded. Rule '99914' will be ignored.
2026/09/19 15:04:01 wazuh-analysisd: WARNING: (7616): List 'etc/lists/malicious-ioc/malicious-ip' could not be loaded. Rule '99915' will be ignored.
2026/09/19 15:04:01 wazuh-analysisd: WARNING: (7616): List 'etc/lists/malicious-ioc/malicious-ip' could not be loaded. Rule '99916' will be ignored.
2026/09/19 15:04:01 wazuh-analysisd: WARNING: (7616): List 'etc/lists/malicious-ioc/malicious-domains' could not be loaded. Rule '99917' will be ignored.
2026/09/19 15:04:01 wazuh-analysisd: WARNING: (7616): List 'etc/lists/malicious-ioc/malicious-domains' could not be loaded. Rule '99918' will be ignored.
2026/09/19 15:04:01 wazuh-analysisd: WARNING: (7616): List 'etc/lists/malicious-ioc/malicious-ip' could not be loaded. Rule '99919' will be ignored.
2026/09/19 15:04:01 wazuh-analysisd: WARNING: (7616): List 'etc/lists/malicious-ioc/malicious-ip' could not be loaded. Rule '99920' will be ignored.
2026/09/19 15:04:01 wazuh-analysisd: INFO: Total rules enabled: '8405'
2026/09/19 15:04:01 wazuh-analysisd: INFO: White listing IP: '127.0.0.1'
2026/09/19 15:04:01 wazuh-analysisd: INFO: White listing IP: '127.0.0.53'
2026/09/19 15:04:01 wazuh-analysisd: INFO: 2 IPs in the white list for active response.
2026/09/19 15:04:01 wazuh-analysisd: INFO: White listing Hostname: 'localhost.localdomain'
2026/09/19 15:04:01 wazuh-analysisd: INFO: 1 Hostname(s) in the white list for active response.
2026/09/19 15:04:01 wazuh-analysisd: INFO: Started (pid: 72114).
2026/09/19 15:04:01 wazuh-analysisd: INFO: (7200): Logtest started
2026/09/19 15:04:02 wazuh-syscheckd: INFO: Started (pid: 72131).
2026/09/19 15:04:02 wazuh-syscheckd: INFO: (6003): Monitoring path: '/bin', with options 'size | permissions | owner | group | mtime | inode | hash_md5 | hash_sha1 | hash_sha256 | scheduled'.
2026/09/19 15:04:02 wazuh-syscheckd: INFO: (6003): Monitoring path: '/boot', with options 'size | permissions | owner | group | mtime | inode | hash_md5 | hash_sha1 | hash_sha256 | scheduled'.
2026/09/19 15:04:02 wazuh-syscheckd: INFO: (6003): Monitoring path: '/etc', with options 'size | permissions | owner | group | mtime | inode | hash_md5 | hash_sha1 | hash_sha256 | scheduled'.
2026/09/19 15:04:02 wazuh-syscheckd: INFO: (6003): Monitoring path: '/sbin', with options 'size | permissions | owner | group | mtime | inode | hash_md5 | hash_sha1 | hash_sha256 | scheduled'.
2026/09/19 15:04:02 wazuh-syscheckd: INFO: (6003): Monitoring path: '/usr/bin', with options 'size | permissions | owner | group | mtime | inode | hash_md5 | hash_sha1 | hash_sha256 | scheduled'.
2026/09/19 15:04:02 wazuh-syscheckd: INFO: (6003): Monitoring path: '/usr/sbin', with options 'size | permissions | owner | group | mtime | inode | hash_md5 | hash_sha1 | hash_sha256 | scheduled'.
2026/09/19 15:04:02 wazuh-syscheckd: INFO: (6206): Ignore 'file' entry '/etc/mtab'
2026/09/19 15:04:02 wazuh-syscheckd: INFO: (6206): Ignore 'file' entry '/etc/hosts.deny'
2026/09/19 15:04:02 wazuh-syscheckd: INFO: (6206): Ignore 'file' entry '/etc/mail/statistics'
2026/09/19 15:04:02 wazuh-syscheckd: INFO: (6206): Ignore 'file' entry '/etc/random-seed'
2026/09/19 15:04:02 wazuh-syscheckd: INFO: (6206): Ignore 'file' entry '/etc/random.seed'
2026/09/19 15:04:02 wazuh-syscheckd: INFO: (6206): Ignore 'file' entry '/etc/adjtime'
2026/09/19 15:04:02 wazuh-syscheckd: INFO: (6206): Ignore 'file' entry '/etc/httpd/logs'
2026/09/19 15:04:02 wazuh-syscheckd: INFO: (6206): Ignore 'file' entry '/etc/utmpx'
2026/09/19 15:04:02 wazuh-syscheckd: INFO: (6206): Ignore 'file' entry '/etc/wtmpx'
2026/09/19 15:04:02 wazuh-syscheckd: INFO: (6206): Ignore 'file' entry '/etc/cups/certs'
2026/09/19 15:04:02 wazuh-syscheckd: INFO: (6206): Ignore 'file' entry '/etc/dumpdates'
2026/09/19 15:04:02 wazuh-syscheckd: INFO: (6206): Ignore 'file' entry '/etc/svc/volatile'
2026/09/19 15:04:02 wazuh-syscheckd: INFO: (6207): Ignore 'file' sregex '.log$|.swp$'
2026/09/19 15:04:02 wazuh-syscheckd: INFO: (6004): No diff for file: '/etc/ssl/private.key'
2026/09/19 15:04:02 wazuh-syscheckd: INFO: (6000): Starting daemon...
2026/09/19 15:04:02 wazuh-syscheckd: INFO: (6010): File integrity monitoring scan frequency: 43200 seconds
2026/09/19 15:04:02 wazuh-syscheckd: INFO: (6008): File integrity monitoring scan started.
2026/09/19 15:04:02 rootcheck: INFO: Starting rootcheck scan.
2026/09/19 15:04:02 wazuh-remoted: ERROR: Unable to open file 'etc/shared/bsc-hardening/__pycache__/bsc-suid-generic-hardening.cpython-312.pyc' due to [(13)-(Permission denied)].
2026/09/19 15:04:02 wazuh-remoted: ERROR: Invalid shared file 'etc/shared/bsc-hardening/__pycache__/bsc-suid-generic-hardening.cpython-312.pyc'. Ignoring it.
2026/09/19 15:04:02 wazuh-remoted: INFO: Started (pid: 72145). Listening on port 1514/TCP (secure).
2026/09/19 15:04:02 wazuh-remoted: INFO: (1410): Reading authentication keys file.
2026/09/19 15:04:03 wazuh-logcollector: INFO: Monitoring output of command(360): df -P
2026/09/19 15:04:03 wazuh-logcollector: INFO: Monitoring full output of command(360): netstat -tulpn | sed 's/\([[:alnum:]]\+\)\ \+[[:digit:]]\+\ \+[[:digit:]]\+\ \+\(.*\):\([[:digit:]]*\)\ \+\([0-9\.\:\*]\+\).\+\ \([[:digit:]]*\/[[:alnum:]\-]*\).*/\1 \2 == \3 == \4 \5/' | sort -k 4 -g | sed 's/ == \(.*\) ==/:\1/' | sed 1,2d
2026/09/19 15:04:03 wazuh-logcollector: INFO: Monitoring full output of command(360): last -n 20
2026/09/19 15:04:03 wazuh-logcollector: INFO: (1950): Analyzing file: '/var/ossec/logs/active-responses.log'.
2026/09/19 15:04:03 wazuh-logcollector: INFO: (1950): Analyzing file: '/var/log/dpkg.log'.
2026/09/19 15:04:03 wazuh-logcollector: INFO: Started (pid: 72183).
2026/09/19 15:04:04 wazuh-syscheckd: INFO: (6009): File integrity monitoring scan ended.
2026/09/19 15:04:04 wazuh-syscheckd: INFO: FIM sync module started.
2026/09/19 15:04:04 wazuh-monitord: INFO: Started (pid: 72248).
2026/09/19 15:04:04 wazuh-analysisd: INFO: Connected to 'queue/alerts/ar' (active-response queue)
2026/09/19 15:04:04 wazuh-analysisd: INFO: Connected to 'queue/alerts/execq' (exec queue)
2026/09/19 15:04:04 wazuh-analysisd: INFO: EPS limit disabled
2026/09/19 15:04:05 wazuh-modulesd: WARNING: The 'vulnerability-detector' configuration is deprecated, please update your settings to use the new 'vulnerability-detection' instead (default values will be used based on your previous configurations). See https://documentation.wazuh.com
2026/09/19 15:04:05 wazuh-modulesd: WARNING: (1230): Invalid element in the configuration: 'interval'.
2026/09/19 15:04:05 wazuh-modulesd: WARNING: (1230): Invalid element in the configuration: 'min_full_scan_interval'.
2026/09/19 15:04:05 wazuh-modulesd: WARNING: (1230): Invalid element in the configuration: 'run_on_start'.
2026/09/19 15:04:05 wazuh-modulesd: WARNING: (1230): Invalid element in the configuration: 'provider'.
2026/09/19 15:04:05 wazuh-modulesd: WARNING: (1230): Invalid element in the configuration: 'provider'.
2026/09/19 15:04:05 wazuh-modulesd: WARNING: (1230): Invalid element in the configuration: 'provider'.
2026/09/19 15:04:05 wazuh-modulesd: WARNING: (1230): Invalid element in the configuration: 'provider'.
2026/09/19 15:04:05 wazuh-modulesd: WARNING: (1230): Invalid element in the configuration: 'provider'.
2026/09/19 15:04:05 wazuh-modulesd: WARNING: (1230): Invalid element in the configuration: 'provider'.
2026/09/19 15:04:05 wazuh-modulesd: WARNING: (1230): Invalid element in the configuration: 'provider'.
2026/09/19 15:04:05 wazuh-modulesd: WARNING: (1230): Invalid element in the configuration: 'provider'.
2026/09/19 15:04:05 wazuh-modulesd: WARNING: (1230): Invalid element in the configuration: 'provider'.
2026/09/19 15:04:05 wazuh-modulesd:router: INFO: Loaded router module.
2026/09/19 15:04:05 wazuh-modulesd:content_manager: INFO: Loaded content_manager module.
2026/09/19 15:04:05 wazuh-modulesd:inventory-harvester: INFO: Loaded Inventory harvester module.
2026/09/19 15:04:05 wazuh-modulesd: INFO: Started (pid: 72387).
2026/09/19 15:04:05 wazuh-modulesd:agent-upgrade: INFO: (8153): Module Agent Upgrade started.
2026/09/19 15:04:05 wazuh-modulesd:ciscat: INFO: Module disabled. Exiting...
2026/09/19 15:04:05 wazuh-modulesd:osquery: INFO: Module disabled. Exiting...
2026/09/19 15:04:05 sca: INFO: Module started.
2026/09/19 15:04:05 sca: INFO: Loaded policy '/var/ossec/ruleset/sca/cis_ubuntu24-04.yml'
2026/09/19 15:04:05 wazuh-modulesd:vulnerability-scanner: INFO: Starting vulnerability_scanner module.
2026/09/19 15:04:05 wazuh-modulesd:task-manager: INFO: (8200): Module Task Manager started.
2026/09/19 15:04:05 sca: INFO: Starting Security Configuration Assessment scan.
2026/09/19 15:04:05 wazuh-modulesd:router: INFO: Starting router module.
2026/09/19 15:04:05 wazuh-modulesd:content_manager: INFO: Starting content_manager module.
2026/09/19 15:04:05 wazuh-modulesd:database: INFO: Module started.
2026/09/19 15:04:05 wazuh-modulesd:download: INFO: Module started.
2026/09/19 15:04:05 wazuh-modulesd:inventory-harvester: INFO: Starting inventory_harvester module.
2026/09/19 15:04:05 wazuh-modulesd:control: INFO: Starting control thread.
2026/09/19 15:04:05 wazuh-modulesd:syscollector: INFO: Module started.
2026/09/19 15:04:05 wazuh-modulesd:syscollector: INFO: Starting evaluation.
2026/09/19 15:04:05 sca: INFO: Starting evaluation of policy: '/var/ossec/ruleset/sca/cis_ubuntu24-04.yml'
2026/09/19 15:04:05 wazuh-modulesd:vulnerability-scanner: INFO: Vulnerability scanner module is disabled.
2026/09/19 15:04:05 indexer-connector: WARNING: No username and password found in the keystore, using default values.
2026/09/19 15:04:05 indexer-connector: WARNING: IndexerConnector initialization failed for index 'wazuh-states-inventory-packages-wazuh', retrying until the connection is successful.
2026/09/19 15:04:05 indexer-connector: WARNING: IndexerConnector initialization failed for index 'wazuh-states-inventory-system-wazuh', retrying until the connection is successful.
2026/09/19 15:04:05 indexer-connector: WARNING: IndexerConnector initialization failed for index 'wazuh-states-inventory-processes-wazuh', retrying until the connection is successful.
2026/09/19 15:04:05 indexer-connector: WARNING: IndexerConnector initialization failed for index 'wazuh-states-inventory-ports-wazuh', retrying until the connection is successful.
2026/09/19 15:04:05 indexer-connector: WARNING: IndexerConnector initialization failed for index 'wazuh-states-inventory-hotfixes-wazuh', retrying until the connection is successful.
2026/09/19 15:04:05 indexer-connector: WARNING: IndexerConnector initialization failed for index 'wazuh-states-inventory-hardware-wazuh', retrying until the connection is successful.
2026/09/19 15:04:06 indexer-connector: WARNING: IndexerConnector initialization failed for index 'wazuh-states-inventory-protocols-wazuh', retrying until the connection is successful.
2026/09/19 15:04:06 indexer-connector: WARNING: IndexerConnector initialization failed for index 'wazuh-states-inventory-interfaces-wazuh', retrying until the connection is successful.
2026/09/19 15:04:06 indexer-connector: WARNING: IndexerConnector initialization failed for index 'wazuh-states-inventory-networks-wazuh', retrying until the connection is successful.
2026/09/19 15:04:06 indexer-connector: WARNING: IndexerConnector initialization failed for index 'wazuh-states-inventory-users-wazuh', retrying until the connection is successful.
2026/09/19 15:04:06 indexer-connector: WARNING: IndexerConnector initialization failed for index 'wazuh-states-inventory-groups-wazuh', retrying until the connection is successful.
2026/09/19 15:04:06 indexer-connector: WARNING: IndexerConnector initialization failed for index 'wazuh-states-inventory-browser-extensions-wazuh', retrying until the connection is successful.
2026/09/19 15:04:06 indexer-connector: WARNING: IndexerConnector initialization failed for index 'wazuh-states-inventory-services-wazuh', retrying until the connection is successful.
2026/09/19 15:04:06 logger-helper: INFO: InventoryHarvesterFacade module started.
2026/09/19 15:04:06 wazuh-modulesd:syscollector: INFO: Evaluation finished.
2026/09/19 15:04:10 sca: INFO: Evaluation finished for policy '/var/ossec/ruleset/sca/cis_ubuntu24-04.yml'
2026/09/19 15:04:10 sca: INFO: Security Configuration Assessment scan finished. Duration: 5 seconds.
2026/09/19 15:04:16 wazuh-syscheckd: INFO: netstat not available. Skipping port check.
2026/09/19 15:04:21 rootcheck: INFO: Ending rootcheck scan.
