=== fenster=10 lauf=1 offset=123 im_fenster=0 aide=0 samhain=1 ===
--- aide ---
Start timestamp: 2026-10-01 17:17:08 +0000 (AIDE 0.19.2)
AIDE found NO differences between database and filesystem. Looks okay!!

Number of entries:	202

---------------------------------------------------
The attributes of the (uncompressed) database(s):
---------------------------------------------------

/var/lib/aide/aide-fsc.db
 SHA256    : rGGEQAWrNVWcEikSxc9vax+zRKd+vBZg
             JhR3fCQbKqs=
 SHA512    : De0QeaeIoJKU0SQRHI9BEp7XjiU7/PMl
             vdH5glu+UIlS+HC7ORRuVFVoDSN9pNwz
             RvAkZFQxd6fU51zZAFgezg==
 STRIBOG256: MTGrk5yOo0TVy0aP8oQ7iiePexCgD3LU
             M5Bl1xKgf+g=
 STRIBOG512: MxCEo50j9r4y7s/2L7aNNDE8YwRemXH0
             KlKkbKhzOOaTG1TQ9Yc9ol441CaFS/3d
             Tsfz2bNZXEwyEFxqaPKxLQ==
 SHA512/256: QpRET1DCAMBD4dQT5TsXBaB5ZHPDuZRn
             CZAp0tmswiI=
 SHA3-256  : vIZYZuvywzdU1BWJm3p7GtAI0+9kc0G1
             YQh7ewvDbe0=
 SHA3-512  : EhNfEI7eskO2/h9fLDvAjV+qixziCrD6
             ASomg1Wuw3CmVeAwzF2U24Sp+rAdBQFV
             VOWJM8RrgprgjFW+L2+HnQ==


End timestamp: 2026-10-01 17:17:08 +0000 (run time: 0m 0s)
--- samhain ---
ALERT  :  [2026-10-01T17:17:08+0000] msg=<START>, program=<Samhain>, userid=<0>, path=</etc/samhain/samhainrc>, hash=<603D03FD324736250B120AC29FAE55595B27543328D5DFE2>, path=</var/lib/samhain/samhain-fsc.file>, hash=<C5398A57BADC97656E7625D93BC32C2A4F3075CA4486C82A>
CRIT   :  [2026-10-01T17:17:08+0000] msg=<POLICY [ReadOnly] --------T->, path=</opt/fsc-test/testbinary>, ctime_old=<[2026-10-01T17:17:07]>, ctime_new=<[2026-10-01T17:17:08]>, 
ALERT  :  [2026-10-01T17:17:08+0000] msg=<EXIT>, program=<Samhain>, status=<exit_success>
=== fenster=10 lauf=2 offset=371 im_fenster=0 aide=0 samhain=1 ===
--- aide ---
Start timestamp: 2026-10-01 17:17:10 +0000 (AIDE 0.19.2)
AIDE found NO differences between database and filesystem. Looks okay!!

Number of entries:	202

---------------------------------------------------
The attributes of the (uncompressed) database(s):
---------------------------------------------------

/var/lib/aide/aide-fsc.db
 SHA256    : D2xJUIwYLUtAE62zxf+/oXZn895XNvm/
             Q9J5ij8iUwQ=
 SHA512    : 10IPZmTsSY0SmCV6/996QaT25rCGhEw3
             Zu/pSa2LDwkIASQBEawr7Ha/nYIwOxaC
             8mQfvWrdKyHb5ZzW8k+8pQ==
 STRIBOG256: 4MFYbs+zPGEdIo7tStZUVdYiC7clu1uF
             ZSl4TF7+Hf8=
 STRIBOG512: VgdhjZoEq72ZbaiA8q5Ak7/9uFlw5KFN
             Zby8m2D9hQzQae1ArUXfu0zS6tql7YhG
             8Rlvw/mc1QpX0SA3k0ijTA==
 SHA512/256: MEt1t2VKrbrV+O/HiPNEOWgTyppVWio5
             OeSGqrutf1c=
 SHA3-256  : 92pTtnWtrUsAvX+m3tECBpyqtmUkyiHb
             XWTdMn63eiM=
 SHA3-512  : 0DZyCFujC0Wkxkvn/A9AK6nPaQZhG7yk
             7vOuVccwk0mtXw5ajbBBwaV3MMQD9Yml
             V7LXb/C/NQK2+9Z+y0q6AQ==


End timestamp: 2026-10-01 17:17:10 +0000 (run time: 0m 0s)
--- samhain ---
ALERT  :  [2026-10-01T17:17:10+0000] msg=<START>, program=<Samhain>, userid=<0>, path=</etc/samhain/samhainrc>, hash=<603D03FD324736250B120AC29FAE55595B27543328D5DFE2>, path=</var/lib/samhain/samhain-fsc.file>, hash=<230CCB51EF7A736B4F00724304BD2A2C1885622B494EFB79>
CRIT   :  [2026-10-01T17:17:10+0000] msg=<POLICY [ReadOnly] --------T->, path=</opt/fsc-test/testbinary>, ctime_old=<[2026-10-01T17:17:08]>, ctime_new=<[2026-10-01T17:17:10]>, 
ALERT  :  [2026-10-01T17:17:10+0000] msg=<EXIT>, program=<Samhain>, status=<exit_success>
=== fenster=10 lauf=3 offset=18 im_fenster=0 aide=0 samhain=1 ===
--- aide ---
Start timestamp: 2026-10-01 17:17:12 +0000 (AIDE 0.19.2)
AIDE found NO differences between database and filesystem. Looks okay!!

Number of entries:	202

---------------------------------------------------
The attributes of the (uncompressed) database(s):
---------------------------------------------------

/var/lib/aide/aide-fsc.db
 SHA256    : wW9HI5tTVnlARSIRY5qlPwhgXP3kTtzI
             oSI4VWAdzGM=
 SHA512    : IHPohYsW+s8jKuw9/jyrw5Ce16qScZoj
             DEaDMxlC1R2xK/ifcuknO0zaBDwWqE+H
             gTn4Bv6eNYNKX36h4WnavA==
 STRIBOG256: 1ffZUzrqtRHdMotvqPfkyciy26AJE1GE
             20+2YSLnsqM=
 STRIBOG512: W1/XMVEJPvimzFPMN1xRIhGR7AO0TYdD
             34y8/Yt+3283LL9QlTEa9vO2UxjXErKy
             k0pVYVpMmQdrI0gWXXvvkQ==
 SHA512/256: 6rRmQJKvNPDkg5r5cJSo6LI3YIci3nsu
             5v4Z0Qne4fM=
 SHA3-256  : BgX+WcKyg3ksncMjr3lVoj2Mtb5YWIHk
             BqAC5TkxAL4=
 SHA3-512  : 3Ooi1n/wmiEjB3ryvEHj9qh/KUwqY1j6
             1/gPR7IGpWKPOHia74S5TsX8DYNIrFsF
             ma/Su+k127fAnqEguNYdmw==


End timestamp: 2026-10-01 17:17:12 +0000 (run time: 0m 0s)
--- samhain ---
ALERT  :  [2026-10-01T17:17:12+0000] msg=<START>, program=<Samhain>, userid=<0>, path=</etc/samhain/samhainrc>, hash=<603D03FD324736250B120AC29FAE55595B27543328D5DFE2>, path=</var/lib/samhain/samhain-fsc.file>, hash=<0059DE4DD42715AD597BC7C4ADAE809639C6F03DFF838CE0>
CRIT   :  [2026-10-01T17:17:12+0000] msg=<POLICY [ReadOnly] --------T->, path=</opt/fsc-test/testbinary>, ctime_old=<[2026-10-01T17:17:10]>, ctime_new=<[2026-10-01T17:17:12]>, 
ALERT  :  [2026-10-01T17:17:12+0000] msg=<EXIT>, program=<Samhain>, status=<exit_success>
=== fenster=10 lauf=4 offset=315 im_fenster=0 aide=0 samhain=1 ===
--- aide ---
Start timestamp: 2026-10-01 17:17:13 +0000 (AIDE 0.19.2)
AIDE found NO differences between database and filesystem. Looks okay!!

Number of entries:	202

---------------------------------------------------
The attributes of the (uncompressed) database(s):
---------------------------------------------------

/var/lib/aide/aide-fsc.db
 SHA256    : tpmR3U4DsSQy+hxYaN7h0KJpGrnxSmom
             EbMCA0u6qEg=
 SHA512    : bT20+qZ46zXcVgARZ7wCVXorGKTxpZLg
             wrscHCf2KBUiZmd+wjppR9bdJ9UzPTf1
             PvKnoHHPy+ZQQWtza4ZwAw==
 STRIBOG256: /uTd5KYMUEQxHuxBasYnCcyA86wI4AJW
             eyJUYPVVNLY=
 STRIBOG512: 2YMB77U1sNilFchs2kWd+tLB6ojTumtm
             CT3UK8OzKbZY+vPo/1Zv6z0bCaTVSNTS
             9hF7mjrNlmc3x9wTS9L0/Q==
 SHA512/256: IVS1E3XNtUC1Owl0av5J49tYjceKo4xC
             p4COJnemd7s=
 SHA3-256  : I0L0PozY/CBaLUdTuStSc+cs7MshG4c/
             5MgQz942MxY=
 SHA3-512  : 8NYMuCUgT72BJHtSJf0II8SgX9T+3Fcg
             0ip+r79FqNBfAWaoxROt1/0FfDSGs5/o
             oRgNiMyrdFooGVv5GiYVyQ==


End timestamp: 2026-10-01 17:17:13 +0000 (run time: 0m 0s)
--- samhain ---
ALERT  :  [2026-10-01T17:17:13+0000] msg=<START>, program=<Samhain>, userid=<0>, path=</etc/samhain/samhainrc>, hash=<603D03FD324736250B120AC29FAE55595B27543328D5DFE2>, path=</var/lib/samhain/samhain-fsc.file>, hash=<9685A3490F0E59500D52983716F9C69A65E3DAC63CB2AF02>
CRIT   :  [2026-10-01T17:17:14+0000] msg=<POLICY [ReadOnly] --------T->, path=</opt/fsc-test/testbinary>, ctime_old=<[2026-10-01T17:17:12]>, ctime_new=<[2026-10-01T17:17:13]>, 
ALERT  :  [2026-10-01T17:17:14+0000] msg=<EXIT>, program=<Samhain>, status=<exit_success>
=== fenster=10 lauf=5 offset=162 im_fenster=0 aide=0 samhain=1 ===
--- aide ---
Start timestamp: 2026-10-01 17:17:15 +0000 (AIDE 0.19.2)
AIDE found NO differences between database and filesystem. Looks okay!!

Number of entries:	202

---------------------------------------------------
The attributes of the (uncompressed) database(s):
---------------------------------------------------

/var/lib/aide/aide-fsc.db
 SHA256    : svPKREA/raPM4EFrpwzsSQoO4/oerfre
             ofCC95DBnb4=
 SHA512    : opvxxLLadZziCKu5629Ll3rw8jBHvaIX
             6UaeNX5bQOPTIAOPg6QjGOta59DQyKXF
             Ew+H7SclIcCkTJNeUvtEdw==
 STRIBOG256: glK2F058gJtR31GHksJdxN1J4E5zy+rw
             Gg5AikdPwEg=
 STRIBOG512: ieZApuvpR/03OqjTJhC0iVMHXrn2MIog
             NJJF6rBr7i47BIzZowi8EvfOKmCSlmwX
             GS6MCSzXHwEiuak94RfQDw==
 SHA512/256: JxWODS2F3/zxxUYPk+WulzZlx+4HCl5u
             IJnds/eVeDU=
 SHA3-256  : Byv38vM2N+VKxd4A2TbC7LDM72IReREA
             hZGK4HW1sJ0=
 SHA3-512  : DLO0ZVNbwfPpqBKCsxyS7LC27OBjI28q
             yTvUXzSrQ3kcTTdw/QQid9IozCfMBYuY
             PhqUgaxVMTzuzAnCF6BBcA==


End timestamp: 2026-10-01 17:17:15 +0000 (run time: 0m 0s)
--- samhain ---
ALERT  :  [2026-10-01T17:17:15+0000] msg=<START>, program=<Samhain>, userid=<0>, path=</etc/samhain/samhainrc>, hash=<603D03FD324736250B120AC29FAE55595B27543328D5DFE2>, path=</var/lib/samhain/samhain-fsc.file>, hash=<82E80F18E98484E6D0B52627F97A5312F9C834500072DCE3>
CRIT   :  [2026-10-01T17:17:15+0000] msg=<POLICY [ReadOnly] --------T->, path=</opt/fsc-test/testbinary>, ctime_old=<[2026-10-01T17:17:13]>, ctime_new=<[2026-10-01T17:17:15]>, 
ALERT  :  [2026-10-01T17:17:15+0000] msg=<EXIT>, program=<Samhain>, status=<exit_success>
=== fenster=10 lauf=6 offset=319 im_fenster=0 aide=0 samhain=1 ===
--- aide ---
Start timestamp: 2026-10-01 17:17:17 +0000 (AIDE 0.19.2)
AIDE found NO differences between database and filesystem. Looks okay!!

Number of entries:	202

---------------------------------------------------
The attributes of the (uncompressed) database(s):
---------------------------------------------------

/var/lib/aide/aide-fsc.db
 SHA256    : xCdub9AA45eG1D8ylAmwdLSl7Q7MHDyp
             iODKm68FXT4=
 SHA512    : /oEXmSsjOFf4JORaWLT131CoJvtSsRyx
             JLE0XaNsmh4srtm/rI9EIlRLNVPZPkdE
             UXY2w2etUejEtTh+uekRTA==
 STRIBOG256: U9b1511z5MNQ4OZ3Drh3CPMbFDPND9nQ
             6YpPQkZzmwI=
 STRIBOG512: rFLkJSL5xcwqIqpandUhfv/DvDH6y2hj
             R+yYhc7o3eH96pPu/5QRJvP+CM8otdFz
             OHuajvdBFSsoAkeTA5v/9Q==
 SHA512/256: iB03Fe2ELwQiaDLul4Y5k2M7lfowij5H
             UoF4TG+BOow=
 SHA3-256  : xh35EFFbNz1GgCCAczxogMzGlRXbFuYD
             +ILN49iUJwI=
 SHA3-512  : xw2xAzlVFgzxThE4jsIF1uLb2qFHBmVB
             X7Ltd0JIuKBhEb3sx1Q3T6cBkxW4lk1E
             NbWLUvHa9R2JVxlrYqI8sg==


End timestamp: 2026-10-01 17:17:17 +0000 (run time: 0m 0s)
--- samhain ---
ALERT  :  [2026-10-01T17:17:17+0000] msg=<START>, program=<Samhain>, userid=<0>, path=</etc/samhain/samhainrc>, hash=<603D03FD324736250B120AC29FAE55595B27543328D5DFE2>, path=</var/lib/samhain/samhain-fsc.file>, hash=<AF0FD42E0FCAC854D7F08DF2DE1B64E9A5617FBF420D38C5>
CRIT   :  [2026-10-01T17:17:17+0000] msg=<POLICY [ReadOnly] --------T->, path=</opt/fsc-test/testbinary>, ctime_old=<[2026-10-01T17:17:15]>, ctime_new=<[2026-10-01T17:17:17]>, 
ALERT  :  [2026-10-01T17:17:17+0000] msg=<EXIT>, program=<Samhain>, status=<exit_success>
=== fenster=10 lauf=7 offset=193 im_fenster=0 aide=0 samhain=1 ===
--- aide ---
Start timestamp: 2026-10-01 17:17:19 +0000 (AIDE 0.19.2)
AIDE found NO differences between database and filesystem. Looks okay!!

Number of entries:	202

---------------------------------------------------
The attributes of the (uncompressed) database(s):
---------------------------------------------------

/var/lib/aide/aide-fsc.db
 SHA256    : u2MROIwzfhHg8LOuoLgN4iMr/FPR1G1Z
             UfjsFM2Sm4w=
 SHA512    : tMix2d+wayYJM1m/Ne2B2ypeIUWkLS8l
             kIy6ObbbxeKZI1IraUeqzsNnfSssS00c
             q7o9OcJTUE/5Ur8aqJP6wQ==
 STRIBOG256: Kha9IKb1tcacigjewZHqVDGL2j+e3rsZ
             +WdvTgvbrZ4=
 STRIBOG512: 3xA4erLZwG6SmRiEFUrEsCjbgSfIzBgB
             fQK4kfrk6YWEUA50e57UYX5p4j/p45Hf
             o0WbD+5s7OVx0QRlQJM0IQ==
 SHA512/256: 5X8/Y1L7IpceVDG2p0LLwPFlTDLhbAk/
             5MF67lfewE4=
 SHA3-256  : Fj4azJDo0MZTCTH2zgYziZVL7/N/BiA5
             o18r0Eiu/+Q=
 SHA3-512  : 496Z7nPSxWB1/AV6V2RAaIwXULJ5eLlh
             m1elIlklOtPxp2npTBdvKUfP70snISff
             vtttRz0cbln+XmLjF4cQFg==


End timestamp: 2026-10-01 17:17:19 +0000 (run time: 0m 0s)
--- samhain ---
ALERT  :  [2026-10-01T17:17:19+0000] msg=<START>, program=<Samhain>, userid=<0>, path=</etc/samhain/samhainrc>, hash=<603D03FD324736250B120AC29FAE55595B27543328D5DFE2>, path=</var/lib/samhain/samhain-fsc.file>, hash=<EF70070DB0E7EE6DB60EC8A0A59E25A1879464D18D1156C6>
CRIT   :  [2026-10-01T17:17:19+0000] msg=<POLICY [ReadOnly] --------T->, path=</opt/fsc-test/testbinary>, ctime_old=<[2026-10-01T17:17:17]>, ctime_new=<[2026-10-01T17:17:19]>, 
ALERT  :  [2026-10-01T17:17:19+0000] msg=<EXIT>, program=<Samhain>, status=<exit_success>
=== fenster=10 lauf=8 offset=324 im_fenster=0 aide=0 samhain=1 ===
--- aide ---
Start timestamp: 2026-10-01 17:17:21 +0000 (AIDE 0.19.2)
AIDE found NO differences between database and filesystem. Looks okay!!

Number of entries:	202

---------------------------------------------------
The attributes of the (uncompressed) database(s):
---------------------------------------------------

/var/lib/aide/aide-fsc.db
 SHA256    : IXe5uSvtaymjk3/l6+J1chr/VxcjdzC4
             bjcfY0lChGg=
 SHA512    : njzIk/X/mU5a9vuIZU2NjE0wgYhOhyh0
             mzOTXdBW/utB4v4SOQSPkz51rNnT96UN
             XimvGh6ONZpoTxFleiTxCQ==
 STRIBOG256: 41VjuYyiQzlni/tLBz8aC/7btURMNVW6
             bynsKlf1Dbk=
 STRIBOG512: Vvd8mji3RCrb4yW6CsBtsjKe7FmwEIS1
             gWzILqu0W5djnnf16edj839BGd7OuavT
             SRyzz8R/p1H8sgQRehvu/w==
 SHA512/256: 5CApk6wc6puX77xleedRV+2h2uite3xd
             ARGj2lElRh4=
 SHA3-256  : 1GndNybGhtEWmSd13F5tC++nKcbAlD+6
             zGNV0oXS+/s=
 SHA3-512  : RzCOe+kDGgAu0lvodRrB1MuoiQw4uVMh
             dgZFqaiNxjttQHdZE+oQuu2BPKseogsU
             ZbbkkKS3DTzxZJ0o5GTqoQ==


End timestamp: 2026-10-01 17:17:21 +0000 (run time: 0m 0s)
--- samhain ---
ALERT  :  [2026-10-01T17:17:21+0000] msg=<START>, program=<Samhain>, userid=<0>, path=</etc/samhain/samhainrc>, hash=<603D03FD324736250B120AC29FAE55595B27543328D5DFE2>, path=</var/lib/samhain/samhain-fsc.file>, hash=<7F9CE772CDEE48D2201A641DD057D528371049C88B74CD03>
CRIT   :  [2026-10-01T17:17:21+0000] msg=<POLICY [ReadOnly] --------T->, path=</opt/fsc-test/testbinary>, ctime_old=<[2026-10-01T17:17:19]>, ctime_new=<[2026-10-01T17:17:20]>, 
ALERT  :  [2026-10-01T17:17:21+0000] msg=<EXIT>, program=<Samhain>, status=<exit_success>
=== fenster=10 lauf=9 offset=147 im_fenster=0 aide=0 samhain=1 ===
--- aide ---
Start timestamp: 2026-10-01 17:17:22 +0000 (AIDE 0.19.2)
AIDE found NO differences between database and filesystem. Looks okay!!

Number of entries:	202

---------------------------------------------------
The attributes of the (uncompressed) database(s):
---------------------------------------------------

/var/lib/aide/aide-fsc.db
 SHA256    : 6HWTbr5Og3u0VMSFl5xwhr5AuP7bbD3W
             /lXDguWx1WI=
 SHA512    : AEmtfCbaESkGtRid8fC0VUMos5r1/WMl
             BFIjn6CXsvKVhXrhfBB3P9SdQDAf2N8n
             1rT3XoE5yAMeXYs11ZIu3Q==
 STRIBOG256: fdNr/Wdt/qYzljdi2UJQqF/MSlG8e5eT
             zEUsZ4ytZo0=
 STRIBOG512: +h69BPxPy8lvXDppVt9cCYrx4kgHT+0w
             VywHJm7tH2sqH2n+JJwxy5SA1DUxMfMb
             c/fyu6P0KWIIV3RXTQivGw==
 SHA512/256: b0pjWS/uWV/Y1hx1YxYrD6tqGMda1kBR
             L1hH3KyHzi8=
 SHA3-256  : wyyvsNxJ1ceGeQX0RkOhkIBGxVems8xQ
             TWcosem8PRk=
 SHA3-512  : YTVAz/LU8hN0NSw5KXBI6FjHNt4wGNhD
             iQnOXtuxDiHVBSV55ZBdapmVxz+FPM5n
             cSrat9HH+zNwF0o4F5YuSQ==


End timestamp: 2026-10-01 17:17:22 +0000 (run time: 0m 0s)
--- samhain ---
ALERT  :  [2026-10-01T17:17:22+0000] msg=<START>, program=<Samhain>, userid=<0>, path=</etc/samhain/samhainrc>, hash=<603D03FD324736250B120AC29FAE55595B27543328D5DFE2>, path=</var/lib/samhain/samhain-fsc.file>, hash=<18C4782EF61230C652C9628721762EA702514093C691CF62>
CRIT   :  [2026-10-01T17:17:22+0000] msg=<POLICY [ReadOnly] --------T->, path=</opt/fsc-test/testbinary>, ctime_old=<[2026-10-01T17:17:20]>, ctime_new=<[2026-10-01T17:17:22]>, 
ALERT  :  [2026-10-01T17:17:22+0000] msg=<EXIT>, program=<Samhain>, status=<exit_success>
=== fenster=10 lauf=10 offset=239 im_fenster=0 aide=0 samhain=1 ===
--- aide ---
Start timestamp: 2026-10-01 17:17:24 +0000 (AIDE 0.19.2)
AIDE found NO differences between database and filesystem. Looks okay!!

Number of entries:	202

---------------------------------------------------
The attributes of the (uncompressed) database(s):
---------------------------------------------------

/var/lib/aide/aide-fsc.db
 SHA256    : rOzva3SA3NqWImLmZUAroux61MFrf28W
             DLXZYWaHQog=
 SHA512    : KLwzA2ugVyQyk8Vtz9iDpVYufgLra1JS
             iVvwZIIEbPI7pjsTREh6Z1xLIVAhneaq
             8OVkKycInl908aS5Ks+CpQ==
 STRIBOG256: hykHrfgvMtz6L4xOYThIgP3WTKcZvjVQ
             S4WmVzSPVwM=
 STRIBOG512: V3ZWqQS+KKn6zw22hwNmFdD9q6rSYYR1
             SmDmAbIQjytRV5hNwG9mE+gCdBwsNQ2C
             9N8jjWcr9hjhM17a8ggKLA==
 SHA512/256: mb9Fcy5ybADq7a/8X5RVk08uIPIVv08l
             +I65QMXPtVA=
 SHA3-256  : 3AxHFfc3nssv6BN2VNgOYYNOxSuqGkaj
             uzpBVeSCsA8=
 SHA3-512  : 9KnDubhWWMCb+1ADLTP+sRvPzo5HL44S
             lV8P3f0RdtppumZMts79KmHKkkrWPD/i
             2+tuRPu81KN2jdRcZIAvgA==


End timestamp: 2026-10-01 17:17:24 +0000 (run time: 0m 0s)
--- samhain ---
ALERT  :  [2026-10-01T17:17:24+0000] msg=<START>, program=<Samhain>, userid=<0>, path=</etc/samhain/samhainrc>, hash=<603D03FD324736250B120AC29FAE55595B27543328D5DFE2>, path=</var/lib/samhain/samhain-fsc.file>, hash=<51773ECCA0C0D734A8D5DFE8CBB14D9DF89DA05D6BD9712C>
CRIT   :  [2026-10-01T17:17:24+0000] msg=<POLICY [ReadOnly] --------T->, path=</opt/fsc-test/testbinary>, ctime_old=<[2026-10-01T17:17:22]>, ctime_new=<[2026-10-01T17:17:24]>, 
ALERT  :  [2026-10-01T17:17:24+0000] msg=<EXIT>, program=<Samhain>, status=<exit_success>
=== fenster=10 lauf=11 offset=269 im_fenster=0 aide=0 samhain=1 ===
--- aide ---
Start timestamp: 2026-10-01 17:17:26 +0000 (AIDE 0.19.2)
AIDE found NO differences between database and filesystem. Looks okay!!

Number of entries:	202

---------------------------------------------------
The attributes of the (uncompressed) database(s):
---------------------------------------------------

/var/lib/aide/aide-fsc.db
 SHA256    : ggK5ccySGnf2CfCBuefSHMUEuhNixHtf
             5PRSkCI6QAA=
 SHA512    : ifvslTLJNHiDYRtKi3rspn/ZvZml34PF
             CcolQTVFcDTjpQ52tFi7gCOS+vPq+2Bf
             EZVsY6afGSEJQPtnm9nDWg==
 STRIBOG256: DP/otZSMTqL3YK2UH+KLrY6ATxuuAhe2
             tt5NlQYZkIo=
 STRIBOG512: 6UTrQdf4nqXnVPSNpv1qH0lTSQk29izw
             XFAPr3J52drdgzujQaixB1ce3C7jadMD
             CLUTBGY5znaXiaKyeRhyYA==
 SHA512/256: PqCcAyHZzDs/Xs0X5/mWOrk3R7QZ6t9X
             TNTMOLXFn5w=
 SHA3-256  : KPXPZh8tkWl8uQP3Sxk+NKsiwB3wPA1q
             W6UqHLGn+UY=
 SHA3-512  : b677NPTuB/OyjmkuFqk+trG5bmSuWFVK
             TNr0p25xA9xGKFoGwBSrIStXDVbzEQMr
             QzY1+YEQuCjdWqU18t+NHg==


End timestamp: 2026-10-01 17:17:26 +0000 (run time: 0m 0s)
--- samhain ---
ALERT  :  [2026-10-01T17:17:26+0000] msg=<START>, program=<Samhain>, userid=<0>, path=</etc/samhain/samhainrc>, hash=<603D03FD324736250B120AC29FAE55595B27543328D5DFE2>, path=</var/lib/samhain/samhain-fsc.file>, hash=<D6E70B1382630C3515363432E15E973345A0A6AEEBDE4191>
CRIT   :  [2026-10-01T17:17:26+0000] msg=<POLICY [ReadOnly] --------T->, path=</opt/fsc-test/testbinary>, ctime_old=<[2026-10-01T17:17:24]>, ctime_new=<[2026-10-01T17:17:26]>, 
ALERT  :  [2026-10-01T17:17:26+0000] msg=<EXIT>, program=<Samhain>, status=<exit_success>
=== fenster=10 lauf=12 offset=358 im_fenster=0 aide=0 samhain=1 ===
--- aide ---
Start timestamp: 2026-10-01 17:17:28 +0000 (AIDE 0.19.2)
AIDE found NO differences between database and filesystem. Looks okay!!

Number of entries:	202

---------------------------------------------------
The attributes of the (uncompressed) database(s):
---------------------------------------------------

/var/lib/aide/aide-fsc.db
 SHA256    : jEulJJPEKmWtwQsj0sRfXYYEeC7TE5fM
             3x5NymStGHY=
 SHA512    : 5/9UcAnsAjP+nZjsX+XJJDTkKKgs12G3
             6stN6HHmcZ2I25jJyH7FL2APKvkvc0kf
             Uxc8T9L/4juGHuQ4Wqnl5g==
 STRIBOG256: IFeAHWmtffPLzqTTbyaxdqs1cilrmSCn
             YRLrbfuYmcg=
 STRIBOG512: 4AG8bcuupWzG3DzKHIQjc1lzCNqZHdPC
             Gb7uweuOk+yOZAKTZ2H3yfs6nARNt2ZB
             h2HlEF9QDtXMhF4c5rphNA==
 SHA512/256: VmZknNGlzfGuvd36PGmWrjmYdvlqD8Sv
             n2l2Y1qZufQ=
 SHA3-256  : YuvSTR+7YO+Ay9khE018rND9n9WfKCmH
             HQ+EAB9LwJ8=
 SHA3-512  : fSZbEjyZNVCgnHOdEmvLIvmKJmGnjDuS
             0/0rQqiTJOYG1RmWg1/yUgWyU92TkaYI
             sYakimmmuakFFaSR9+TuYA==


End timestamp: 2026-10-01 17:17:28 +0000 (run time: 0m 0s)
--- samhain ---
ALERT  :  [2026-10-01T17:17:28+0000] msg=<START>, program=<Samhain>, userid=<0>, path=</etc/samhain/samhainrc>, hash=<603D03FD324736250B120AC29FAE55595B27543328D5DFE2>, path=</var/lib/samhain/samhain-fsc.file>, hash=<25F7F4771BAB403A6BC44F361C5DC1F29921DB81DC5B2169>
CRIT   :  [2026-10-01T17:17:28+0000] msg=<POLICY [ReadOnly] --------T->, path=</opt/fsc-test/testbinary>, ctime_old=<[2026-10-01T17:17:26]>, ctime_new=<[2026-10-01T17:17:28]>, 
ALERT  :  [2026-10-01T17:17:28+0000] msg=<EXIT>, program=<Samhain>, status=<exit_success>
=== fenster=10 lauf=13 offset=175 im_fenster=0 aide=0 samhain=1 ===
--- aide ---
Start timestamp: 2026-10-01 17:17:30 +0000 (AIDE 0.19.2)
AIDE found NO differences between database and filesystem. Looks okay!!

Number of entries:	202

---------------------------------------------------
The attributes of the (uncompressed) database(s):
---------------------------------------------------

/var/lib/aide/aide-fsc.db
 SHA256    : fPAfWSUStOvbNfsD4wa1FtkpCoCx0i12
             cCUp1qdlwbk=
 SHA512    : dbB6iHepidMhphvqRIFLYT/F2mIzhL68
             0XdtpOZx/jmeqsXeohA1w60EEEuyzHez
             vbuNRItF5JaYaXvvq8TDeQ==
 STRIBOG256: NbGF9Zc6rYJ57NBx1StrpQpSq1eLUdz/
             rqbXcoTSBFY=
 STRIBOG512: bcKYbXdyQwyAiQQUtKaPmOu2z8Df0oHr
             oraORFZGxRmgW7vl5UfWMbHnOmtTMd0O
             6JZT3TdUUvwSGJqkMVMzHQ==
 SHA512/256: GXwLCCdZbDiZdG1ofVRfVLkcvN9vmUuT
             z7GMgc2qzT8=
 SHA3-256  : 77aP/+di/b4nJVxZaoJOS2aLLojciAQz
             7Xe6Ei51QAo=
 SHA3-512  : ObVkrv1Ymi0G8gpqk1LEX5OQ25b/KYIB
             FJeuIbdtcDHJm44/KK7MqtBZw5lqTWec
             GkYFMceOUuB1wFfn86QvMg==


End timestamp: 2026-10-01 17:17:30 +0000 (run time: 0m 0s)
--- samhain ---
ALERT  :  [2026-10-01T17:17:30+0000] msg=<START>, program=<Samhain>, userid=<0>, path=</etc/samhain/samhainrc>, hash=<603D03FD324736250B120AC29FAE55595B27543328D5DFE2>, path=</var/lib/samhain/samhain-fsc.file>, hash=<4E41198CD7AB9AE913DCBD138FAE5060BAB833F0B1EF62E7>
CRIT   :  [2026-10-01T17:17:30+0000] msg=<POLICY [ReadOnly] --------T->, path=</opt/fsc-test/testbinary>, ctime_old=<[2026-10-01T17:17:28]>, ctime_new=<[2026-10-01T17:17:29]>, 
ALERT  :  [2026-10-01T17:17:30+0000] msg=<EXIT>, program=<Samhain>, status=<exit_success>
=== fenster=10 lauf=14 offset=470 im_fenster=0 aide=0 samhain=1 ===
--- aide ---
Start timestamp: 2026-10-01 17:17:32 +0000 (AIDE 0.19.2)
AIDE found NO differences between database and filesystem. Looks okay!!

Number of entries:	202

---------------------------------------------------
The attributes of the (uncompressed) database(s):
---------------------------------------------------

/var/lib/aide/aide-fsc.db
 SHA256    : dHsORmVVG0lbMTIA6O/leEJn9W5Qtm9g
             qP+bIOTuMZU=
 SHA512    : t398DeolwGWbU8oW/tiKMj9Qs4eoajFY
             grVkjpvTWa7diZN8leIOHBIlGfdbC8lZ
             kZdve4L2HX3SvU6k2v5qkQ==
 STRIBOG256: gSrD/nzYrJV7k/nPaAaxRnRBCXUxA9Vm
             oh0D3kyzmdM=
 STRIBOG512: JbfGZmasjssHiPe+0foDD9Vk7OABy7S1
             xDqy/+Hp6TmDxzCXn/j16nhw4O4iIxGy
             gXoD66APQnTuH4W4P6BOQA==
 SHA512/256: ZTAgS8rPjI3CzKlS3BVs34fkyfSeMvh+
             nZThrH4iBsA=
 SHA3-256  : sAx25d9kXI7L9wYmkinj6qif/TQrclw2
             OEWf2Q3oEHQ=
 SHA3-512  : 324CpJNpAaKq1EIKaT8tdntSr+cRSeCZ
             FpGIxMLcc3s/aebidOf+Q3S9qJrrBNuo
             GRlZXAyTJJmD1+rwksGvbw==


End timestamp: 2026-10-01 17:17:32 +0000 (run time: 0m 0s)
--- samhain ---
ALERT  :  [2026-10-01T17:17:32+0000] msg=<START>, program=<Samhain>, userid=<0>, path=</etc/samhain/samhainrc>, hash=<603D03FD324736250B120AC29FAE55595B27543328D5DFE2>, path=</var/lib/samhain/samhain-fsc.file>, hash=<DF4F9BFA3085F05400291C6FC42F66C7FDF26D545334015E>
CRIT   :  [2026-10-01T17:17:32+0000] msg=<POLICY [ReadOnly] --------T->, path=</opt/fsc-test/testbinary>, ctime_old=<[2026-10-01T17:17:29]>, ctime_new=<[2026-10-01T17:17:31]>, 
ALERT  :  [2026-10-01T17:17:32+0000] msg=<EXIT>, program=<Samhain>, status=<exit_success>
=== fenster=10 lauf=15 offset=339 im_fenster=0 aide=0 samhain=1 ===
--- aide ---
Start timestamp: 2026-10-01 17:17:33 +0000 (AIDE 0.19.2)
AIDE found NO differences between database and filesystem. Looks okay!!

Number of entries:	202

---------------------------------------------------
The attributes of the (uncompressed) database(s):
---------------------------------------------------

/var/lib/aide/aide-fsc.db
 SHA256    : foXElpdKPbdRSeTON4zirStHC7LIc2g8
             q4O7R8iFTQc=
 SHA512    : nyTQOJRn4xFB8LYq9VYff6bJz8CbZ2Qh
             R5KsHy8WGSorE++V0Y5Q/lbcpi5fhY0y
             XQtpwDrDX2zTE5B7liUMLQ==
 STRIBOG256: m5ML5ECjazBlERmCy9V31hSq8UHUNS2T
             l0/v6ebThUA=
 STRIBOG512: 7mnPyetqHXlabYTnqjwbGrm0cLcl4/8W
             TJS1uK8H1JUmCei9OsDlpQT59so3BxRS
             5uD8tlNMxPcoSbpuY9OsjA==
 SHA512/256: pdWagJDts9tBPldFrjgd4QF3G/GBACmH
             KsrJTBa44As=
 SHA3-256  : CfZAH38gP6zj1pFFLoTRo0WrY4Dh/6cr
             VI67PXXlAwE=
 SHA3-512  : ViiH56DzoQ+cEmxeAJ4RRiXFFfqCIKRx
             4ByBcDGvFyEzpLEPhGgYP1rQdSN2i96Z
             533oz1ptXrd2HAOb+ANxPg==


End timestamp: 2026-10-01 17:17:34 +0000 (run time: 0m 1s)
--- samhain ---
ALERT  :  [2026-10-01T17:17:34+0000] msg=<START>, program=<Samhain>, userid=<0>, path=</etc/samhain/samhainrc>, hash=<603D03FD324736250B120AC29FAE55595B27543328D5DFE2>, path=</var/lib/samhain/samhain-fsc.file>, hash=<3C924C36FDEC3A5A7351689BF6872FE891CAB232152692BB>
CRIT   :  [2026-10-01T17:17:34+0000] msg=<POLICY [ReadOnly] --------T->, path=</opt/fsc-test/testbinary>, ctime_old=<[2026-10-01T17:17:31]>, ctime_new=<[2026-10-01T17:17:33]>, 
ALERT  :  [2026-10-01T17:17:34+0000] msg=<EXIT>, program=<Samhain>, status=<exit_success>
=== fenster=10 lauf=16 offset=7 im_fenster=1 aide=0 samhain=1 ===
--- aide ---
Start timestamp: 2026-10-01 17:17:35 +0000 (AIDE 0.19.2)
AIDE found NO differences between database and filesystem. Looks okay!!

Number of entries:	202

---------------------------------------------------
The attributes of the (uncompressed) database(s):
---------------------------------------------------

/var/lib/aide/aide-fsc.db
 SHA256    : ng9NJeDVhl6MJwE49xdYquXA7VyzOi6c
             pJGGEr2dUuQ=
 SHA512    : VcFVMM5aadSjHNyZuzf0L8Dtk1Jlzn/R
             E707TN6Zb8/utcsISsWmaQel1hFiYC5c
             PVCLed9xoesn3vunAS2RvA==
 STRIBOG256: sUvzmX9y9tz8Eg53qsPa0vT6dQywp6A2
             fDqKeGpY024=
 STRIBOG512: UqL8y6399m0i/yLYY1Cp/d2DqDaSScTQ
             TxN9MU217LlqL2162WoJR3bak9ppdntx
             jKZrR+O3eAz4LvU3Hhy/1w==
 SHA512/256: XbkIJ71s7bLMgN3WE833uUN1WMnETD0/
             iUIh577XpUM=
 SHA3-256  : cvpRjPE4GMKQsNrXKWC5MhhaRfL5L8Lc
             FhYaTDQJ6co=
 SHA3-512  : VxOdh7m1ecd/B6aN4HStYd3vxXA5fcMi
             QKMlzKvueYd40Qo8r+OkFEjTIzVhDvwL
             bibGUuEVZKFAu40bj8oasA==


End timestamp: 2026-10-01 17:17:35 +0000 (run time: 0m 0s)
--- samhain ---
ALERT  :  [2026-10-01T17:17:35+0000] msg=<START>, program=<Samhain>, userid=<0>, path=</etc/samhain/samhainrc>, hash=<603D03FD324736250B120AC29FAE55595B27543328D5DFE2>, path=</var/lib/samhain/samhain-fsc.file>, hash=<C263D5F069CE30777D3C07C9ED56BEA71D6AA7DBE356A25A>
CRIT   :  [2026-10-01T17:17:35+0000] msg=<POLICY [ReadOnly] --------T->, path=</opt/fsc-test/testbinary>, ctime_old=<[2026-10-01T17:17:33]>, ctime_new=<[2026-10-01T17:17:35]>, 
ALERT  :  [2026-10-01T17:17:35+0000] msg=<EXIT>, program=<Samhain>, status=<exit_success>
=== fenster=10 lauf=17 offset=86 im_fenster=0 aide=0 samhain=1 ===
--- aide ---
Start timestamp: 2026-10-01 17:17:37 +0000 (AIDE 0.19.2)
AIDE found NO differences between database and filesystem. Looks okay!!

Number of entries:	202

---------------------------------------------------
The attributes of the (uncompressed) database(s):
---------------------------------------------------

/var/lib/aide/aide-fsc.db
 SHA256    : yhzjXvxf0l/JSQGuIGhiq4xy+SCioQcL
             P35mTaMhhwM=
 SHA512    : 1Gdtj7bGi0RjX0tkAAGhegaATpsWnjG0
             N3pSepF1okmx4+uy9552LosoQOaDeVzU
             Drqq/UxQbuznMpDo/W8f7Q==
 STRIBOG256: QbeLMV8gl9xRB1BZVVEksOchGVRjZabB
             FcHCp75o77E=
 STRIBOG512: kqzlVZlO1qonGEmUBdRLoCbJLt+P0Rii
             +6cT+33pYtKJZnDmR8uLoq9QKl0cHu/M
             YQr0zeg7gf6JB3B891+ICg==
 SHA512/256: 43XlYdzPElQnFiUv9RskKBIptAdbU0t6
             qXLF1JFnbJc=
 SHA3-256  : 4txMUvXLDYfYoANJP67J4Cd3RDu4ubUO
             riGcVpNb8QA=
 SHA3-512  : i8Wu/v7GQLSdMjDUMXfNEDqaTq6Dbcd5
             N18pR54jdR2ZEuzlBYa1a5MvSUVmHjVy
             ImZ+mz429ZcNQbrVDSt6LQ==


End timestamp: 2026-10-01 17:17:37 +0000 (run time: 0m 0s)
--- samhain ---
ALERT  :  [2026-10-01T17:17:37+0000] msg=<START>, program=<Samhain>, userid=<0>, path=</etc/samhain/samhainrc>, hash=<603D03FD324736250B120AC29FAE55595B27543328D5DFE2>, path=</var/lib/samhain/samhain-fsc.file>, hash=<1BEB7DB44F6A00AC90A88180C20627DCFA85EFC8CB45E46C>
CRIT   :  [2026-10-01T17:17:37+0000] msg=<POLICY [ReadOnly] --------T->, path=</opt/fsc-test/testbinary>, ctime_old=<[2026-10-01T17:17:35]>, ctime_new=<[2026-10-01T17:17:37]>, 
ALERT  :  [2026-10-01T17:17:37+0000] msg=<EXIT>, program=<Samhain>, status=<exit_success>
=== fenster=10 lauf=18 offset=391 im_fenster=0 aide=0 samhain=1 ===
--- aide ---
Start timestamp: 2026-10-01 17:17:39 +0000 (AIDE 0.19.2)
AIDE found NO differences between database and filesystem. Looks okay!!

Number of entries:	202

---------------------------------------------------
The attributes of the (uncompressed) database(s):
---------------------------------------------------

/var/lib/aide/aide-fsc.db
 SHA256    : P/6A9AsihzeCsl+qRkxCmpcAIrNVCCog
             whcscCV9pzU=
 SHA512    : oh45UGySqERGCGdOrJy90ccGxPqBY/n2
             RE6hGPe6BM3zB6ICrLWlsuQjzdbK3qkE
             PMeuzPyrZLWc2XRFyy1c5w==
 STRIBOG256: 1GHaOcxGkHlya3s+w/i6G5WyJemBM42u
             iFW07gEfkSo=
 STRIBOG512: 4F+ZI8iJqJeaoXkUZGNc81azhNp7vw2p
             F8/akl+Du2NG8IdM3CUNJsqMIadtU4tU
             ZTbyla7IBypePdajP0o5HA==
 SHA512/256: stwQ7LA2Vhet+hTB46mhUg+PLgtHMKpx
             xb3Dy2tX1mg=
 SHA3-256  : k3F7BB9u8EZRgDwsCHOAAJZTgEfrKjjW
             +PN9ccxaOY0=
 SHA3-512  : 5MoIBhLEXWCtM9Rkm3x7V7Kqa4/KU80/
             iAhrlyWUiit4J6ns7kwCt3tEoIISRT0T
             Xim+LLSCIIkSXp3/N8bZtw==


End timestamp: 2026-10-01 17:17:39 +0000 (run time: 0m 0s)
--- samhain ---
ALERT  :  [2026-10-01T17:17:39+0000] msg=<START>, program=<Samhain>, userid=<0>, path=</etc/samhain/samhainrc>, hash=<603D03FD324736250B120AC29FAE55595B27543328D5DFE2>, path=</var/lib/samhain/samhain-fsc.file>, hash=<B27F0D14AD962C28F998D71F1F158FC4135C986173ACEFDE>
CRIT   :  [2026-10-01T17:17:39+0000] msg=<POLICY [ReadOnly] --------T->, path=</opt/fsc-test/testbinary>, ctime_old=<[2026-10-01T17:17:37]>, ctime_new=<[2026-10-01T17:17:38]>, 
ALERT  :  [2026-10-01T17:17:39+0000] msg=<EXIT>, program=<Samhain>, status=<exit_success>
=== fenster=10 lauf=19 offset=344 im_fenster=0 aide=0 samhain=1 ===
--- aide ---
Start timestamp: 2026-10-01 17:17:41 +0000 (AIDE 0.19.2)
AIDE found NO differences between database and filesystem. Looks okay!!

Number of entries:	202

---------------------------------------------------
The attributes of the (uncompressed) database(s):
---------------------------------------------------

/var/lib/aide/aide-fsc.db
 SHA256    : s/vKJwF5JFOb1lUTwBDZNe7kIcFBTz3h
             TS540PbfeJM=
 SHA512    : EqnZ0AQmZ1jPySIT4ZmDNdoXL2WUPhZM
             Bgl6evqAzGRQvHTf+mtZXkul6XHNCKZj
             BEXs41a3oRlJ7uEL8Dtuzw==
 STRIBOG256: jiHoP2VD89d9aLJTlzLv8Z5lA/2Zvys4
             QBD6TcsCy/I=
 STRIBOG512: pMHDhIoSR3V4jTcf7WmSXeKpTysRc4H1
             BSc5XeBeM+Tqfa3bSYhzVyh+feceXdvC
             0o5yVxAHby7hjf4EG+2eBw==
 SHA512/256: oBoO34GnihsoJKQOhseQZC7NwacmYJ33
             x+Qy++aP7vA=
 SHA3-256  : wtU3ShGz+xBgvE2kKKeMl2HLJh3alabl
             k3kmwGSOaHc=
 SHA3-512  : TZRqNuSsCMLfJiY9ghsSe2bVzQlGeewD
             TNyikYkeeIf7N9kIT36COo32WIVk0CU3
             QYrVbB4WtU2h6xdv7NPFpw==


End timestamp: 2026-10-01 17:17:41 +0000 (run time: 0m 0s)
--- samhain ---
ALERT  :  [2026-10-01T17:17:41+0000] msg=<START>, program=<Samhain>, userid=<0>, path=</etc/samhain/samhainrc>, hash=<603D03FD324736250B120AC29FAE55595B27543328D5DFE2>, path=</var/lib/samhain/samhain-fsc.file>, hash=<A32595273D5D277A2F83B3760EA7FBD5593238235CC76AE6>
CRIT   :  [2026-10-01T17:17:41+0000] msg=<POLICY [ReadOnly] --------T->, path=</opt/fsc-test/testbinary>, ctime_old=<[2026-10-01T17:17:38]>, ctime_new=<[2026-10-01T17:17:40]>, 
ALERT  :  [2026-10-01T17:17:41+0000] msg=<EXIT>, program=<Samhain>, status=<exit_success>
=== fenster=10 lauf=20 offset=132 im_fenster=0 aide=0 samhain=1 ===
--- aide ---
Start timestamp: 2026-10-01 17:17:42 +0000 (AIDE 0.19.2)
AIDE found NO differences between database and filesystem. Looks okay!!

Number of entries:	202

---------------------------------------------------
The attributes of the (uncompressed) database(s):
---------------------------------------------------

/var/lib/aide/aide-fsc.db
 SHA256    : J+dbX4HvlPMNDNkmnqrEAn3Uw5pKxY69
             TlFYWNHq/SY=
 SHA512    : F+xZL/Zz+b6Hf05nBk70QPDFEGGNDI1t
             n237fsH0TQ3CETxzD2wQGEd7a8FrCVWy
             qAR3MHoqq+NT1x1VJyq25w==
 STRIBOG256: CFi1f3OM+wj7g6ZCKGgeZYUl8g2C7L7b
             LjKNPzmhCm8=
 STRIBOG512: YAZ/kWpgXkvjqsIqV7qqdEACdPKwd6r/
             Y/dgCkX8jcpNLAYcm5da2M2NujVH0A2U
             Je+dGMkXcbWyhPM1AQGz3Q==
 SHA512/256: XX3b5jrQo30wExjkGrbXV1blrVHQ3pzs
             66bdMDn5/s8=
 SHA3-256  : E146CtoccGB0h3lzgUevfFO6L/v+wxuK
             HVx68o9G1Sk=
 SHA3-512  : czpg/MHW3bOUwKJ5RAoCrbUBmOvZiFZK
             2BXuH4fIIMswONTXxLQR7+SiShWUpyds
             hqNrOPE/WwZWSzFnI9AvCg==


End timestamp: 2026-10-01 17:17:42 +0000 (run time: 0m 0s)
--- samhain ---
ALERT  :  [2026-10-01T17:17:42+0000] msg=<START>, program=<Samhain>, userid=<0>, path=</etc/samhain/samhainrc>, hash=<603D03FD324736250B120AC29FAE55595B27543328D5DFE2>, path=</var/lib/samhain/samhain-fsc.file>, hash=<2DDC2EDE4590578DA1C984D4B764FA638F7D4743FD07C9E7>
CRIT   :  [2026-10-01T17:17:42+0000] msg=<POLICY [ReadOnly] --------T->, path=</opt/fsc-test/testbinary>, ctime_old=<[2026-10-01T17:17:40]>, ctime_new=<[2026-10-01T17:17:42]>, 
ALERT  :  [2026-10-01T17:17:42+0000] msg=<EXIT>, program=<Samhain>, status=<exit_success>
=== fenster=50 lauf=1 offset=241 im_fenster=0 aide=0 samhain=1 ===
--- aide ---
Start timestamp: 2026-10-01 17:17:44 +0000 (AIDE 0.19.2)
AIDE found NO differences between database and filesystem. Looks okay!!

Number of entries:	202

---------------------------------------------------
The attributes of the (uncompressed) database(s):
---------------------------------------------------

/var/lib/aide/aide-fsc.db
 SHA256    : pHrlBQFJnyKdh7QT+5C01TKSoXoRRGtG
             n95O1ijAnu8=
 SHA512    : APmslNj5i1Y4LQ2KE9/cqvctk3QTASVZ
             r91vqnzi4N9v4S7Zg4rpJck/la6k35Ul
             wx2G2/Jc7SpG0qD/g9FSkw==
 STRIBOG256: wLd+jGtHLvOTGGvRnHWvuFk76Gm29UCQ
             Tg0zGWo93kc=
 STRIBOG512: Os4Apr+e8gINGkw6/Pw35ZpHAMRAY3DR
             0BVli3DkKMnacAUR2H9ScIErZRvfzfBt
             5NBwlb+sjpTrn0G69zsxaQ==
 SHA512/256: RkbQGrCGpPkpAFEliTcoJ85GJ0NUl7pp
             kEOPAt1YJqg=
 SHA3-256  : 1exm5rfEyJPpdcO1LT8tH0t02AlQZzhT
             h1P9UXTHnZc=
 SHA3-512  : MNrhJb88l7Xil7C9IPEi5U1QdxK3BgZt
             /s8bmqg6eYHfIw+r9cmQXqaV4XwskL0G
             gqaABVfESBFN7WR6uZbfUw==


End timestamp: 2026-10-01 17:17:44 +0000 (run time: 0m 0s)
--- samhain ---
ALERT  :  [2026-10-01T17:17:44+0000] msg=<START>, program=<Samhain>, userid=<0>, path=</etc/samhain/samhainrc>, hash=<603D03FD324736250B120AC29FAE55595B27543328D5DFE2>, path=</var/lib/samhain/samhain-fsc.file>, hash=<964EC5F2968D181A8B031B07BFF4CA8B0AE7A2A7A539AFD7>
CRIT   :  [2026-10-01T17:17:44+0000] msg=<POLICY [ReadOnly] --------T->, path=</opt/fsc-test/testbinary>, ctime_old=<[2026-10-01T17:17:42]>, ctime_new=<[2026-10-01T17:17:44]>, 
ALERT  :  [2026-10-01T17:17:44+0000] msg=<EXIT>, program=<Samhain>, status=<exit_success>
=== fenster=50 lauf=2 offset=444 im_fenster=0 aide=0 samhain=1 ===
--- aide ---
Start timestamp: 2026-10-01 17:17:46 +0000 (AIDE 0.19.2)
AIDE found NO differences between database and filesystem. Looks okay!!

Number of entries:	202

---------------------------------------------------
The attributes of the (uncompressed) database(s):
---------------------------------------------------

/var/lib/aide/aide-fsc.db
 SHA256    : FgU7FsE2W80cYJ7F7iZTMfikwIuNrrVs
             kpOwB0E8Ees=
 SHA512    : RkItRpiS6My3gYuF4FYF4IwUIaF2unGU
             MFlkDygAL1ljGk2yDc3SwrwcP/REzXYJ
             J6X/JFYKolyBMw4kM934Rw==
 STRIBOG256: VlrOI1l6fn2iLRYBm8qwk1hu5pOM16zj
             fmSCNerBPfs=
 STRIBOG512: IXEFXZqNrmaU+53I0fO/XhUzkz4Tc3jD
             aOwpfb/wiUFkI2uCkbP3s3YNxE1iTu/v
             Vr/leHyFHDEVQZ/8Mu+5Pg==
 SHA512/256: xsgyXKNmW09oUuTe8PSDjWhPKwzJKo7E
             FyskyOC5c9Y=
 SHA3-256  : LOJiIELMRTh+LnMaLiAlaT8pVnsU69xm
             pmNkMV+MPgE=
 SHA3-512  : RKv0XYb7FKQ2/U+q3iW1oTK88R2l0MJR
             4RcZ1XvIVZhp6df5iSrUGaVzB8twIczJ
             T2jhD7FIkezsaptkokH56g==


End timestamp: 2026-10-01 17:17:46 +0000 (run time: 0m 0s)
--- samhain ---
ALERT  :  [2026-10-01T17:17:46+0000] msg=<START>, program=<Samhain>, userid=<0>, path=</etc/samhain/samhainrc>, hash=<603D03FD324736250B120AC29FAE55595B27543328D5DFE2>, path=</var/lib/samhain/samhain-fsc.file>, hash=<BACC9A8AC3F7FAC7DC59D00E02BE9DC5389338B74E0E0FF9>
CRIT   :  [2026-10-01T17:17:46+0000] msg=<POLICY [ReadOnly] --------T->, path=</opt/fsc-test/testbinary>, ctime_old=<[2026-10-01T17:17:44]>, ctime_new=<[2026-10-01T17:17:46]>, 
ALERT  :  [2026-10-01T17:17:46+0000] msg=<EXIT>, program=<Samhain>, status=<exit_success>
=== fenster=50 lauf=3 offset=182 im_fenster=0 aide=0 samhain=1 ===
--- aide ---
Start timestamp: 2026-10-01 17:17:48 +0000 (AIDE 0.19.2)
AIDE found NO differences between database and filesystem. Looks okay!!

Number of entries:	202

---------------------------------------------------
The attributes of the (uncompressed) database(s):
---------------------------------------------------

/var/lib/aide/aide-fsc.db
 SHA256    : rZPIfPAJEFPMInvUXhYJYeEqNvRbadby
             jgV9fXx+dEQ=
 SHA512    : xxYEjzfncoGWESy3mrC1KcUfEaOcgrtH
             /lJc62sxzgSbXVf8n58jcoZPQQ20r+nw
             7Xy6eUMpzQVxm5DXvvosSg==
 STRIBOG256: B8dGISRY/2IvRaepQ5++5cH5k2baS525
             8QsK5sNGSio=
 STRIBOG512: ntQBsCRpxkL4aYps5C5gxTzWHWpUlsz/
             LItoY+ftZmTDmXHE4Z/PohwZhqeJTD1b
             sfkrQDl5gAIs4K8artHMFg==
 SHA512/256: INP3hhB+Kk9KczAyXToYdhK/BoyHWlK5
             oIUYg8BIr3I=
 SHA3-256  : OCm1DLdHBp7Vfs1Wk0KM+WXVMFAQkUwS
             rFCKVAsPFo8=
 SHA3-512  : C2NqrTjM6UflUkNmpVLixS39UBIjUC+H
             dcFWfYPkJXiwvC8WqYEz4DFXfj00vjCe
             2iIHomEpo/u2g9CUDOuJMA==


End timestamp: 2026-10-01 17:17:48 +0000 (run time: 0m 0s)
--- samhain ---
ALERT  :  [2026-10-01T17:17:48+0000] msg=<START>, program=<Samhain>, userid=<0>, path=</etc/samhain/samhainrc>, hash=<603D03FD324736250B120AC29FAE55595B27543328D5DFE2>, path=</var/lib/samhain/samhain-fsc.file>, hash=<05B4DDA111D3B8C0B6EB9716685F88593EEA9CCCCD200F1A>
CRIT   :  [2026-10-01T17:17:48+0000] msg=<POLICY [ReadOnly] --------T->, path=</opt/fsc-test/testbinary>, ctime_old=<[2026-10-01T17:17:46]>, ctime_new=<[2026-10-01T17:17:48]>, 
ALERT  :  [2026-10-01T17:17:48+0000] msg=<EXIT>, program=<Samhain>, status=<exit_success>
=== fenster=50 lauf=4 offset=110 im_fenster=0 aide=0 samhain=1 ===
--- aide ---
Start timestamp: 2026-10-01 17:17:49 +0000 (AIDE 0.19.2)
AIDE found NO differences between database and filesystem. Looks okay!!

Number of entries:	202

---------------------------------------------------
The attributes of the (uncompressed) database(s):
---------------------------------------------------

/var/lib/aide/aide-fsc.db
 SHA256    : MuyCTk9FwhsbZ8zl4COIQh68ATWkjy55
             09DaEP8fnwI=
 SHA512    : W31DZ0TxzvznBrmMtmFWYAorsd1ay4eN
             F/2z0B48XGIs/l/9XByIEjGir+EaOm8C
             JgEnVvq93WuQVpc2OXUQ/w==
 STRIBOG256: dHhOnHADfGnaOe2T046U1pyEfZsGR4h7
             Burs9sdEDqY=
 STRIBOG512: GFXfGZv2Vszpg9b2oZkJo7Mp2hFw8Rvc
             zYCE+0413b0k7j5ZhPtznI74MdtleBiA
             oIUW5JGzmkTikszwEB5gPQ==
 SHA512/256: obkcE5QLH4pTbqKZnEfUZw5+vdwRRc9J
             Ar3p5coaT4I=
 SHA3-256  : /mSsIYZbRgZWPOHImWiCEqtdpOwEPLzi
             3kFOZ3HFAoI=
 SHA3-512  : dzt2yrrujdb9QWK6ips4+QPQeaz9Q3yM
             D8p01bSv1WtLC1YmwdM1DxKxPC/bDQYm
             dQ66wMJuyn5HzvSQmQPvMw==


End timestamp: 2026-10-01 17:17:49 +0000 (run time: 0m 0s)
--- samhain ---
ALERT  :  [2026-10-01T17:17:49+0000] msg=<START>, program=<Samhain>, userid=<0>, path=</etc/samhain/samhainrc>, hash=<603D03FD324736250B120AC29FAE55595B27543328D5DFE2>, path=</var/lib/samhain/samhain-fsc.file>, hash=<E0381CB3EAB654C2C05B3E96ED8C55E249CD01D2316C413F>
CRIT   :  [2026-10-01T17:17:50+0000] msg=<POLICY [ReadOnly] --------T->, path=</opt/fsc-test/testbinary>, ctime_old=<[2026-10-01T17:17:48]>, ctime_new=<[2026-10-01T17:17:49]>, 
ALERT  :  [2026-10-01T17:17:50+0000] msg=<EXIT>, program=<Samhain>, status=<exit_success>
=== fenster=50 lauf=5 offset=272 im_fenster=0 aide=0 samhain=1 ===
--- aide ---
Start timestamp: 2026-10-01 17:17:51 +0000 (AIDE 0.19.2)
AIDE found NO differences between database and filesystem. Looks okay!!

Number of entries:	202

---------------------------------------------------
The attributes of the (uncompressed) database(s):
---------------------------------------------------

/var/lib/aide/aide-fsc.db
 SHA256    : uIel4jqTz/+73tg1p5joSycDJnTmzPg3
             tfKQxvp5gJc=
 SHA512    : PXdhiS706CxaZYTGggbbzuLrqWh7jnBO
             77+0UVqVJmpeKoiEMAepeUr5AkaQs+ZV
             mzEzU63X82L8oHkLbuq0YQ==
 STRIBOG256: LL6uHnWt2CyHBlh5I8c1/LEnPytwWDOy
             +DjfWKlQlXY=
 STRIBOG512: iHT7jo8GltjPb7Ss60yW//wxwY8KJtQA
             FPwBB6zxl/WUqx0lZFEGnh4g/LobGq/C
             inJjL/nTRXC2TLoxo3BSxQ==
 SHA512/256: QZdex8bFO4FAgLNZN6Kn9tbmV5I/rQl6
             +loeR6BpXDE=
 SHA3-256  : Fyy4BrA9m235i+6mQ3MjwBsuwAgpsF9Z
             Y94T/j5xOPU=
 SHA3-512  : soHNAUYMGB8qu6ED8c4RGBN52dF0utFb
             KJyfmjY6IxTWl+qpLfF56PFFx1GQQyW5
             sY9ETiq67z/eL5GJSFGYaQ==


End timestamp: 2026-10-01 17:17:51 +0000 (run time: 0m 0s)
--- samhain ---
ALERT  :  [2026-10-01T17:17:51+0000] msg=<START>, program=<Samhain>, userid=<0>, path=</etc/samhain/samhainrc>, hash=<603D03FD324736250B120AC29FAE55595B27543328D5DFE2>, path=</var/lib/samhain/samhain-fsc.file>, hash=<685FEA10AE132D247626B0C475D4EFB7EE97AF360200E3A3>
CRIT   :  [2026-10-01T17:17:51+0000] msg=<POLICY [ReadOnly] --------T->, path=</opt/fsc-test/testbinary>, ctime_old=<[2026-10-01T17:17:49]>, ctime_new=<[2026-10-01T17:17:51]>, 
ALERT  :  [2026-10-01T17:17:51+0000] msg=<EXIT>, program=<Samhain>, status=<exit_success>
=== fenster=50 lauf=6 offset=195 im_fenster=0 aide=0 samhain=1 ===
--- aide ---
Start timestamp: 2026-10-01 17:17:53 +0000 (AIDE 0.19.2)
AIDE found NO differences between database and filesystem. Looks okay!!

Number of entries:	202

---------------------------------------------------
The attributes of the (uncompressed) database(s):
---------------------------------------------------

/var/lib/aide/aide-fsc.db
 SHA256    : IzhD2o0b4oCC/hpN6lYVxjxHS27sucQ0
             enAcT3SEmNE=
 SHA512    : f7AcDgsbuf+n1Co/ViL7Nu1X5VjLzLXH
             +oiae2Rs4s9KqEsZ1vtjsZbnRn3TLH7B
             RlKuyF3cGtU00Qd279yJrQ==
 STRIBOG256: VrPeJbtOwAWaJIzCK88SUd3kBSszkRSs
             57YmbLpcDGY=
 STRIBOG512: CqiEdMCiRs2gIMXbvXxcQ+rgZ7hefrNL
             55UdCRzFTF9f2UTnjfGiaKdDZY8/S8rX
             z/8Ayic5ONP091T/0jDJtw==
 SHA512/256: qwyzBdxXZcJ/WsmzaheoGhW0R24/F2TQ
             UjeQa98ARQI=
 SHA3-256  : LHSATVCVLjyrZXl6+SYZkgr8jZG91cLo
             RSMp2ZFgSAk=
 SHA3-512  : C75L7aXqZjzYhsPQzTPi18+Ty0OUkg4u
             bm3+imwvWTvAxc3tas3zkUuytSHTvokf
             jhyx1RT+QF2EIMxQeK+1Ng==


End timestamp: 2026-10-01 17:17:53 +0000 (run time: 0m 0s)
--- samhain ---
ALERT  :  [2026-10-01T17:17:53+0000] msg=<START>, program=<Samhain>, userid=<0>, path=</etc/samhain/samhainrc>, hash=<603D03FD324736250B120AC29FAE55595B27543328D5DFE2>, path=</var/lib/samhain/samhain-fsc.file>, hash=<B01BE4AE07D9F15157555E1B2C30825F6F9B7D1D8B961935>
CRIT   :  [2026-10-01T17:17:53+0000] msg=<POLICY [ReadOnly] --------T->, path=</opt/fsc-test/testbinary>, ctime_old=<[2026-10-01T17:17:51]>, ctime_new=<[2026-10-01T17:17:53]>, 
ALERT  :  [2026-10-01T17:17:53+0000] msg=<EXIT>, program=<Samhain>, status=<exit_success>
=== fenster=50 lauf=7 offset=93 im_fenster=0 aide=0 samhain=1 ===
--- aide ---
Start timestamp: 2026-10-01 17:17:55 +0000 (AIDE 0.19.2)
AIDE found NO differences between database and filesystem. Looks okay!!

Number of entries:	202

---------------------------------------------------
The attributes of the (uncompressed) database(s):
---------------------------------------------------

/var/lib/aide/aide-fsc.db
 SHA256    : GzaKorRLft4vWchoUvZbc3vdRXRm8hr1
             YvZsavS+eOQ=
 SHA512    : 7++zCr+jkaDwPnx/gBp9fahIXDWkOAeh
             rQMv/cAr4ThEIa5EY6XcbJ26qeDqprFV
             S5QhDCNLx+0T8HGZxsKcww==
 STRIBOG256: LF2uW/THi2WWAZ2DScXmghTHg+t5HIPp
             IoxJykYyL2E=
 STRIBOG512: PNB/n2tJqmP4AZEv7UJrXHITwsJoTvh1
             YWEmFheyC+a3xn0WZWguP+jAjwycTLBK
             vuA6eRNX4U682+NwozY2Sw==
 SHA512/256: A2gjlSr6vhSWYApcPww6iI6Nq9Jb1U8O
             9P3R4zhXGcY=
 SHA3-256  : aLbEApJYJRTf0GIUqDnFNZC2S05r1Y68
             t1F3IsVwjMs=
 SHA3-512  : LTx0aiPO7RkicQt9VsjQQ9izRttetleq
             7olEWNYTeuFcdLXEbb3EBLZCOTHb5rwX
             mZrGFCJNBQIdfbKtMUOOVA==


End timestamp: 2026-10-01 17:17:55 +0000 (run time: 0m 0s)
--- samhain ---
ALERT  :  [2026-10-01T17:17:55+0000] msg=<START>, program=<Samhain>, userid=<0>, path=</etc/samhain/samhainrc>, hash=<603D03FD324736250B120AC29FAE55595B27543328D5DFE2>, path=</var/lib/samhain/samhain-fsc.file>, hash=<57C6781FD08391914AA261D194A2BD2A67EFD7BAEE0CA4EA>
CRIT   :  [2026-10-01T17:17:55+0000] msg=<POLICY [ReadOnly] --------T->, path=</opt/fsc-test/testbinary>, ctime_old=<[2026-10-01T17:17:53]>, ctime_new=<[2026-10-01T17:17:55]>, 
ALERT  :  [2026-10-01T17:17:55+0000] msg=<EXIT>, program=<Samhain>, status=<exit_success>
=== fenster=50 lauf=8 offset=176 im_fenster=0 aide=0 samhain=1 ===
--- aide ---
Start timestamp: 2026-10-01 17:17:56 +0000 (AIDE 0.19.2)
AIDE found NO differences between database and filesystem. Looks okay!!

Number of entries:	202

---------------------------------------------------
The attributes of the (uncompressed) database(s):
---------------------------------------------------

/var/lib/aide/aide-fsc.db
 SHA256    : IT2Fz9W0793ITRIS1VmUAtbOz17+m20/
             9MYAx90Hv54=
 SHA512    : D9sA5VbUO/J0mvZONdcW6Z5k3rQtXGRl
             CmRtz6Izvph5N+pMwEHwqYlItKjKpi+f
             VRTWE0d2MtcTdct4ueZCPg==
 STRIBOG256: RIQLsPwA3U5Uu0sWg3It80fiFDJxMYNC
             hdVXvetZhmk=
 STRIBOG512: QV2wUoM/JxytMv/FDqi9PJpJAmCcd+G5
             eJLNC6bBeYGkTwxF79BW/3QgCPHunH33
             DrOgm60hG4plQkuOpRH6Ag==
 SHA512/256: 3tCFtxih9e8WObGZlqvG5s8O45kyUkiN
             aL4TcGx+mYk=
 SHA3-256  : oLx3XplBMqLJN5uAZIfjrufX4et3XWiI
             ZKgbk/d7eqI=
 SHA3-512  : 0pRydjaHhT4MlkI50mKVECvegTWpciAu
             BNtDp4sRE+qooz5irwLbf3TP5ac54zxx
             ppkgN0I/fCDwCsFmixGnNQ==


End timestamp: 2026-10-01 17:17:56 +0000 (run time: 0m 0s)
--- samhain ---
ALERT  :  [2026-10-01T17:17:56+0000] msg=<START>, program=<Samhain>, userid=<0>, path=</etc/samhain/samhainrc>, hash=<603D03FD324736250B120AC29FAE55595B27543328D5DFE2>, path=</var/lib/samhain/samhain-fsc.file>, hash=<C3FC9E5C95B4082C3433D7D958261B2BB601338B3F3822A2>
CRIT   :  [2026-10-01T17:17:56+0000] msg=<POLICY [ReadOnly] --------T->, path=</opt/fsc-test/testbinary>, ctime_old=<[2026-10-01T17:17:55]>, ctime_new=<[2026-10-01T17:17:56]>, 
ALERT  :  [2026-10-01T17:17:56+0000] msg=<EXIT>, program=<Samhain>, status=<exit_success>
=== fenster=50 lauf=9 offset=273 im_fenster=0 aide=0 samhain=1 ===
--- aide ---
Start timestamp: 2026-10-01 17:17:58 +0000 (AIDE 0.19.2)
AIDE found NO differences between database and filesystem. Looks okay!!

Number of entries:	202

---------------------------------------------------
The attributes of the (uncompressed) database(s):
---------------------------------------------------

/var/lib/aide/aide-fsc.db
 SHA256    : mPigsYT8APeYnyFdFQI7fsoUwjaxcPJK
             oimzlMwANqU=
 SHA512    : hNGKa/b9kdMBRWnS+UkXaVNW3mYSAJt5
             dmbSW0I/ygDUixUlCUdespFmKngLZSUV
             xNIDypMeti5AaMIMrNdsAw==
 STRIBOG256: RzLpZCpng7nFnVRSj1KPux4Dr/LQSKES
             6yVrvGhIWqk=
 STRIBOG512: jgRLmePxUFZ35FaCy9QF6dRYZwIfgEl1
             TbhvemO2+pxtmfaUfuukeBjsKhpzjlEV
             agoPag3HrGDQR4ac6t+o6A==
 SHA512/256: CHf/gGI6Obf4amWRtiHQ82kcMy9sRhP1
             VJdKLCUlzok=
 SHA3-256  : 5tU76usGDGNUhQhPoYLeheXQjC0Djw+F
             VhMgV25Ddcg=
 SHA3-512  : TKYkIa290vp47RXZtOjL4FE0n0LVIl+o
             8jIwHaWPoaLFLlvTQd/hQTU3KFCMpn3F
             RNfOXR0BabzsSfdiFTF9ww==


End timestamp: 2026-10-01 17:17:58 +0000 (run time: 0m 0s)
--- samhain ---
ALERT  :  [2026-10-01T17:17:58+0000] msg=<START>, program=<Samhain>, userid=<0>, path=</etc/samhain/samhainrc>, hash=<603D03FD324736250B120AC29FAE55595B27543328D5DFE2>, path=</var/lib/samhain/samhain-fsc.file>, hash=<DA00657302D9A07600CD4D2BEE343C2DDB77651CA503214D>
CRIT   :  [2026-10-01T17:17:58+0000] msg=<POLICY [ReadOnly] --------T->, path=</opt/fsc-test/testbinary>, ctime_old=<[2026-10-01T17:17:56]>, ctime_new=<[2026-10-01T17:17:58]>, 
ALERT  :  [2026-10-01T17:17:58+0000] msg=<EXIT>, program=<Samhain>, status=<exit_success>
=== fenster=50 lauf=10 offset=454 im_fenster=0 aide=0 samhain=1 ===
--- aide ---
Start timestamp: 2026-10-01 17:18:00 +0000 (AIDE 0.19.2)
AIDE found NO differences between database and filesystem. Looks okay!!

Number of entries:	202

---------------------------------------------------
The attributes of the (uncompressed) database(s):
---------------------------------------------------

/var/lib/aide/aide-fsc.db
 SHA256    : 4+/L3GFzbPX8qcCowWhKSwfmM4Re9eCe
             9Z2yOdzUYXc=
 SHA512    : SAkX1F3V3hE3S0y3+JkDNg3LXkavClxF
             jA6cqxCpXVTBZuBAIaEzDoT+N6Bri7FY
             WB/H97VG7ClvjyFhZ8cXAw==
 STRIBOG256: ai2ZAOK1ot5kSPmkvq5nJ+9IaVHcmWPx
             BJIBdIkZAjI=
 STRIBOG512: djvxBoUqAwKcwtrwywBH5Bi9W/6JNHR5
             WjdAnVCr6K1Gxt/Pmws24TyW+Ml1znzh
             1Se7AuWRs7DzXyPAv7nXVg==
 SHA512/256: HetMAxuR3KCxhX62Jr8cPO+GVXY2yESh
             mn7zthpY0VQ=
 SHA3-256  : NhbOd3Nrie/lydUGIJtxQ6cRjbxS4Luc
             uhz1gJJLbMg=
 SHA3-512  : 4Kq8MwX1amnVLQnWrkiyKjYm7Rl8Lsd3
             a7mGi/abKkTtpQtPjzCD36Vi4bCl4lre
             HQlvDkesuUNJ3F+CUH6E2w==


End timestamp: 2026-10-01 17:18:00 +0000 (run time: 0m 0s)
--- samhain ---
ALERT  :  [2026-10-01T17:18:00+0000] msg=<START>, program=<Samhain>, userid=<0>, path=</etc/samhain/samhainrc>, hash=<603D03FD324736250B120AC29FAE55595B27543328D5DFE2>, path=</var/lib/samhain/samhain-fsc.file>, hash=<8ECEE78E325D753E6D0B7F1A4D3E6BC95BCE851E84B968F0>
CRIT   :  [2026-10-01T17:18:00+0000] msg=<POLICY [ReadOnly] --------T->, path=</opt/fsc-test/testbinary>, ctime_old=<[2026-10-01T17:17:58]>, ctime_new=<[2026-10-01T17:18:00]>, 
ALERT  :  [2026-10-01T17:18:00+0000] msg=<EXIT>, program=<Samhain>, status=<exit_success>
=== fenster=50 lauf=11 offset=44 im_fenster=1 aide=0 samhain=1 ===
--- aide ---
Start timestamp: 2026-10-01 17:18:02 +0000 (AIDE 0.19.2)
AIDE found NO differences between database and filesystem. Looks okay!!

Number of entries:	202

---------------------------------------------------
The attributes of the (uncompressed) database(s):
---------------------------------------------------

/var/lib/aide/aide-fsc.db
 SHA256    : 1WE8TOlPc1QC3y47eMxUX3fZevVIaN4N
             2C4h0oOgkbA=
 SHA512    : vVEzYGLz61QRj5DFMQjGah506OT4LdQH
             1sJvCXeMk62HO3uPxx44MLqc01Y9xSU+
             eBLs07XfRq6bBE/pj9Vmuw==
 STRIBOG256: 5o/31lIMzH7JPa6MIf6OWE8mzS5OZ5c4
             zBaibZdxAw4=
 STRIBOG512: 002B/WlZEMf5V7LURrePCsQg+ai2l6r4
             yV8RbI+u9iETo828kVEcR1SCyo5GKJ3r
             jQo9+M5nfNggDrmtXsI+0A==
 SHA512/256: 8RkExGIHcHzmmZzL/SowzRQdUENThIFf
             hvRMN0P3U1o=
 SHA3-256  : 18mBKzScStN5BO/nlXMLL0rrpj6M6R0i
             fr6Hf4702To=
 SHA3-512  : q/1SVgteZ0fPt9pareY/QxA3EIrhlR2z
             CwCTowFLSSwk+BA/3FquZgSocVX9lRRa
             5PDafvtawxHicQ7tXtNWyw==


End timestamp: 2026-10-01 17:18:02 +0000 (run time: 0m 0s)
--- samhain ---
ALERT  :  [2026-10-01T17:18:02+0000] msg=<START>, program=<Samhain>, userid=<0>, path=</etc/samhain/samhainrc>, hash=<603D03FD324736250B120AC29FAE55595B27543328D5DFE2>, path=</var/lib/samhain/samhain-fsc.file>, hash=<685DBA409EF7F95C4FB9373A2DBDEB16FF6E166495FC8AD7>
CRIT   :  [2026-10-01T17:18:02+0000] msg=<POLICY [ReadOnly] --------T->, path=</opt/fsc-test/testbinary>, ctime_old=<[2026-10-01T17:18:00]>, ctime_new=<[2026-10-01T17:18:02]>, 
ALERT  :  [2026-10-01T17:18:02+0000] msg=<EXIT>, program=<Samhain>, status=<exit_success>
=== fenster=50 lauf=12 offset=36 im_fenster=1 aide=0 samhain=1 ===
--- aide ---
Start timestamp: 2026-10-01 17:18:03 +0000 (AIDE 0.19.2)
AIDE found NO differences between database and filesystem. Looks okay!!

Number of entries:	202

---------------------------------------------------
The attributes of the (uncompressed) database(s):
---------------------------------------------------

/var/lib/aide/aide-fsc.db
 SHA256    : 5+QrnMQKuBaVJX6bqMpTucrSt7+fRqG2
             j51uw2o/b6g=
 SHA512    : UZoAAaMf/XTo4YLQDxwRqO84NB5/gXLz
             yQx+FEMJn3zL/IjXVElC+ClznnHE7uH2
             lP88iVLb9n4YUZN7GHEtjA==
 STRIBOG256: TLWi2/jZz0ZYp8GDTMwy2IcG2bQL6516
             g0/1h9lYnIU=
 STRIBOG512: ByW59+gOsTRHLtU8skEb5zul9rl3wD1Z
             P2co0+QqjWEq9YDw939mJ/FZRjGg2+QN
             RLTzeHdsie8FE14WGLII7g==
 SHA512/256: 7CyL47DsaIx6ot4g3PahZhTG13PCZtHj
             XMEW+4tUWoI=
 SHA3-256  : mL1c34RXgoMsp+w+KMmh+1yD6eDoW1EL
             QBcuR6WLKZQ=
 SHA3-512  : DFtKmTVeoxuWOQMzqz5TvTI0JRVqIjOZ
             PFv1vkzRi0Hudj3FmCeRfj55IOXZNiSL
             5FVEZsLeutIBPWpMWvr6NA==


End timestamp: 2026-10-01 17:18:03 +0000 (run time: 0m 0s)
--- samhain ---
ALERT  :  [2026-10-01T17:18:03+0000] msg=<START>, program=<Samhain>, userid=<0>, path=</etc/samhain/samhainrc>, hash=<603D03FD324736250B120AC29FAE55595B27543328D5DFE2>, path=</var/lib/samhain/samhain-fsc.file>, hash=<673A2D47E216AA578B5CD37DC2CE9BA9CDB9E0AAF6405C08>
CRIT   :  [2026-10-01T17:18:03+0000] msg=<POLICY [ReadOnly] --------T->, path=</opt/fsc-test/testbinary>, ctime_old=<[2026-10-01T17:18:02]>, ctime_new=<[2026-10-01T17:18:03]>, 
ALERT  :  [2026-10-01T17:18:03+0000] msg=<EXIT>, program=<Samhain>, status=<exit_success>
=== fenster=50 lauf=13 offset=80 im_fenster=0 aide=0 samhain=1 ===
--- aide ---
Start timestamp: 2026-10-01 17:18:05 +0000 (AIDE 0.19.2)
AIDE found NO differences between database and filesystem. Looks okay!!

Number of entries:	202

---------------------------------------------------
The attributes of the (uncompressed) database(s):
---------------------------------------------------

/var/lib/aide/aide-fsc.db
 SHA256    : 8/ok0dRHbbxPmTosIssBGe9VlE9JYo+W
             JaWf2ghcbJ8=
 SHA512    : wtb7j691pG4GP9Oc9ECSPBabztmv+gYc
             R2c8ltQX45U8FAIkNQmHwhr1f5P1xtB6
             r9REjkefn0Qxq+QS272Img==
 STRIBOG256: a+4c8mYl+zp+bKNqCoBOc4y3Sgtl1vAj
             XKB3i4TwsbQ=
 STRIBOG512: PSnzBist1CPmpiPmJmN2GdXqgsRJNysC
             uVHnFDw8F+Dgf/pQ8Pj8ofH99UJaYM9w
             TVP9ZDC0frxIMl7CvZpJpg==
 SHA512/256: tmsrY3XthECASjDKb1fjXAHw/pS1dBN9
             4S+HpS/TsZw=
 SHA3-256  : YquoITNnlJhJhhzKANSWBewNW3FHtONf
             RJOz4KgywoI=
 SHA3-512  : UPxqUPH2jJtupzna79AcOHxzRXW9Ua/W
             uFDg3yz7SD3busk/EbhhvfkfrcA628mU
             wZFP9OH2wWSgvyCRc7ZTqg==


End timestamp: 2026-10-01 17:18:05 +0000 (run time: 0m 0s)
--- samhain ---
ALERT  :  [2026-10-01T17:18:05+0000] msg=<START>, program=<Samhain>, userid=<0>, path=</etc/samhain/samhainrc>, hash=<603D03FD324736250B120AC29FAE55595B27543328D5DFE2>, path=</var/lib/samhain/samhain-fsc.file>, hash=<8771E9D098A2A8D44383DCA2E0DCF17D0689E4EE1DD830D0>
CRIT   :  [2026-10-01T17:18:05+0000] msg=<POLICY [ReadOnly] --------T->, path=</opt/fsc-test/testbinary>, ctime_old=<[2026-10-01T17:18:03]>, ctime_new=<[2026-10-01T17:18:05]>, 
ALERT  :  [2026-10-01T17:18:05+0000] msg=<EXIT>, program=<Samhain>, status=<exit_success>
=== fenster=50 lauf=14 offset=131 im_fenster=0 aide=0 samhain=1 ===
--- aide ---
Start timestamp: 2026-10-01 17:18:07 +0000 (AIDE 0.19.2)
AIDE found NO differences between database and filesystem. Looks okay!!

Number of entries:	202

---------------------------------------------------
The attributes of the (uncompressed) database(s):
---------------------------------------------------

/var/lib/aide/aide-fsc.db
 SHA256    : PSUEFq2uFnWHRQD4zkmZfHMX86ePSBY9
             mY5N9fdNm20=
 SHA512    : ryxEVyZ/7PNqGvRFpU8JSy2hBuZtEzOd
             TxdPevHexStqtl36mXLUJceYAVr9N/dz
             gHjC1WkpKo596eeJLfEBjA==
 STRIBOG256: NrRvzWwIYRiKN/yzpVJGOQGPRw2ZOFdE
             FijU9ZAtAWo=
 STRIBOG512: 4a0hXB8QhjkFn62rcIa5yCCXh8haQxjb
             eaRZU90gMCuOyvkNzbCjbqirKF/wDtFD
             lVUnmK2HgrUMRixo6K6rUg==
 SHA512/256: R5jZAqIyHlu9v7/zJ3zdOy5eyEYbcVL/
             nfF/b8fzCik=
 SHA3-256  : inRg4QZ5UZztLoLuosUiy9Xkn1Zzsvue
             LHXhhrZd3Lw=
 SHA3-512  : of1R/dti/q4y+8CYncdqderuLMjHsp9p
             XfZE5ImBYhgfJHH3baDILnA9F6ITCM5E
             xVsAFHLWaKshWbbvQ4uG5Q==


End timestamp: 2026-10-01 17:18:07 +0000 (run time: 0m 0s)
--- samhain ---
ALERT  :  [2026-10-01T17:18:07+0000] msg=<START>, program=<Samhain>, userid=<0>, path=</etc/samhain/samhainrc>, hash=<603D03FD324736250B120AC29FAE55595B27543328D5DFE2>, path=</var/lib/samhain/samhain-fsc.file>, hash=<9E89F5C8B7DF6F6C5C290ACE1EF137686795247ADAD87B5B>
CRIT   :  [2026-10-01T17:18:07+0000] msg=<POLICY [ReadOnly] --------T->, path=</opt/fsc-test/testbinary>, ctime_old=<[2026-10-01T17:18:05]>, ctime_new=<[2026-10-01T17:18:07]>, 
ALERT  :  [2026-10-01T17:18:07+0000] msg=<EXIT>, program=<Samhain>, status=<exit_success>
=== fenster=50 lauf=15 offset=335 im_fenster=0 aide=0 samhain=1 ===
--- aide ---
Start timestamp: 2026-10-01 17:18:09 +0000 (AIDE 0.19.2)
AIDE found NO differences between database and filesystem. Looks okay!!

Number of entries:	202

---------------------------------------------------
The attributes of the (uncompressed) database(s):
---------------------------------------------------

/var/lib/aide/aide-fsc.db
 SHA256    : WVK/No8tPecW2oo4G+pclzqAgqOp+x1P
             uJ77NHJ3CCU=
 SHA512    : UfioSjT/MIx/exM2hN615fj7Ok4V+8Ho
             7RStpoKggF0EKTPDjEloa8s9Mb9TPeTv
             P9i9fSBlvwoakBqBM8f7+A==
 STRIBOG256: osBpfq6UjUkCPAHP/1MOetiBeJW8G9b1
             qmeyTjJcb/c=
 STRIBOG512: 2KM6SSETMlsdrpOJ/r88jCmM29YucUtd
             /1QbsNEZjG96kbgPMB8Wri4+F2eHUSPn
             YZuN4iM2p2t/e3dwFSR0Xw==
 SHA512/256: AUmy0ETJHaHouzZtZ9MAZ/zOu6q3Ttwr
             vjMZNULpF14=
 SHA3-256  : 8xn0mDA2XATJrik2iUzu7A1IAGytDK2p
             G2//RQyl6fo=
 SHA3-512  : V3bT3hinJmjSB2yuyEMi17afRkte15UB
             5Y1VkRLV2Ial4Q5MvrfYp6eF8t3ZSQ2D
             VEBCCRACEO5tfMs8FGe5KQ==


End timestamp: 2026-10-01 17:18:09 +0000 (run time: 0m 0s)
--- samhain ---
ALERT  :  [2026-10-01T17:18:09+0000] msg=<START>, program=<Samhain>, userid=<0>, path=</etc/samhain/samhainrc>, hash=<603D03FD324736250B120AC29FAE55595B27543328D5DFE2>, path=</var/lib/samhain/samhain-fsc.file>, hash=<C29D2697FC1E6C43590CE7341F90CA207E3FD743BF4DDB6F>
CRIT   :  [2026-10-01T17:18:09+0000] msg=<POLICY [ReadOnly] --------T->, path=</opt/fsc-test/testbinary>, ctime_old=<[2026-10-01T17:18:07]>, ctime_new=<[2026-10-01T17:18:08]>, 
ALERT  :  [2026-10-01T17:18:09+0000] msg=<EXIT>, program=<Samhain>, status=<exit_success>
=== fenster=50 lauf=16 offset=197 im_fenster=0 aide=0 samhain=1 ===
--- aide ---
Start timestamp: 2026-10-01 17:18:10 +0000 (AIDE 0.19.2)
AIDE found NO differences between database and filesystem. Looks okay!!

Number of entries:	202

---------------------------------------------------
The attributes of the (uncompressed) database(s):
---------------------------------------------------

/var/lib/aide/aide-fsc.db
 SHA256    : rz01gmXtJIcMI6nTjczU7TtcqjqxojED
             15h4NPFxRQs=
 SHA512    : 90G4yerdDlcUMobR0Tlph1QL2orZDqSn
             MzQJXUO4qfowdbyzOkYSAM8aA3RRgp65
             gWP0m5W2gsL2nnhSjYUcjw==
 STRIBOG256: 80qzecs7vJpWX/H8N4d3ohIkwQmPK0qs
             ltzGS1Lfec8=
 STRIBOG512: 2ZcIfGnYfDPZMRM9Qr/scjPZEMmYk0K0
             dlzK+/F9YbBjpCMA2ovsZiV2P//vupyy
             6zAolZs2xQBzseTH+IuXHA==
 SHA512/256: Ut+p4X6vBAlnUxOpZU9yyYRhcMhY3/pB
             3NdO6TJ6CyA=
 SHA3-256  : C7NOO3CoI3WI0Mvl32U/g6F90O88wLGp
             kNrSydDtF4s=
 SHA3-512  : yZghneHtDp1WKpYEgtvuNJGhpFvopBb5
             Pjpz4ZJHVLdWpgSXjuyxas3oAfpDF4f4
             r3agnwECIrlk600X7sMuQg==


End timestamp: 2026-10-01 17:18:10 +0000 (run time: 0m 0s)
--- samhain ---
ALERT  :  [2026-10-01T17:18:10+0000] msg=<START>, program=<Samhain>, userid=<0>, path=</etc/samhain/samhainrc>, hash=<603D03FD324736250B120AC29FAE55595B27543328D5DFE2>, path=</var/lib/samhain/samhain-fsc.file>, hash=<10067D409069DDD0FF48D6A47830CA6B212EA2C89956F20A>
CRIT   :  [2026-10-01T17:18:10+0000] msg=<POLICY [ReadOnly] --------T->, path=</opt/fsc-test/testbinary>, ctime_old=<[2026-10-01T17:18:08]>, ctime_new=<[2026-10-01T17:18:10]>, 
ALERT  :  [2026-10-01T17:18:10+0000] msg=<EXIT>, program=<Samhain>, status=<exit_success>
=== fenster=50 lauf=17 offset=194 im_fenster=0 aide=0 samhain=1 ===
--- aide ---
Start timestamp: 2026-10-01 17:18:12 +0000 (AIDE 0.19.2)
AIDE found NO differences between database and filesystem. Looks okay!!

Number of entries:	202

---------------------------------------------------
The attributes of the (uncompressed) database(s):
---------------------------------------------------

/var/lib/aide/aide-fsc.db
 SHA256    : 2BraALSybAZgvTLBLY6K3OPq0b+OBoky
             QFeE7MoZIUA=
 SHA512    : qIKxX29gIt5+OHwiQvdSXY7gt0rah2Hq
             EaZFkDzAF887s4IMIBhw68PXpuyIo7Qi
             qCXDP3AgcQUYjepqAxr3tw==
 STRIBOG256: C4QAqlXtWZEMUMmqa1Fvgnl/DWED1Dxl
             PqZWj6oRSAA=
 STRIBOG512: Kx7qeuLyHgXzkZBEABCWSNtvWMI51QJa
             In3mZ6NTMqn8nHQqP1W/lsz5ktheoei7
             csK1XgekBRPgXD2CsSiPjA==
 SHA512/256: N91+UKAnHwPfFZmpXK7CaXwS8hTfyPZE
             4KXBEnHerjI=
 SHA3-256  : Ouv8TKl84uXmK40X42r3l+LXHLWlUt5Z
             0KC98RdSq58=
 SHA3-512  : T6NRVqM9Wy56vPaVHe4aERNDiS8zCFkB
             DagL4KXYI52JnUj2v1rgXpzbrrWk2c5P
             4evefNUW+RBNtMio6kjtPw==


End timestamp: 2026-10-01 17:18:12 +0000 (run time: 0m 0s)
--- samhain ---
ALERT  :  [2026-10-01T17:18:12+0000] msg=<START>, program=<Samhain>, userid=<0>, path=</etc/samhain/samhainrc>, hash=<603D03FD324736250B120AC29FAE55595B27543328D5DFE2>, path=</var/lib/samhain/samhain-fsc.file>, hash=<7EAD4A5E2E6B2061FFCB6CEAA9E34C52293C08C22657BFCB>
CRIT   :  [2026-10-01T17:18:12+0000] msg=<POLICY [ReadOnly] --------T->, path=</opt/fsc-test/testbinary>, ctime_old=<[2026-10-01T17:18:10]>, ctime_new=<[2026-10-01T17:18:12]>, 
ALERT  :  [2026-10-01T17:18:12+0000] msg=<EXIT>, program=<Samhain>, status=<exit_success>
=== fenster=50 lauf=18 offset=76 im_fenster=0 aide=0 samhain=1 ===
--- aide ---
Start timestamp: 2026-10-01 17:18:14 +0000 (AIDE 0.19.2)
AIDE found NO differences between database and filesystem. Looks okay!!

Number of entries:	202

---------------------------------------------------
The attributes of the (uncompressed) database(s):
---------------------------------------------------

/var/lib/aide/aide-fsc.db
 SHA256    : pBgIox8Ng8LTbUeKjUqI+UUBMz4CUYlH
             xedJZo6AV4I=
 SHA512    : 4G+zr/7Io/uqIqcKupAxfOCClurikLF5
             j7/D3i/qD7VSdh87hxvE0cuTxCNdmIIq
             HOEnOaR6iTvN69+8F0kSzQ==
 STRIBOG256: 7APmpuGBvHOR0oqoZw7yay30IZYZQmX+
             WA9bTgzCzRU=
 STRIBOG512: SHsaK1CUDECgVlP0nKipbda1zg3H/BSs
             CV0sqKl7UYahmidB3JNNHfiPx2iibT8u
             O9LiMy5qYW4N0beCoEYjwQ==
 SHA512/256: we7rKLk8YEfbcWrN+FAPSl3eu/HNRoKT
             +dpkPFw7Ts8=
 SHA3-256  : vN3zI0Tl/i5mrnS+4aEJ+/dgAYhbzd+o
             3sC+KbT9DS0=
 SHA3-512  : yi7ec86/a/sG4oUTmnTElotIK7le0eNr
             YBnURSLbuIXRSpnbPBZR31wiBPVwQTHC
             dfzZi8OL6AtmFOJK0rpKgg==


End timestamp: 2026-10-01 17:18:14 +0000 (run time: 0m 0s)
--- samhain ---
ALERT  :  [2026-10-01T17:18:14+0000] msg=<START>, program=<Samhain>, userid=<0>, path=</etc/samhain/samhainrc>, hash=<603D03FD324736250B120AC29FAE55595B27543328D5DFE2>, path=</var/lib/samhain/samhain-fsc.file>, hash=<A78A474C77F8FB060BBC43D3195D3419D850CF0AA15442C0>
CRIT   :  [2026-10-01T17:18:14+0000] msg=<POLICY [ReadOnly] --------T->, path=</opt/fsc-test/testbinary>, ctime_old=<[2026-10-01T17:18:12]>, ctime_new=<[2026-10-01T17:18:14]>, 
ALERT  :  [2026-10-01T17:18:14+0000] msg=<EXIT>, program=<Samhain>, status=<exit_success>
=== fenster=50 lauf=19 offset=463 im_fenster=0 aide=0 samhain=1 ===
--- aide ---
Start timestamp: 2026-10-01 17:18:16 +0000 (AIDE 0.19.2)
AIDE found NO differences between database and filesystem. Looks okay!!

Number of entries:	202

---------------------------------------------------
The attributes of the (uncompressed) database(s):
---------------------------------------------------

/var/lib/aide/aide-fsc.db
 SHA256    : YQXpzXA3zbTRjzYujbgl/SIo1qvmVltw
             lY6Qh+4IWWk=
 SHA512    : SeClE9JJVvzG7p98OoUL0Gy67AmrEQfb
             6r6NN1jCBBrZK9Zct9Uft/SiQJQIzKyH
             wNf8YUV5VYFWyI0qclsOJQ==
 STRIBOG256: xGKwm6SNP0xlFAUNGFutS/zUpAw9M6wT
             KWmtD1tYILc=
 STRIBOG512: f5yird8dYvxO1YTsQ/PQwjDsoK6VNQpa
             0CMvzzqm66RonmKV+YdoYehkjvt82je6
             OuOqZX/wyz48UermTOa5eQ==
 SHA512/256: RYKpaqUrJRO/XZMhJ//TskfqZleKG77u
             Tf91DhbOWos=
 SHA3-256  : 3yiIztrMhc58uUCLaJqk8+MXRjg6f/d4
             +VFi4tfjTRw=
 SHA3-512  : 14K2PGvvfH87QQ9u35Ilaz0a4KnT4Oiy
             YmusFC9bzrtrBSzoS9EBMkirmOTOlg4w
             QuX4B+QUJ7ioNmCid+hUtA==


End timestamp: 2026-10-01 17:18:16 +0000 (run time: 0m 0s)
--- samhain ---
ALERT  :  [2026-10-01T17:18:16+0000] msg=<START>, program=<Samhain>, userid=<0>, path=</etc/samhain/samhainrc>, hash=<603D03FD324736250B120AC29FAE55595B27543328D5DFE2>, path=</var/lib/samhain/samhain-fsc.file>, hash=<19996D129CE5C03D47A20973249529E0239AB9CFE40C92B3>
CRIT   :  [2026-10-01T17:18:16+0000] msg=<POLICY [ReadOnly] --------T->, path=</opt/fsc-test/testbinary>, ctime_old=<[2026-10-01T17:18:14]>, ctime_new=<[2026-10-01T17:18:15]>, 
ALERT  :  [2026-10-01T17:18:16+0000] msg=<EXIT>, program=<Samhain>, status=<exit_success>
=== fenster=50 lauf=20 offset=202 im_fenster=0 aide=0 samhain=1 ===
--- aide ---
Start timestamp: 2026-10-01 17:18:17 +0000 (AIDE 0.19.2)
AIDE found NO differences between database and filesystem. Looks okay!!

Number of entries:	202

---------------------------------------------------
The attributes of the (uncompressed) database(s):
---------------------------------------------------

/var/lib/aide/aide-fsc.db
 SHA256    : JrvbUhmYN5BVtjOw1WFl97WafaFzthc7
             LgYC+qNV1ok=
 SHA512    : lD2n9NcaPsgr2oWS3I9lMa75ZGK7Jn17
             z6nvPPzAD8FgXhu2ArKzDpCNthakLg04
             z3u9wF77+yzB/YBkrKc3oA==
 STRIBOG256: F0u3VWjL9kETP60NCcmNLzOylTbjcTmD
             h3rByaEI6z4=
 STRIBOG512: mlta2SeOz7JgJfSsV/DCblNvDWrWfVwC
             YuT1QLqz/yDIo+CsI+yNaSjsMAy0mkT/
             YpJdMi+TdYYwLicC8sa8+Q==
 SHA512/256: cHIUSuM2SyicqcSlIMIHtWx99KQccIux
             yvNVBhyVDFY=
 SHA3-256  : 1SUiL74HzWNE5KPtZfYUPnD2VfrrO/5E
             UASU7TmDj9s=
 SHA3-512  : 8JZ4UXp46tksI9bW/hR+8QKPDb6TxcpE
             ISbLXJlEWMOVJZW6sqjxfoltcTFVt/1X
             04fxCFEGIum5x8OJYd/iZA==


End timestamp: 2026-10-01 17:18:17 +0000 (run time: 0m 0s)
--- samhain ---
ALERT  :  [2026-10-01T17:18:18+0000] msg=<START>, program=<Samhain>, userid=<0>, path=</etc/samhain/samhainrc>, hash=<603D03FD324736250B120AC29FAE55595B27543328D5DFE2>, path=</var/lib/samhain/samhain-fsc.file>, hash=<B70737A241E43253D9CAA91EDB3F7284E6F2406DD1D88334>
CRIT   :  [2026-10-01T17:18:18+0000] msg=<POLICY [ReadOnly] --------T->, path=</opt/fsc-test/testbinary>, ctime_old=<[2026-10-01T17:18:15]>, ctime_new=<[2026-10-01T17:18:17]>, 
ALERT  :  [2026-10-01T17:18:18+0000] msg=<EXIT>, program=<Samhain>, status=<exit_success>
=== fenster=100 lauf=1 offset=135 im_fenster=0 aide=0 samhain=1 ===
--- aide ---
Start timestamp: 2026-10-01 17:18:19 +0000 (AIDE 0.19.2)
AIDE found NO differences between database and filesystem. Looks okay!!

Number of entries:	202

---------------------------------------------------
The attributes of the (uncompressed) database(s):
---------------------------------------------------

/var/lib/aide/aide-fsc.db
 SHA256    : j84ukY2wO1aS/CW4FQiGTQUIB8JFxk2Z
             FLCduKgMziI=
 SHA512    : oNlGPJA1QMKV+4Cm6DnOvZMMPAhH9Wph
             Su0+gnBUdpyUGZEHWkIVscFUFU0LJrpN
             8+RkIouIA7IJQ5ECVUfp/w==
 STRIBOG256: ropIJEhAH+qNKMZx1BElZQ0f+u+wZKw5
             kLWPC+8J+0g=
 STRIBOG512: M1Mze3X1gnXGADVWhVvzk1yQbU9TOpi+
             eNCd2LcbOXHfaZCsInc8sISXSnatl8LR
             j22qHyF2fI/44rtiI0bk1A==
 SHA512/256: gIZkF3fLgr+qC4qghBnzztXauXDjOrUh
             a+pbUt4Pxt0=
 SHA3-256  : AY5kJwg7UhxDt2qtsETyo08gNqHawdZo
             3hIddT4/G9c=
 SHA3-512  : 9sQuxas0NtZULDONpJsikOk2CkgUcnv9
             ibq5TtM2o9qVe+Fk3GqDP0VIw/7McWCO
             TYO3Rdbl7/hjMsIqOwV4kA==


End timestamp: 2026-10-01 17:18:19 +0000 (run time: 0m 0s)
--- samhain ---
ALERT  :  [2026-10-01T17:18:19+0000] msg=<START>, program=<Samhain>, userid=<0>, path=</etc/samhain/samhainrc>, hash=<603D03FD324736250B120AC29FAE55595B27543328D5DFE2>, path=</var/lib/samhain/samhain-fsc.file>, hash=<D4DD2379AF14DFD68068551AFCD8BBD966382F9FEADD36FA>
CRIT   :  [2026-10-01T17:18:19+0000] msg=<POLICY [ReadOnly] --------T->, path=</opt/fsc-test/testbinary>, ctime_old=<[2026-10-01T17:18:17]>, ctime_new=<[2026-10-01T17:18:19]>, 
ALERT  :  [2026-10-01T17:18:19+0000] msg=<EXIT>, program=<Samhain>, status=<exit_success>
=== fenster=100 lauf=2 offset=310 im_fenster=0 aide=0 samhain=1 ===
--- aide ---
Start timestamp: 2026-10-01 17:18:21 +0000 (AIDE 0.19.2)
AIDE found NO differences between database and filesystem. Looks okay!!

Number of entries:	202

---------------------------------------------------
The attributes of the (uncompressed) database(s):
---------------------------------------------------

/var/lib/aide/aide-fsc.db
 SHA256    : hKNdfyNdfKfXujQP0ytX2x4XVQqMuC3V
             56nV12a5CYY=
 SHA512    : vOQ0vJ51+9qFjBhglw2uRWWrEvBBmiyO
             NZhs4G9j0tA6hgvpyZipbQWsYhfMy2zh
             t+xlxGszgYwefQZ5OCcnHQ==
 STRIBOG256: ytmNYbOVv2u3ELC+hRZKLJ5YF/HN6cMc
             93WZll3KMH0=
 STRIBOG512: iUmYph/82abAfrUzQjEZ3/AsH5lw763m
             LYb0/zGko6JNHGSmS+oPQFEmBQRccuLx
             1gZy94wxXRk992XHUnMCHg==
 SHA512/256: OpM16D1BXWi0Q+oBG4XAgOMT6QghCfei
             xO/b1tKjmV4=
 SHA3-256  : Dgmh0V/PSnKqrWIVQnHivE24U9JdJ9Vn
             3U7gGAjfeaU=
 SHA3-512  : 17wq5IFgakGt0JR8zj5yhAtJJLn87FB/
             ZGkBbI+zv6B4AzdTWY/px0QCakNoo/Ao
             MG3X2wmsDHe6ZDVu/8Bgcw==


End timestamp: 2026-10-01 17:18:21 +0000 (run time: 0m 0s)
--- samhain ---
ALERT  :  [2026-10-01T17:18:21+0000] msg=<START>, program=<Samhain>, userid=<0>, path=</etc/samhain/samhainrc>, hash=<603D03FD324736250B120AC29FAE55595B27543328D5DFE2>, path=</var/lib/samhain/samhain-fsc.file>, hash=<C53BFFF7391AC7C572779BCED52DC6A8ECCC08DF6336292A>
CRIT   :  [2026-10-01T17:18:21+0000] msg=<POLICY [ReadOnly] --------T->, path=</opt/fsc-test/testbinary>, ctime_old=<[2026-10-01T17:18:19]>, ctime_new=<[2026-10-01T17:18:21]>, 
ALERT  :  [2026-10-01T17:18:21+0000] msg=<EXIT>, program=<Samhain>, status=<exit_success>
=== fenster=100 lauf=3 offset=464 im_fenster=0 aide=0 samhain=1 ===
--- aide ---
Start timestamp: 2026-10-01 17:18:23 +0000 (AIDE 0.19.2)
AIDE found NO differences between database and filesystem. Looks okay!!

Number of entries:	202

---------------------------------------------------
The attributes of the (uncompressed) database(s):
---------------------------------------------------

/var/lib/aide/aide-fsc.db
 SHA256    : ao6IzjOm2U1/+qMCrz/tCnztkovmpVgq
             g880Wh5TjaE=
 SHA512    : fF1HRO5IeakW5N+tC+T8eKJPnrHDq3eC
             X73mskPTG0fiFpl03BUAlG4HyZhgKS+P
             HBZQDdYra1USbXkAaxpZKA==
 STRIBOG256: XDF/XfdT25tt1ZYjMrRAIeA3htNCjUMX
             TTf2vrt4t1E=
 STRIBOG512: xJ/GQOFRuFaL1OCIcqh4xkrU6kMU3qZY
             hu53sYNH39oYTn8YZYFhzr1k0/RaTYEC
             9ZceVlAXDqggxeECo/TPpQ==
 SHA512/256: Cyp5oHmTqGIo1wlwYIOJtqtxoJCgoUdY
             5IiiNIAFS1o=
 SHA3-256  : D2nlAI7OAdJHkBZ8wnJAOdgA1eR0xlLP
             nxeiqj9HGHc=
 SHA3-512  : 0+4wLxkbvj/v4vfuuwzJOSXjBDUYQiUM
             wieHLlliuCi73ItJzzkktAPT7lPA+cDh
             SuXWDTwbtft3YvnQoZ2+NQ==


End timestamp: 2026-10-01 17:18:23 +0000 (run time: 0m 0s)
--- samhain ---
ALERT  :  [2026-10-01T17:18:23+0000] msg=<START>, program=<Samhain>, userid=<0>, path=</etc/samhain/samhainrc>, hash=<603D03FD324736250B120AC29FAE55595B27543328D5DFE2>, path=</var/lib/samhain/samhain-fsc.file>, hash=<9B45850DA09A97E908FD84D71946CCC524781A1A7A2AE773>
CRIT   :  [2026-10-01T17:18:23+0000] msg=<POLICY [ReadOnly] --------T->, path=</opt/fsc-test/testbinary>, ctime_old=<[2026-10-01T17:18:21]>, ctime_new=<[2026-10-01T17:18:23]>, 
ALERT  :  [2026-10-01T17:18:23+0000] msg=<EXIT>, program=<Samhain>, status=<exit_success>
=== fenster=100 lauf=4 offset=114 im_fenster=0 aide=0 samhain=1 ===
--- aide ---
Start timestamp: 2026-10-01 17:18:25 +0000 (AIDE 0.19.2)
AIDE found NO differences between database and filesystem. Looks okay!!

Number of entries:	202

---------------------------------------------------
The attributes of the (uncompressed) database(s):
---------------------------------------------------

/var/lib/aide/aide-fsc.db
 SHA256    : qW95UyHbIcg2y5xQ4HELH1O5RB3tJgKh
             WVGFhNDr0F8=
 SHA512    : qRk4FG+aOE2x9rBWKEggFByFoNmwFmLB
             EZrRNwWFdTD7OO8OvzB5N5lLVauKbwaj
             2TTHK5a97M/CdB9SJbf/HA==
 STRIBOG256: G84c4BtX6s2i6eaRHVpaC/Y4kxEJyX9M
             iSYSz5m+/cQ=
 STRIBOG512: VXA9UZ961YU3RgNVp5zrLq4RlaXn/BV0
             v59j7J9sjhgeiCTp7Xr0yERAvdbDA0Wn
             Ja/rf4/orzgCevYhHGeVVw==
 SHA512/256: Cy0J8VK3MtTVh/AIGE0NvmALiksLVCXi
             IAYktDZuym0=
 SHA3-256  : ve2Z9nnODyHi69mLwfrgtnNhjH9LUOaW
             GqqnDQ579Do=
 SHA3-512  : 3c5LEp2UEQcAMPvtDDBCpHYhvme5ZEuy
             us0cUaRwY4/BPls+UG9HboR4kG5dMAfX
             2LlKMKRXwgE7IJmich6SFQ==


End timestamp: 2026-10-01 17:18:25 +0000 (run time: 0m 0s)
--- samhain ---
ALERT  :  [2026-10-01T17:18:25+0000] msg=<START>, program=<Samhain>, userid=<0>, path=</etc/samhain/samhainrc>, hash=<603D03FD324736250B120AC29FAE55595B27543328D5DFE2>, path=</var/lib/samhain/samhain-fsc.file>, hash=<5FD6AA81F90C7C01F9244BA5BD890802C3CA8365350C3797>
CRIT   :  [2026-10-01T17:18:25+0000] msg=<POLICY [ReadOnly] --------T->, path=</opt/fsc-test/testbinary>, ctime_old=<[2026-10-01T17:18:23]>, ctime_new=<[2026-10-01T17:18:25]>, 
ALERT  :  [2026-10-01T17:18:25+0000] msg=<EXIT>, program=<Samhain>, status=<exit_success>
=== fenster=100 lauf=5 offset=10 im_fenster=1 aide=1 samhain=1 ===
--- aide ---
Start timestamp: 2026-10-01 17:18:26 +0000 (AIDE 0.19.2)
AIDE found differences between database and filesystem!!

Summary:
  Total number of entries:	202
  Added entries:		0
  Removed entries:		0
  Changed entries:		1

---------------------------------------------------
Changed entries:
---------------------------------------------------

f = p..   ...      : /opt/fsc-test/testbinary

---------------------------------------------------
Detailed information about changes:
---------------------------------------------------

File: /opt/fsc-test/testbinary
 Perm      : -rwxr-xr-x                       | -rwsr-xr-x


---------------------------------------------------
The attributes of the (uncompressed) database(s):
---------------------------------------------------

/var/lib/aide/aide-fsc.db
 SHA256    : LIXK5zIHRsB+uRrk4tlDn0hoHy0X23ps
             DhTWpLsK8gI=
 SHA512    : QeGiIqIxjUqkjhjIyApDrHdRqYZLXFc2
             eenonSWdMvods7iP7wPwZA1msQHzNsZF
             al3LkSSCtWcDGQ7FMUMqfw==
 STRIBOG256: Vo9jJKD2iG+Yp/cXFnQbHMmk59HLXACO
             yMw8wbs5xm0=
 STRIBOG512: wqFeYRhhXudI3uUo5LEM+XlQPsmQ4Tt8
             Qt6/+sLnMlZXC1u0eh9RKb/beYJZSn8W
             RmQUbc817h4cgh7EibII6A==
 SHA512/256: m7HKexn9rRnh2Y3EFMwLBdth/T3KlrXp
             PU5OzZNyxFM=
 SHA3-256  : 36S7linsxu0cHDdE5XXVjgHowIeaXV/r
             7PgaOy+t8UY=
 SHA3-512  : Xfd6HkoJ75GOgNW+r00dVmmuazXpoqdF
             P1LCQN7AooF9FHHhxzMCY6yGh+K1Mr7w
             r+idkrO9vAl1VlK7qZS35A==


End timestamp: 2026-10-01 17:18:26 +0000 (run time: 0m 0s)
--- samhain ---
ALERT  :  [2026-10-01T17:18:26+0000] msg=<START>, program=<Samhain>, userid=<0>, path=</etc/samhain/samhainrc>, hash=<603D03FD324736250B120AC29FAE55595B27543328D5DFE2>, path=</var/lib/samhain/samhain-fsc.file>, hash=<CFC16FE9C1961148E100C66637A638404D93F682441A4898>
CRIT   :  [2026-10-01T17:18:26+0000] msg=<POLICY [ReadOnly] --------T->, path=</opt/fsc-test/testbinary>, ctime_old=<[2026-10-01T17:18:25]>, ctime_new=<[2026-10-01T17:18:26]>, 
ALERT  :  [2026-10-01T17:18:26+0000] msg=<EXIT>, program=<Samhain>, status=<exit_success>
=== fenster=100 lauf=6 offset=319 im_fenster=0 aide=0 samhain=1 ===
--- aide ---
Start timestamp: 2026-10-01 17:18:28 +0000 (AIDE 0.19.2)
AIDE found NO differences between database and filesystem. Looks okay!!

Number of entries:	202

---------------------------------------------------
The attributes of the (uncompressed) database(s):
---------------------------------------------------

/var/lib/aide/aide-fsc.db
 SHA256    : yU5Tla0ni3u9WvJTQ3SvIe27zWXGWux3
             s4hdUUj8fLM=
 SHA512    : TXT6khxh/bsQNaWlWG3Oy0sNJ/nbTVOJ
             m+9P4LOnCee37SjXt+7qILZQNK3iIAeu
             EpLUtA37LUkH37B/FFlxrA==
 STRIBOG256: KEGPhBuZ0BAoL3bC0cJJot/2Wname5KZ
             e6czGY3dCOA=
 STRIBOG512: RBtiAuxiMu5rOc6FczkG/WqgJneYB54h
             9c7CwBY9SkPpWRZ3oHKMSVmiTtkjbKpj
             n8h7U/4u31KspXsCtVPvxg==
 SHA512/256: lnWSg8bxPXPu/eIrR0QkZ/QQ8jPRkNdN
             u7X95Yi6b04=
 SHA3-256  : mahwJD2GtqaAcwZr/HikaPBAtO+QNVKx
             crcgJht3loI=
 SHA3-512  : NvH5Nesiz3aJvTw3HeuwQ5XeLFHlCziQ
             d5jonDfSp6bf5NW3Kl7QQnm2FdcHMdpR
             taiO1Y9jHDqmD9dtNopijg==


End timestamp: 2026-10-01 17:18:28 +0000 (run time: 0m 0s)
--- samhain ---
ALERT  :  [2026-10-01T17:18:28+0000] msg=<START>, program=<Samhain>, userid=<0>, path=</etc/samhain/samhainrc>, hash=<603D03FD324736250B120AC29FAE55595B27543328D5DFE2>, path=</var/lib/samhain/samhain-fsc.file>, hash=<AF7662D43277469C908155704FFFCAD1B639A02C806E7872>
CRIT   :  [2026-10-01T17:18:28+0000] msg=<POLICY [ReadOnly] --------T->, path=</opt/fsc-test/testbinary>, ctime_old=<[2026-10-01T17:18:26]>, ctime_new=<[2026-10-01T17:18:28]>, 
ALERT  :  [2026-10-01T17:18:28+0000] msg=<EXIT>, program=<Samhain>, status=<exit_success>
=== fenster=100 lauf=7 offset=166 im_fenster=0 aide=0 samhain=1 ===
--- aide ---
Start timestamp: 2026-10-01 17:18:30 +0000 (AIDE 0.19.2)
AIDE found NO differences between database and filesystem. Looks okay!!

Number of entries:	202

---------------------------------------------------
The attributes of the (uncompressed) database(s):
---------------------------------------------------

/var/lib/aide/aide-fsc.db
 SHA256    : jqm9o8aqAHwb7+2C2rr6Wu0ZWTtO4ni3
             Jn0s3aTj+zc=
 SHA512    : +jTtoPqX+jy+vkuCjntc13jjNbcVY0+7
             asNj6aMcgWH7gs0u5bf2HNkshU1vFhkd
             f+9ADRB4rbgZFspK/v88Ig==
 STRIBOG256: uql2QSuEMXojX73V+zzyMMni62EgS2+U
             GI/rhHT5DxY=
 STRIBOG512: K6Nz44K4fxWmmvsdM+wVeM6y5jWapt5Y
             IDj2mh5Ih8w/HVEYe7nclKFc4t65NPhi
             SG7tPUVOHAIlLgJiEQhrww==
 SHA512/256: GtYRmH0vD3Fwepbre3G3lUoOXAbd3jA8
             38eQh1ZjOnU=
 SHA3-256  : 4d38D310dWAjL5QqmASUP9759lh1RVmt
             XIu+MX6ay78=
 SHA3-512  : /jzAyNksp6Ptc0NDSiO4Ddof/vtgYCtv
             aQBVtxu3xNZxmSN0Ug8VPHFuPqdoa/0f
             9IOiNB+FChNPBOPuIgVJBQ==


End timestamp: 2026-10-01 17:18:30 +0000 (run time: 0m 0s)
--- samhain ---
ALERT  :  [2026-10-01T17:18:30+0000] msg=<START>, program=<Samhain>, userid=<0>, path=</etc/samhain/samhainrc>, hash=<603D03FD324736250B120AC29FAE55595B27543328D5DFE2>, path=</var/lib/samhain/samhain-fsc.file>, hash=<36C80035067C104F0B7AE41B5062BA3A47751DA8BFCEF297>
CRIT   :  [2026-10-01T17:18:30+0000] msg=<POLICY [ReadOnly] --------T->, path=</opt/fsc-test/testbinary>, ctime_old=<[2026-10-01T17:18:28]>, ctime_new=<[2026-10-01T17:18:30]>, 
ALERT  :  [2026-10-01T17:18:30+0000] msg=<EXIT>, program=<Samhain>, status=<exit_success>
=== fenster=100 lauf=8 offset=225 im_fenster=0 aide=0 samhain=1 ===
--- aide ---
Start timestamp: 2026-10-01 17:18:32 +0000 (AIDE 0.19.2)
AIDE found NO differences between database and filesystem. Looks okay!!

Number of entries:	202

---------------------------------------------------
The attributes of the (uncompressed) database(s):
---------------------------------------------------

/var/lib/aide/aide-fsc.db
 SHA256    : cgtlMA9jwMgaK4XckcOVlFpvJ2msiQpy
             mojFKd0yhhQ=
 SHA512    : +Lj5i5NuNHkmv1AYyUQmC6BoSQwX+oT1
             SwyoE6iJh4AU2xVzjnjjDAbmrtuRaxQ3
             u6dIdQJSgjT7gY3U1tKo6g==
 STRIBOG256: bId/JYiGjKymblDAnbU6aT1s7qG3C4La
             Jy6WF5830C8=
 STRIBOG512: Exd7EVWuuF7pJ9b/cZegBdGa/5p5VD5p
             z2YKS7BMOaS1gGwgOJWJ6fJgAJSmKI0Y
             38AE4o9PgCDEWk3QwcZ1WA==
 SHA512/256: issoqEiLB7zMy4g9ImkPLioAhyFF2Kgm
             AT4yYNB8E9M=
 SHA3-256  : EW6x+mBg4J8ESo0cGUKgwpJnOydjihn0
             QFRGItaV3Rs=
 SHA3-512  : P76wefQQYczTFoxN/8GjoEiDME9BM7No
             v1C6OFBNTjZQnY7Hffl/ShbGTF+V93ma
             E7Bl9HbzTDIjZwgZz0JXvA==


End timestamp: 2026-10-01 17:18:32 +0000 (run time: 0m 0s)
--- samhain ---
ALERT  :  [2026-10-01T17:18:32+0000] msg=<START>, program=<Samhain>, userid=<0>, path=</etc/samhain/samhainrc>, hash=<603D03FD324736250B120AC29FAE55595B27543328D5DFE2>, path=</var/lib/samhain/samhain-fsc.file>, hash=<58317EEFFC229FE6F00B321D75DF6BD3C138EDB9B0239A36>
CRIT   :  [2026-10-01T17:18:32+0000] msg=<POLICY [ReadOnly] --------T->, path=</opt/fsc-test/testbinary>, ctime_old=<[2026-10-01T17:18:30]>, ctime_new=<[2026-10-01T17:18:32]>, 
ALERT  :  [2026-10-01T17:18:32+0000] msg=<EXIT>, program=<Samhain>, status=<exit_success>
=== fenster=100 lauf=9 offset=155 im_fenster=0 aide=0 samhain=1 ===
--- aide ---
Start timestamp: 2026-10-01 17:18:33 +0000 (AIDE 0.19.2)
AIDE found NO differences between database and filesystem. Looks okay!!

Number of entries:	202

---------------------------------------------------
The attributes of the (uncompressed) database(s):
---------------------------------------------------

/var/lib/aide/aide-fsc.db
 SHA256    : 7oRB5UZJgU1h1RTpw9RPbNeFOi4Tvn9C
             O4T1GF9SX/A=
 SHA512    : 8EDNVpKdBWsyWEilOb/Vtp+1rlGIN4E9
             LTwXS8UWv5gsTVZnC25T0FpSsTz1+Q2Y
             v4yW06srcpdZ1Q+/mkeBsw==
 STRIBOG256: QaB8vp9f+y4HCuRM3e7q+29r949p4osj
             vhv8sGBiTCw=
 STRIBOG512: 08QPK/D4TB0xhlpchrrNeEOEzzDwHbZP
             YqPU+TZSHp0HP496glbKPXBZwzyt5xXO
             cEdoaxoghch+20FJP1WPdw==
 SHA512/256: kUfBqwgKT5t1Vc/8ELx3Dj7qupSOQCkE
             VOzmTGlD68I=
 SHA3-256  : RDa+mhORJXfAtnKw5aechr8NtV6j1nab
             QVaF8Cwhj5A=
 SHA3-512  : ILDqCAbDg3XfNLiAV1wrZrqwUrz8gUJn
             PrIgMDmSRGNAlVMKMOC+5A6/bPEW9JvO
             wHGLlrAqpOtYKNsePAlssQ==


End timestamp: 2026-10-01 17:18:33 +0000 (run time: 0m 0s)
--- samhain ---
ALERT  :  [2026-10-01T17:18:33+0000] msg=<START>, program=<Samhain>, userid=<0>, path=</etc/samhain/samhainrc>, hash=<603D03FD324736250B120AC29FAE55595B27543328D5DFE2>, path=</var/lib/samhain/samhain-fsc.file>, hash=<FA569A048BA1CAC4EE53BB035454E6594B377EA55DC37774>
CRIT   :  [2026-10-01T17:18:33+0000] msg=<POLICY [ReadOnly] --------T->, path=</opt/fsc-test/testbinary>, ctime_old=<[2026-10-01T17:18:32]>, ctime_new=<[2026-10-01T17:18:33]>, 
ALERT  :  [2026-10-01T17:18:34+0000] msg=<EXIT>, program=<Samhain>, status=<exit_success>
=== fenster=100 lauf=10 offset=89 im_fenster=1 aide=0 samhain=1 ===
--- aide ---
Start timestamp: 2026-10-01 17:18:35 +0000 (AIDE 0.19.2)
AIDE found NO differences between database and filesystem. Looks okay!!

Number of entries:	202

---------------------------------------------------
The attributes of the (uncompressed) database(s):
---------------------------------------------------

/var/lib/aide/aide-fsc.db
 SHA256    : 3ZwlpbNB2MZubWQQdoY5lNryT45+3tT5
             aFQNbA4ZTus=
 SHA512    : dQx6hjgONH7LOPZNiSutfauX67OYGTmg
             djpwL4lbURf35Kp04u7oGV3dD7VQFOoU
             qDNNCeEXY1/mFiIOA28sHQ==
 STRIBOG256: 71kRuy+CInHy8Ehq8Gta3arhLn03UXpp
             JAzjdCTpILI=
 STRIBOG512: mhs3fFJ2Kiye7XFBLS463X2o49QU30Zj
             bz9kfSo661DiCiY6MW42wHwxp0y4eVEA
             mJYJkRfR10uy62g+H1/7Rw==
 SHA512/256: F11NQW2WasP4n2w4lGd2W9gF5qBtjXnL
             ahfOaGq/mqo=
 SHA3-256  : adlj70ccFcmWcBzzrLsNhg/BxDmyJiW9
             FammR1nc0Bo=
 SHA3-512  : +eghicF7VChVKS4xv1yIWZVb8ML5DjvP
             ZVmi6ZeZbXDiBgia+oNgiUtr2MD25gWm
             wLOWR5bZThF43lcd7Ew2SQ==


End timestamp: 2026-10-01 17:18:35 +0000 (run time: 0m 0s)
--- samhain ---
ALERT  :  [2026-10-01T17:18:35+0000] msg=<START>, program=<Samhain>, userid=<0>, path=</etc/samhain/samhainrc>, hash=<603D03FD324736250B120AC29FAE55595B27543328D5DFE2>, path=</var/lib/samhain/samhain-fsc.file>, hash=<7C938E5F6D2470621CC2B7CB55A30CABD1D184ABC5E33C37>
CRIT   :  [2026-10-01T17:18:35+0000] msg=<POLICY [ReadOnly] --------T->, path=</opt/fsc-test/testbinary>, ctime_old=<[2026-10-01T17:18:33]>, ctime_new=<[2026-10-01T17:18:35]>, 
ALERT  :  [2026-10-01T17:18:35+0000] msg=<EXIT>, program=<Samhain>, status=<exit_success>
=== fenster=100 lauf=11 offset=199 im_fenster=0 aide=0 samhain=1 ===
--- aide ---
Start timestamp: 2026-10-01 17:18:37 +0000 (AIDE 0.19.2)
AIDE found NO differences between database and filesystem. Looks okay!!

Number of entries:	202

---------------------------------------------------
The attributes of the (uncompressed) database(s):
---------------------------------------------------

/var/lib/aide/aide-fsc.db
 SHA256    : 9R20TOjK67FFg3bt8/XumWR4fLFzmz+o
             Ec648ONBpos=
 SHA512    : rCIQMD4w7yaRSiUH1zoT/RJ4kPTmgUGc
             FL8Pc3J55c5/0XKPJafaIz5vuTeqfK4X
             yVW1GYLvq/ge2/2JTh5JDw==
 STRIBOG256: lHygt5ZgnGgA/kokVqto3Z0+ij8OiOKk
             IV2LUFT6iO8=
 STRIBOG512: 8EqobJwZ7tYQoGIxWNYrb3GzjfTkDxaA
             W19TAvAa/eZi+FhiLQk5FG2eiu1OWsox
             tZCM6MOlJHCzeTeDxQUC9g==
 SHA512/256: sYGQG2QV6aDZ/SYdwljmFW0rTbdLbszt
             OWWOz6g2Alw=
 SHA3-256  : Tb1pBC8rWeP0s6Q/PIGM/msd13+YZfy4
             mkmtWTelMWA=
 SHA3-512  : aUiGTl4JoeRrZ+zsmUieSPhrQugYRx3D
             4AcWKK5M29Nvg/Wlkfn5rZedGqnKlCrC
             FC8uip/q1E8OnRtxPYs3SA==


End timestamp: 2026-10-01 17:18:37 +0000 (run time: 0m 0s)
--- samhain ---
ALERT  :  [2026-10-01T17:18:37+0000] msg=<START>, program=<Samhain>, userid=<0>, path=</etc/samhain/samhainrc>, hash=<603D03FD324736250B120AC29FAE55595B27543328D5DFE2>, path=</var/lib/samhain/samhain-fsc.file>, hash=<E6A15F8306D0929F8C331493268727E6F79B113CFFD7A4F6>
CRIT   :  [2026-10-01T17:18:37+0000] msg=<POLICY [ReadOnly] --------T->, path=</opt/fsc-test/testbinary>, ctime_old=<[2026-10-01T17:18:35]>, ctime_new=<[2026-10-01T17:18:37]>, 
ALERT  :  [2026-10-01T17:18:37+0000] msg=<EXIT>, program=<Samhain>, status=<exit_success>
=== fenster=100 lauf=12 offset=0 im_fenster=1 aide=1 samhain=1 ===
--- aide ---
Start timestamp: 2026-10-01 17:18:38 +0000 (AIDE 0.19.2)
AIDE found differences between database and filesystem!!

Summary:
  Total number of entries:	202
  Added entries:		0
  Removed entries:		0
  Changed entries:		1

---------------------------------------------------
Changed entries:
---------------------------------------------------

f = p..   ...      : /opt/fsc-test/testbinary

---------------------------------------------------
Detailed information about changes:
---------------------------------------------------

File: /opt/fsc-test/testbinary
 Perm      : -rwxr-xr-x                       | -rwsr-xr-x


---------------------------------------------------
The attributes of the (uncompressed) database(s):
---------------------------------------------------

/var/lib/aide/aide-fsc.db
 SHA256    : MCrH87hWHNfRl2f7E/1AResGFT23H/b1
             nBrszSFeQGk=
 SHA512    : C5JU9HzjUsKVYWeg3rqKtOJ1J+1M5vQH
             djZVR5CXoXD/lG36aeFZW4sexFG+ajCi
             bJf1XC5iO28ju7Pqt4g4mQ==
 STRIBOG256: VyEFqyxXP7oi+DFj8gW2sJb5qAgXhVyJ
             /Jpl9c5lW44=
 STRIBOG512: QxfeRy320b3odIX1/b2TBBkvMy1Q10EQ
             5zC4BEU3mp+6P3JYswLwfdELC7V40SD4
             qSWkXYFI5dY2dz0VBObKAg==
 SHA512/256: Fh0jI2etdNZgkWlHYoi0q7D85z4x3K4m
             bEe2FJWR3Q8=
 SHA3-256  : 0x7VZ3nLy0T1pL8qgm+q3hi3Um3T3i0l
             yfwkHVtV3Ys=
 SHA3-512  : HUe4akBiTnA9cstymCoSce+0bW8KXUfh
             z9o5I+lcKWVHqGt22qmeTSR7F4m4cEU1
             2z9RT84PwjBs+XlEP1Krhg==


End timestamp: 2026-10-01 17:18:38 +0000 (run time: 0m 0s)
--- samhain ---
ALERT  :  [2026-10-01T17:18:38+0000] msg=<START>, program=<Samhain>, userid=<0>, path=</etc/samhain/samhainrc>, hash=<603D03FD324736250B120AC29FAE55595B27543328D5DFE2>, path=</var/lib/samhain/samhain-fsc.file>, hash=<075970BCDD54C42B45DBC5F95113BBFCE772C8FCBDC5753E>
CRIT   :  [2026-10-01T17:18:38+0000] msg=<POLICY [ReadOnly] --------T->, path=</opt/fsc-test/testbinary>, ctime_old=<[2026-10-01T17:18:37]>, ctime_new=<[2026-10-01T17:18:38]>, 
ALERT  :  [2026-10-01T17:18:39+0000] msg=<EXIT>, program=<Samhain>, status=<exit_success>
=== fenster=100 lauf=13 offset=366 im_fenster=0 aide=0 samhain=1 ===
--- aide ---
Start timestamp: 2026-10-01 17:18:40 +0000 (AIDE 0.19.2)
AIDE found NO differences between database and filesystem. Looks okay!!

Number of entries:	202

---------------------------------------------------
The attributes of the (uncompressed) database(s):
---------------------------------------------------

/var/lib/aide/aide-fsc.db
 SHA256    : 2Gn0l/2LqO+4UAi0MPDbD1R64p60OgBT
             9IzM1NR6fow=
 SHA512    : FVjiN6hCPqMlSAkU7AWhiRLAYM1wIspy
             ZWYmtvaEXkXgaS3rzsaxjnpcPerFFsss
             ge1NBxdRukZSdeqoQcBq4A==
 STRIBOG256: R3I/2ovRd7LJwVQKGZR+gNpvXMqdgewZ
             agK8OWafDbU=
 STRIBOG512: yZgSlH/BB4KbKfmRbSYFhSHtR9FWCk4x
             myedWIbMLOfQMtU7Z0kMhJBsurAylUH3
             DFMOC6x59fBjuSXfjz0LOg==
 SHA512/256: XULbd85xUXSQIthlQS3TLWzOTDJOZtZx
             Q02msZznvzc=
 SHA3-256  : lUq7XMbLau700Qkgksrk/oSOiwJFQ3kh
             1VAHPmJ3EIQ=
 SHA3-512  : vX3Sb68FrsDufJ+MO8HvTMxscXxNmvGF
             6aS6pi+yyX8QmpqTd2ukw0N+853zwJXw
             b8+t/fPhFFzutRGY6qHkHA==


End timestamp: 2026-10-01 17:18:40 +0000 (run time: 0m 0s)
--- samhain ---
ALERT  :  [2026-10-01T17:18:40+0000] msg=<START>, program=<Samhain>, userid=<0>, path=</etc/samhain/samhainrc>, hash=<603D03FD324736250B120AC29FAE55595B27543328D5DFE2>, path=</var/lib/samhain/samhain-fsc.file>, hash=<D557D5B9FE00FEA0A904E7F38267C1E2A4E8FA4B5EE2F1C6>
CRIT   :  [2026-10-01T17:18:40+0000] msg=<POLICY [ReadOnly] --------T->, path=</opt/fsc-test/testbinary>, ctime_old=<[2026-10-01T17:18:38]>, ctime_new=<[2026-10-01T17:18:40]>, 
ALERT  :  [2026-10-01T17:18:40+0000] msg=<EXIT>, program=<Samhain>, status=<exit_success>
=== fenster=100 lauf=14 offset=258 im_fenster=0 aide=0 samhain=1 ===
--- aide ---
Start timestamp: 2026-10-01 17:18:42 +0000 (AIDE 0.19.2)
AIDE found NO differences between database and filesystem. Looks okay!!

Number of entries:	202

---------------------------------------------------
The attributes of the (uncompressed) database(s):
---------------------------------------------------

/var/lib/aide/aide-fsc.db
 SHA256    : 4XcD4pLefFPCW40rO9pc/o+lkV1I/XvF
             hbtGtvaD99s=
 SHA512    : Hj22a7nymEnwLWid/MVJLvbGf3bqVrQR
             wJTyFxAYOnok6G7utAnuBIHRZRuwv0XQ
             FZhnzYNhmYvOiNddC99xGw==
 STRIBOG256: A/gQFR/FC9gm15W0IV0j/1fyoGYD1KBW
             1nGbgatuLLQ=
 STRIBOG512: RqvbLX9+NvmJ8sNphhEqLNxR/jKuQU2L
             OO5KC1Nj2YrWrT36U7OWMX1dVWkXdwL7
             /8mV//EHWkv42zN6LxCrWw==
 SHA512/256: TLaW2ayVUzh0wWuEb7p2p+1ia0rNGGPG
             QdYZT0s0pBk=
 SHA3-256  : 8p0xAxxXcTJSjvRha+jZtOh9hWOhtL+t
             +0q22gfe7Rs=
 SHA3-512  : fM23iAWewA4IOfwXfBabdvG1YIIe//T7
             mWwKrPvG8wMp2UagcNfv3sN10nAJd6Hm
             ShWGSf10PxL90yHBUKZ9bQ==


End timestamp: 2026-10-01 17:18:42 +0000 (run time: 0m 0s)
--- samhain ---
ALERT  :  [2026-10-01T17:18:42+0000] msg=<START>, program=<Samhain>, userid=<0>, path=</etc/samhain/samhainrc>, hash=<603D03FD324736250B120AC29FAE55595B27543328D5DFE2>, path=</var/lib/samhain/samhain-fsc.file>, hash=<AB4017E083022944FB5976D9C4C07E7B9D7E9FB3C8E4A42F>
CRIT   :  [2026-10-01T17:18:42+0000] msg=<POLICY [ReadOnly] --------T->, path=</opt/fsc-test/testbinary>, ctime_old=<[2026-10-01T17:18:40]>, ctime_new=<[2026-10-01T17:18:42]>, 
ALERT  :  [2026-10-01T17:18:42+0000] msg=<EXIT>, program=<Samhain>, status=<exit_success>
=== fenster=100 lauf=15 offset=291 im_fenster=0 aide=0 samhain=1 ===
--- aide ---
Start timestamp: 2026-10-01 17:18:44 +0000 (AIDE 0.19.2)
AIDE found NO differences between database and filesystem. Looks okay!!

Number of entries:	202

---------------------------------------------------
The attributes of the (uncompressed) database(s):
---------------------------------------------------

/var/lib/aide/aide-fsc.db
 SHA256    : yYD5UEYTY/IOs4h9mu/x8tVlEzyYDEX7
             5L7ek+JEcYs=
 SHA512    : TsHciyHhEzOx6S1mrTMAXXy3fOPAgrNc
             2dDrPZIhhiJFqwOd/ogWXpenC04Q7Edk
             XxUV6cu4O9lfEUT+yb+prQ==
 STRIBOG256: AAjjp6DaqfmkCNiNJdVtl1fNp+cKjB5k
             1FupTC4XZeI=
 STRIBOG512: O7NpFwqkxNHxGhDmyTuR1fV/rUfhudsm
             MDTvzTf+uMt0p/ldTJz9c/ztYzgkIwKf
             yqOOXwiPSp2fQQyCJzOXgA==
 SHA512/256: LpZmrylDWNspbjuttjfKf9T3Q1WMxezX
             LCoKPRqW0Bk=
 SHA3-256  : X2fni5/b4uvCN9fBDhWI2QAk5YeyAbXC
             2YE69tz/Huo=
 SHA3-512  : uG9zojQyLwE9kJh0/TpA2ulvpwCjmH7W
             fPkQiEYkLR9S4tjzLVEVHJImaRq4IQrw
             atD427aM4WjPePgAR8syIg==


End timestamp: 2026-10-01 17:18:44 +0000 (run time: 0m 0s)
--- samhain ---
ALERT  :  [2026-10-01T17:18:44+0000] msg=<START>, program=<Samhain>, userid=<0>, path=</etc/samhain/samhainrc>, hash=<603D03FD324736250B120AC29FAE55595B27543328D5DFE2>, path=</var/lib/samhain/samhain-fsc.file>, hash=<FC53332154188E4B54701AE4CC163962A58BF2CA9EA54AF2>
CRIT   :  [2026-10-01T17:18:44+0000] msg=<POLICY [ReadOnly] --------T->, path=</opt/fsc-test/testbinary>, ctime_old=<[2026-10-01T17:18:42]>, ctime_new=<[2026-10-01T17:18:44]>, 
ALERT  :  [2026-10-01T17:18:44+0000] msg=<EXIT>, program=<Samhain>, status=<exit_success>
=== fenster=100 lauf=16 offset=34 im_fenster=1 aide=1 samhain=1 ===
--- aide ---
Start timestamp: 2026-10-01 17:18:46 +0000 (AIDE 0.19.2)
AIDE found differences between database and filesystem!!

Summary:
  Total number of entries:	202
  Added entries:		0
  Removed entries:		0
  Changed entries:		1

---------------------------------------------------
Changed entries:
---------------------------------------------------

f = p..   ...      : /opt/fsc-test/testbinary

---------------------------------------------------
Detailed information about changes:
---------------------------------------------------

File: /opt/fsc-test/testbinary
 Perm      : -rwxr-xr-x                       | -rwsr-xr-x


---------------------------------------------------
The attributes of the (uncompressed) database(s):
---------------------------------------------------

/var/lib/aide/aide-fsc.db
 SHA256    : Q2Z3zZnhQnra6dZg+AqTevH8aLba4blv
             dCE6CB5h5rQ=
 SHA512    : 5XfB80MM6RjuYLT1O507wNvhSDImgkPV
             82vFCc624HI4vrAEzGkoeyeKHgRKtUQw
             Ju0fNZuJoNbR6lMnLSUcKA==
 STRIBOG256: vigGETkI1DoNHNfNjrahq5/cIO7xQmgY
             g+7lPF7lyJw=
 STRIBOG512: 9WXZvFORWwJqAnw7QhNrliK0v2l4voRG
             5WShmzsQhbQWGYeKQ9jHBOq+LHbVp4aK
             ItAO1CyWkPesZ5f+tprdtg==
 SHA512/256: MTz9Li7NT4587zlEfBrgcVUtrXIukyDt
             RXkOmm2ZXHo=
 SHA3-256  : 4bMo0yuljr9mjsfkbtbWaUsZfh2ySIeD
             IBoVEa4xwrY=
 SHA3-512  : gpdGSnGC8ibKYl+mOYPCGw9g0m3R/Jmu
             6D5+mBLd55HPqbhKr6AUah+uChq8Qnzu
             fYjBAvZy/6BPQ1ebhlMQlw==


End timestamp: 2026-10-01 17:18:46 +0000 (run time: 0m 0s)
--- samhain ---
ALERT  :  [2026-10-01T17:18:46+0000] msg=<START>, program=<Samhain>, userid=<0>, path=</etc/samhain/samhainrc>, hash=<603D03FD324736250B120AC29FAE55595B27543328D5DFE2>, path=</var/lib/samhain/samhain-fsc.file>, hash=<34B0577033A0F6945EA5B145E64F56A195442436E125A92B>
CRIT   :  [2026-10-01T17:18:46+0000] msg=<POLICY [ReadOnly] --------T->, path=</opt/fsc-test/testbinary>, ctime_old=<[2026-10-01T17:18:44]>, ctime_new=<[2026-10-01T17:18:46]>, 
ALERT  :  [2026-10-01T17:18:46+0000] msg=<EXIT>, program=<Samhain>, status=<exit_success>
=== fenster=100 lauf=17 offset=206 im_fenster=0 aide=0 samhain=1 ===
--- aide ---
Start timestamp: 2026-10-01 17:18:47 +0000 (AIDE 0.19.2)
AIDE found NO differences between database and filesystem. Looks okay!!

Number of entries:	202

---------------------------------------------------
The attributes of the (uncompressed) database(s):
---------------------------------------------------

/var/lib/aide/aide-fsc.db
 SHA256    : lweY6nRMy0NuhYeE3vUhFv5i+CTPLFcv
             7jsoA747prk=
 SHA512    : xt1Wqk6o6XMrKnf0gZbKu5gaR4suzea4
             SWb14hsckTe4FxBC2PWOVKZQZfv1NVYU
             PsDzDeuQ5Xb4duvkLPPZZw==
 STRIBOG256: mROeUTMtN9p5eAp+4yGIfDmbN0D4VJj4
             Ml8590LC704=
 STRIBOG512: 5KY/qsP9HsEeWCCPBygGQz0B621ISask
             4K4MKTXdgq4cMzpMOceYYFzAwdU4yaOd
             Cm3nkPORW0wYQDIEVKDGyA==
 SHA512/256: 2G0F6QbmKR1JAGEEtUbCROpZ4A79VMOq
             iobsCBWLuQg=
 SHA3-256  : BwQDCoBj7z1ZfENfq0VM34mAGFeyFmbF
             c0RCMRaFHmA=
 SHA3-512  : q9xTjyG9SwIEj35VnniyiP/ItoNyMdOp
             4preUamq4btk9ijRCcDa3aB6RB+ZrRPq
             KtvbGygoOPFKlgYTetgxTQ==


End timestamp: 2026-10-01 17:18:47 +0000 (run time: 0m 0s)
--- samhain ---
ALERT  :  [2026-10-01T17:18:47+0000] msg=<START>, program=<Samhain>, userid=<0>, path=</etc/samhain/samhainrc>, hash=<603D03FD324736250B120AC29FAE55595B27543328D5DFE2>, path=</var/lib/samhain/samhain-fsc.file>, hash=<FCB317CB856D3893399C6B26B39DFCF70295799DED9750F3>
CRIT   :  [2026-10-01T17:18:47+0000] msg=<POLICY [ReadOnly] --------T->, path=</opt/fsc-test/testbinary>, ctime_old=<[2026-10-01T17:18:46]>, ctime_new=<[2026-10-01T17:18:47]>, 
ALERT  :  [2026-10-01T17:18:47+0000] msg=<EXIT>, program=<Samhain>, status=<exit_success>
=== fenster=100 lauf=18 offset=223 im_fenster=0 aide=0 samhain=1 ===
--- aide ---
Start timestamp: 2026-10-01 17:18:49 +0000 (AIDE 0.19.2)
AIDE found NO differences between database and filesystem. Looks okay!!

Number of entries:	202

---------------------------------------------------
The attributes of the (uncompressed) database(s):
---------------------------------------------------

/var/lib/aide/aide-fsc.db
 SHA256    : dUQI3bcU5hBfR5eEp7mIMMHwmjlifvF6
             mmg6sZMNQFk=
 SHA512    : ilgJpgF6sshELGdEilC/SyW6XvyU3p8t
             z47nAnZ51nmcl50IjFUSW3+065Yn4Ktj
             XUkXlDSrc9fEgRanqPgPcg==
 STRIBOG256: rJw72HJ/avZMN8fOQHQzUyopVBmMvM3h
             2G1zIVs1Nbc=
 STRIBOG512: BnmnBZMdmo5FftxiMb+DZX2rb5KszR5/
             YsVyA/CzyZg8IzFC8FA/9RpS1v3wvQcf
             dzU0EzH7cUvnnLdjH4SYMQ==
 SHA512/256: k2lZhur2qvm0wmkT3E3FvNls4AvJROU2
             mG8ujksQeVM=
 SHA3-256  : fUtdUdDyHp9roTUuC5EcCpsfry4aRtlv
             fxKxoXnS0Gk=
 SHA3-512  : yH/iCuM8+ljfq/Ut+Gcz6baPnv+lEL4H
             wYmrSEym2nj2KYwqJXaMLmIbEtNXDQIT
             JHun0Kmj/NXD/LoC1Yrjgw==


End timestamp: 2026-10-01 17:18:49 +0000 (run time: 0m 0s)
--- samhain ---
ALERT  :  [2026-10-01T17:18:49+0000] msg=<START>, program=<Samhain>, userid=<0>, path=</etc/samhain/samhainrc>, hash=<603D03FD324736250B120AC29FAE55595B27543328D5DFE2>, path=</var/lib/samhain/samhain-fsc.file>, hash=<3DCA1CAB0F46303BF932CD582F53F66C665019C747272C20>
CRIT   :  [2026-10-01T17:18:49+0000] msg=<POLICY [ReadOnly] --------T->, path=</opt/fsc-test/testbinary>, ctime_old=<[2026-10-01T17:18:47]>, ctime_new=<[2026-10-01T17:18:49]>, 
ALERT  :  [2026-10-01T17:18:49+0000] msg=<EXIT>, program=<Samhain>, status=<exit_success>
=== fenster=100 lauf=19 offset=170 im_fenster=0 aide=0 samhain=1 ===
--- aide ---
Start timestamp: 2026-10-01 17:18:51 +0000 (AIDE 0.19.2)
AIDE found NO differences between database and filesystem. Looks okay!!

Number of entries:	202

---------------------------------------------------
The attributes of the (uncompressed) database(s):
---------------------------------------------------

/var/lib/aide/aide-fsc.db
 SHA256    : GL+U6too7uMZ43X5qXCYA3N/1bHKrOoH
             UdFFocxvvr8=
 SHA512    : h7mXo4Sjwhn2OQvQavNsAa2qJ3sRe3dS
             yQpBqEJQCpQnu76TqzBMWOOu5i20hmFG
             vfZcrJ9recU3uMEVAGyq7Q==
 STRIBOG256: tFKl50YlJ/+NgdDmA61cDPZ7IABYjyKc
             P88vBeseJLA=
 STRIBOG512: pyU2zfWT69JCE4H/Rvj/xu4qhfRgT+Y3
             ZQ+krVFwE1A9JigLoOno37sWLVgQnA2A
             6h8jrazd0eucKxT81Dv5Vg==
 SHA512/256: xixaZCzfx4No6vkxMH0FidkWemH/YmfE
             4rzrAmh90yY=
 SHA3-256  : FYZ6yIJKBZQjXb5ov1riVeLtOWKkqqZ9
             c3Zdv2ZWDlU=
 SHA3-512  : kYW+nBhFQA1GnXT8N9R1Ck8NJQ7eX7Tu
             zxDcQq7afTvOUx6iNr+/8l9vxHNP8aIX
             v+RE2+y8ZVAuhDg98WiDkQ==


End timestamp: 2026-10-01 17:18:51 +0000 (run time: 0m 0s)
--- samhain ---
ALERT  :  [2026-10-01T17:18:51+0000] msg=<START>, program=<Samhain>, userid=<0>, path=</etc/samhain/samhainrc>, hash=<603D03FD324736250B120AC29FAE55595B27543328D5DFE2>, path=</var/lib/samhain/samhain-fsc.file>, hash=<95403896AF5731D8E83D80522B2623D5AB13EE2A24D82CE8>
CRIT   :  [2026-10-01T17:18:51+0000] msg=<POLICY [ReadOnly] --------T->, path=</opt/fsc-test/testbinary>, ctime_old=<[2026-10-01T17:18:49]>, ctime_new=<[2026-10-01T17:18:51]>, 
ALERT  :  [2026-10-01T17:18:51+0000] msg=<EXIT>, program=<Samhain>, status=<exit_success>
=== fenster=100 lauf=20 offset=245 im_fenster=0 aide=0 samhain=1 ===
--- aide ---
Start timestamp: 2026-10-01 17:18:53 +0000 (AIDE 0.19.2)
AIDE found NO differences between database and filesystem. Looks okay!!

Number of entries:	202

---------------------------------------------------
The attributes of the (uncompressed) database(s):
---------------------------------------------------

/var/lib/aide/aide-fsc.db
 SHA256    : YuRcL6p/LqSnlu7QnQW+3F1MwKGXuZRQ
             8s4jR885aBI=
 SHA512    : EK+n6iur6ksY4cBwYhSOSP23MCLFG8MP
             NMFPSrBWG88It5k+f8/PGUXHtw5Fvex+
             0NefukDaARPSpxuoKqzQ5g==
 STRIBOG256: ovYuykpfn37cD6k+4rNearJcgRTMdjn8
             jEwEJhyI4xE=
 STRIBOG512: RDplDXkpwn2m43WgsNiCOVPUnsCbnOzk
             v3sLR59GpI6HUut03YByj31Rd0wB3q46
             BLtiFjEGt6Ydyx/MSkyhOA==
 SHA512/256: A6vS8F7bKZRtFgYJdoayrOkyyrsIHgRN
             N8uG2uvBK2U=
 SHA3-256  : uUvWAhKWtzdEjSdj8nURc18bNRCEBUB5
             2UDOayc7LDM=
 SHA3-512  : Oc81shXKuQhJZf1kRYyt3hd236DmTA5Y
             EalGcJWMzfBI8r/dX/Gnt4ajQOZ3aWOG
             fDTa9PANgJXZ62kV16l0Iw==


End timestamp: 2026-10-01 17:18:53 +0000 (run time: 0m 0s)
--- samhain ---
ALERT  :  [2026-10-01T17:18:53+0000] msg=<START>, program=<Samhain>, userid=<0>, path=</etc/samhain/samhainrc>, hash=<603D03FD324736250B120AC29FAE55595B27543328D5DFE2>, path=</var/lib/samhain/samhain-fsc.file>, hash=<9BE1FDF60AC9CA5D29BD1879E393818112203E01B830F36E>
CRIT   :  [2026-10-01T17:18:53+0000] msg=<POLICY [ReadOnly] --------T->, path=</opt/fsc-test/testbinary>, ctime_old=<[2026-10-01T17:18:51]>, ctime_new=<[2026-10-01T17:18:52]>, 
ALERT  :  [2026-10-01T17:18:53+0000] msg=<EXIT>, program=<Samhain>, status=<exit_success>
=== fenster=250 lauf=1 offset=456 im_fenster=0 aide=0 samhain=1 ===
--- aide ---
Start timestamp: 2026-10-01 17:18:55 +0000 (AIDE 0.19.2)
AIDE found NO differences between database and filesystem. Looks okay!!

Number of entries:	202

---------------------------------------------------
The attributes of the (uncompressed) database(s):
---------------------------------------------------

/var/lib/aide/aide-fsc.db
 SHA256    : 0gJWDa+BINBvSMyhm+BedJAP3p/EYV2J
             XjiXclHOnxc=
 SHA512    : +/L3Z3XnlN5ZgZTcNX940NTkppxd5Yu+
             A9CrZ+nse+iqLUPwfHLAO1mcp+XPa3hR
             RVwURM14jcBJiHig4p2sBA==
 STRIBOG256: aOtAsQMVP51/5ecWXCkvjq8CkuUB59OJ
             q3nKoH3DHFc=
 STRIBOG512: YKgQtjfFxyV0paVNC2xbJ+2+RK3Nwbvx
             g/IosdLXdD8d9z6qxxyKYJuNtXaVvkTt
             lq1WGetIyvkaWJ5l8SNM7w==
 SHA512/256: UEulvvp38W1Jj0t/je2kq6aJJclXn8LW
             jxPlqiRQScQ=
 SHA3-256  : lgd6eZZ8QDIbJ/KdV4nrpJjBQruop7kS
             o6oGpZsvA/0=
 SHA3-512  : EInJ4/fFwEf8Ls/xDg6ZIyVwo3N3jTXz
             e15eAsbqjXsdQMHGjyuuDhZm2Z5+aCrb
             IdtNNUYCXJzi1nArmvNoPQ==


End timestamp: 2026-10-01 17:18:55 +0000 (run time: 0m 0s)
--- samhain ---
ALERT  :  [2026-10-01T17:18:55+0000] msg=<START>, program=<Samhain>, userid=<0>, path=</etc/samhain/samhainrc>, hash=<603D03FD324736250B120AC29FAE55595B27543328D5DFE2>, path=</var/lib/samhain/samhain-fsc.file>, hash=<3C49DCD25AD58F44FF2903FC3D3B1B4FDD880B353D63F387>
CRIT   :  [2026-10-01T17:18:55+0000] msg=<POLICY [ReadOnly] --------T->, path=</opt/fsc-test/testbinary>, ctime_old=<[2026-10-01T17:18:52]>, ctime_new=<[2026-10-01T17:18:54]>, 
ALERT  :  [2026-10-01T17:18:55+0000] msg=<EXIT>, program=<Samhain>, status=<exit_success>
=== fenster=250 lauf=2 offset=197 im_fenster=1 aide=1 samhain=1 ===
--- aide ---
Start timestamp: 2026-10-01 17:18:56 +0000 (AIDE 0.19.2)
AIDE found differences between database and filesystem!!

Summary:
  Total number of entries:	202
  Added entries:		0
  Removed entries:		0
  Changed entries:		1

---------------------------------------------------
Changed entries:
---------------------------------------------------

f = p..   ...      : /opt/fsc-test/testbinary

---------------------------------------------------
Detailed information about changes:
---------------------------------------------------

File: /opt/fsc-test/testbinary
 Perm      : -rwxr-xr-x                       | -rwsr-xr-x


---------------------------------------------------
The attributes of the (uncompressed) database(s):
---------------------------------------------------

/var/lib/aide/aide-fsc.db
 SHA256    : 2yxhAzpKVC2i5suJQIbHKmMtEUhljbk4
             uX3xuTJbjpY=
 SHA512    : hvs3KUNBOsjGBb6w5LfvU1rCfTc5BLGQ
             C6TEllC9rGYAFOPHqRBpslEG1ftCSB6G
             GM5lgWR2jSzTp3ydtuon2A==
 STRIBOG256: 4DRRjsMdb7/frvR3x03hH3k5xYribrbt
             YtqlWDNRStc=
 STRIBOG512: iBGKWMQXSOvZjfXVePxsxe57pREFM7IU
             QUoLi5h5JNrlRTDbdcqRn4KKOz7adW+D
             ejzVsVvNWRjgmOZ91EewNA==
 SHA512/256: ikb9lBE1CsyaFTM/XXBS3i8ES6vxIkd9
             rRDT/45I0+c=
 SHA3-256  : NXw24CewkyUIkZcO4/qMbLsK1GlrYt9x
             9Eojysi3lMA=
 SHA3-512  : dCcVmmC1s2mLOIAOg8iA+ZaNvbqVVMxZ
             qRPJkyecILGmJHuv9ljGFCn8d8B/0FWw
             Ey4OOpXAD5N4smcWQRstlw==


End timestamp: 2026-10-01 17:18:56 +0000 (run time: 0m 0s)
--- samhain ---
ALERT  :  [2026-10-01T17:18:56+0000] msg=<START>, program=<Samhain>, userid=<0>, path=</etc/samhain/samhainrc>, hash=<603D03FD324736250B120AC29FAE55595B27543328D5DFE2>, path=</var/lib/samhain/samhain-fsc.file>, hash=<D03B3F8530C2DB84B8E0138F68205C3466F19A770538376E>
CRIT   :  [2026-10-01T17:18:56+0000] msg=<POLICY [ReadOnly] --------T->, path=</opt/fsc-test/testbinary>, ctime_old=<[2026-10-01T17:18:54]>, ctime_new=<[2026-10-01T17:18:56]>, 
ALERT  :  [2026-10-01T17:18:57+0000] msg=<EXIT>, program=<Samhain>, status=<exit_success>
=== fenster=250 lauf=3 offset=456 im_fenster=0 aide=0 samhain=1 ===
--- aide ---
Start timestamp: 2026-10-01 17:18:58 +0000 (AIDE 0.19.2)
AIDE found NO differences between database and filesystem. Looks okay!!

Number of entries:	202

---------------------------------------------------
The attributes of the (uncompressed) database(s):
---------------------------------------------------

/var/lib/aide/aide-fsc.db
 SHA256    : 8C7lwQCnsnEkxt4m2XEiJsXvv5/xXDn5
             2lSpJuhAMA0=
 SHA512    : 1MOfotXq3fdLxrwNqMcTox9V7tFLt3/z
             eBmucbFVu75VAewC5hH04EP3FgIn/suU
             c7b/1BvKgRvKSKXBJKBFvg==
 STRIBOG256: sAHoROPs+RMfCXkCFbhOCnE2cIz0dvQt
             Tu/43GdQ25o=
 STRIBOG512: 3pY0eRw7L9BxUA1dOaihLxqYB/zLDF2H
             EwdgQeLrHLkVtLcwmzE8ajXHRng3YgoN
             dQwb3HRc5D27pG5FFCMhnA==
 SHA512/256: gBCgVH3plSMEF6OZH35UGru0TFEKb4eb
             LfFk3BWaJzM=
 SHA3-256  : bBDgtlXi5o4KG1M8TSHk00wrRJAqYOlt
             n+k+79gsj8A=
 SHA3-512  : +qRdNrvNtdfKKCJ8Qic5CzeFS40N8G8F
             StxXhvP3qvtuIPhFiZYadPnprMFrUo+/
             ibSb5A2Hmhv/V40hyijdFg==


End timestamp: 2026-10-01 17:18:58 +0000 (run time: 0m 0s)
--- samhain ---
ALERT  :  [2026-10-01T17:18:58+0000] msg=<START>, program=<Samhain>, userid=<0>, path=</etc/samhain/samhainrc>, hash=<603D03FD324736250B120AC29FAE55595B27543328D5DFE2>, path=</var/lib/samhain/samhain-fsc.file>, hash=<98B28DD49F9A513934444697AB63316C35496EE40105C58E>
CRIT   :  [2026-10-01T17:18:58+0000] msg=<POLICY [ReadOnly] --------T->, path=</opt/fsc-test/testbinary>, ctime_old=<[2026-10-01T17:18:56]>, ctime_new=<[2026-10-01T17:18:58]>, 
ALERT  :  [2026-10-01T17:18:59+0000] msg=<EXIT>, program=<Samhain>, status=<exit_success>
=== fenster=250 lauf=4 offset=423 im_fenster=0 aide=0 samhain=1 ===
--- aide ---
Start timestamp: 2026-10-01 17:19:00 +0000 (AIDE 0.19.2)
AIDE found NO differences between database and filesystem. Looks okay!!

Number of entries:	202

---------------------------------------------------
The attributes of the (uncompressed) database(s):
---------------------------------------------------

/var/lib/aide/aide-fsc.db
 SHA256    : JY/KM9l1zOZaopJdbe9qU9PK+aIP4tqr
             K6TBV+WNlKY=
 SHA512    : rKYTiOmoUgfvxVqd0vUYJAPD8IX2Y4IA
             j7Udlw8jMMi66kKAq6C0jXSo84gLn5nc
             YRj9rc+W/IfEWyD/31wI/A==
 STRIBOG256: 3uq1/5HZ1wIoJPDtD32XETCDGwHEVWip
             C25zOPW6+X8=
 STRIBOG512: huKlHupAOA3se1YYMNOU3W1rteUggRUt
             DuKlgN9dMb2pmrE0ZYewuOjZRYeq0Qmz
             34A6SSEMH71lEz8AZ1pnSw==
 SHA512/256: vMkQTX9esdfjc3ZoC7W1xmxEd7SJyQYc
             1G79+5EkDm4=
 SHA3-256  : dS3u/NtJY6YjnLTkUXH9ShOS+ufp5Cg3
             b471HnmkFEc=
 SHA3-512  : /pK/tA1d5pJe/MuQ302zUo1G0BX+K9J6
             KhpWbCTI02xKIM2xgE6BVriuaYtkQ3sR
             ZYBSKrFSiPSVaoupWRwYbA==


End timestamp: 2026-10-01 17:19:00 +0000 (run time: 0m 0s)
--- samhain ---
ALERT  :  [2026-10-01T17:19:00+0000] msg=<START>, program=<Samhain>, userid=<0>, path=</etc/samhain/samhainrc>, hash=<603D03FD324736250B120AC29FAE55595B27543328D5DFE2>, path=</var/lib/samhain/samhain-fsc.file>, hash=<866540E14EE7DA2385816AC7175C62E943164B05AEA93B6B>
CRIT   :  [2026-10-01T17:19:00+0000] msg=<POLICY [ReadOnly] --------T->, path=</opt/fsc-test/testbinary>, ctime_old=<[2026-10-01T17:18:58]>, ctime_new=<[2026-10-01T17:19:00]>, 
ALERT  :  [2026-10-01T17:19:01+0000] msg=<EXIT>, program=<Samhain>, status=<exit_success>
=== fenster=250 lauf=5 offset=343 im_fenster=0 aide=0 samhain=1 ===
--- aide ---
Start timestamp: 2026-10-01 17:19:02 +0000 (AIDE 0.19.2)
AIDE found NO differences between database and filesystem. Looks okay!!

Number of entries:	202

---------------------------------------------------
The attributes of the (uncompressed) database(s):
---------------------------------------------------

/var/lib/aide/aide-fsc.db
 SHA256    : BT6ZsHVG3uJP/Tfeexdv3/Z4szI2tC0r
             mpxAS7u6otc=
 SHA512    : 7ReyxZXm5V7AB/Xt95vCxhFi/MO7Hkfj
             ajY3GyrNXQULpe/r608pRCjspmfRPLOI
             PaWmFdN5CtyNuUhEgdPYfw==
 STRIBOG256: xZL5x+8oFj4fILMWA2e7EMDb3YXPuCpn
             HtFjLPxuOZQ=
 STRIBOG512: vzfORk2OgqZhjgPQNjny0equPFCi8Gej
             T1I3XuYtKIK3T0yZKJ5GMdozZn/ci5nT
             fu/cvvSSDJSnKAQvFOSAVA==
 SHA512/256: Z2fnXYTOaeUwf9wXIhLQywFfXx/ui6B7
             uoHzv6jyBb0=
 SHA3-256  : APEIWPj11mCeJ/FzVwLRb0bYHbqnpWzx
             1BXgq6dyaXo=
 SHA3-512  : KO4cD3K/1cnKFgB2KqNrCcehKVWxUuL5
             iI6uu+RmnRRGM7CQcfKsgQCP3/m5Yk+M
             IF/4frKgIEA/gSnJvQ/LTQ==


End timestamp: 2026-10-01 17:19:02 +0000 (run time: 0m 0s)
--- samhain ---
ALERT  :  [2026-10-01T17:19:02+0000] msg=<START>, program=<Samhain>, userid=<0>, path=</etc/samhain/samhainrc>, hash=<603D03FD324736250B120AC29FAE55595B27543328D5DFE2>, path=</var/lib/samhain/samhain-fsc.file>, hash=<1874D8592CAF079912E4CFE5B40505D99E0F45E8753DDA8F>
CRIT   :  [2026-10-01T17:19:02+0000] msg=<POLICY [ReadOnly] --------T->, path=</opt/fsc-test/testbinary>, ctime_old=<[2026-10-01T17:19:00]>, ctime_new=<[2026-10-01T17:19:02]>, 
ALERT  :  [2026-10-01T17:19:02+0000] msg=<EXIT>, program=<Samhain>, status=<exit_success>
=== fenster=250 lauf=6 offset=101 im_fenster=1 aide=1 samhain=1 ===
--- aide ---
Start timestamp: 2026-10-01 17:19:04 +0000 (AIDE 0.19.2)
AIDE found differences between database and filesystem!!

Summary:
  Total number of entries:	202
  Added entries:		0
  Removed entries:		0
  Changed entries:		1

---------------------------------------------------
Changed entries:
---------------------------------------------------

f = p..   ...      : /opt/fsc-test/testbinary

---------------------------------------------------
Detailed information about changes:
---------------------------------------------------

File: /opt/fsc-test/testbinary
 Perm      : -rwxr-xr-x                       | -rwsr-xr-x


---------------------------------------------------
The attributes of the (uncompressed) database(s):
---------------------------------------------------

/var/lib/aide/aide-fsc.db
 SHA256    : otuAtoWK+X0PA8xqexhVyBNarUrFYFb+
             c5nMOeJIE0g=
 SHA512    : IbvdGj7Ci2N0XbDx4Xnd6dD5h/+5Se9z
             AF7zCh5yS+TY0VhNNIh2RPg4/AV66F04
             6KqWzqpBIviGIv3lISWHJg==
 STRIBOG256: pyirdtxq3z9Amsl1UdHuJzSJ3bbp8diz
             yfkuSjlsJq8=
 STRIBOG512: wcBO+Fg8pWoKh9oVixTg4G+denxKDdfw
             rIlI8XgtG6WcEoquZskkdzrOWrmPOHp5
             hXlf4MP95XUtlG2+488ivg==
 SHA512/256: RvnTLr9B1vOUTypJtNUB3SF3jQqzNGaF
             OrtZkrQXgn8=
 SHA3-256  : usSO9yjkQglNX3bwKLUoc9FKlqoUltFO
             VhW5au+1bGE=
 SHA3-512  : Mduf2vWHO/HhdbJF+ncNMiEayDSMo/sR
             hpmh7aTyfh3m1SUGFjoY4cxLQbS61J3w
             k/LuYKswOjKnidZ/lPV5MQ==


End timestamp: 2026-10-01 17:19:04 +0000 (run time: 0m 0s)
--- samhain ---
ALERT  :  [2026-10-01T17:19:04+0000] msg=<START>, program=<Samhain>, userid=<0>, path=</etc/samhain/samhainrc>, hash=<603D03FD324736250B120AC29FAE55595B27543328D5DFE2>, path=</var/lib/samhain/samhain-fsc.file>, hash=<2550FA191615B45BC130D795F10A8BB73B92D3FB9BAF0619>
CRIT   :  [2026-10-01T17:19:04+0000] msg=<POLICY [ReadOnly] --------T->, path=</opt/fsc-test/testbinary>, ctime_old=<[2026-10-01T17:19:02]>, ctime_new=<[2026-10-01T17:19:04]>, 
ALERT  :  [2026-10-01T17:19:04+0000] msg=<EXIT>, program=<Samhain>, status=<exit_success>
=== fenster=250 lauf=7 offset=439 im_fenster=0 aide=0 samhain=1 ===
--- aide ---
Start timestamp: 2026-10-01 17:19:06 +0000 (AIDE 0.19.2)
AIDE found NO differences between database and filesystem. Looks okay!!

Number of entries:	202

---------------------------------------------------
The attributes of the (uncompressed) database(s):
---------------------------------------------------

/var/lib/aide/aide-fsc.db
 SHA256    : 8YXWKda3PbsYyK8UnXSMx0n1/ZNMLih6
             etFLd0lGqXQ=
 SHA512    : cwZoQRD42yOOoMScJykazQuc4KTO7dXE
             UY07RpzpooKchkP0xPcUOaWVX4Vtoyzx
             v0DK5qjY9fYYbhrgoi7ANQ==
 STRIBOG256: wYGsznC/1A0q0E9TM5T/WzCWyi4wqVu5
             zwfgB6AZSZU=
 STRIBOG512: tUKyEGjALdaMvtfbxtEFxrOBc1cX8dX0
             JBUSzomeGQv/59suu8zu9XQlOxcaV5i/
             pTO707iWV1mPjrfPaIFdZg==
 SHA512/256: 7p6j9sifA2Y2OGcqDI9tcGauhAFSZwHQ
             hF32En8jRSU=
 SHA3-256  : 9aWFdcvfyo5uzWbt+cNg43sARyAdQPRK
             CXWxdOe4OpA=
 SHA3-512  : Hj/WGs2bmIASEQviiG+/a1xxECt3T5nK
             we6tIZ6Tpwvhd7MX0lVPVAZdx3R97b+X
             35YeVmb2CDRBiIoaVM5+oQ==


End timestamp: 2026-10-01 17:19:06 +0000 (run time: 0m 0s)
--- samhain ---
ALERT  :  [2026-10-01T17:19:06+0000] msg=<START>, program=<Samhain>, userid=<0>, path=</etc/samhain/samhainrc>, hash=<603D03FD324736250B120AC29FAE55595B27543328D5DFE2>, path=</var/lib/samhain/samhain-fsc.file>, hash=<F1FCED97DA87BB9542AB9FD1F62EE03448920253E30A6E2E>
CRIT   :  [2026-10-01T17:19:06+0000] msg=<POLICY [ReadOnly] --------T->, path=</opt/fsc-test/testbinary>, ctime_old=<[2026-10-01T17:19:04]>, ctime_new=<[2026-10-01T17:19:06]>, 
ALERT  :  [2026-10-01T17:19:06+0000] msg=<EXIT>, program=<Samhain>, status=<exit_success>
=== fenster=250 lauf=8 offset=287 im_fenster=0 aide=0 samhain=1 ===
--- aide ---
Start timestamp: 2026-10-01 17:19:08 +0000 (AIDE 0.19.2)
AIDE found NO differences between database and filesystem. Looks okay!!

Number of entries:	202

---------------------------------------------------
The attributes of the (uncompressed) database(s):
---------------------------------------------------

/var/lib/aide/aide-fsc.db
 SHA256    : xEcsANlZw4ExVcNNl716ij29KIVpWok8
             wqwaIGaxa8o=
 SHA512    : G/n7gjVtvCAjSZVplMT8LhZpnAvIE+uV
             nIN7OVOK+C5+WA1vcEdn0mlvIYgyP2b4
             lmGLNcLhyFz6qrReprVW4g==
 STRIBOG256: IWVGDj0NwKSSJqZQIiDX2+oNWGthrmJw
             W+RW0rfEQOA=
 STRIBOG512: Bq0de0QaZWLjp3ZjALjeZig7RR0+v1hs
             3WqWeF7rir6zfL3SL/oGY3lffhbwDu1R
             jdwITnwquqBzRPm27G21CQ==
 SHA512/256: KWjkKtkoIxu0rUE2sRhFYNlMUIR6tjpx
             lsjs26aRCVo=
 SHA3-256  : WbDJqwq5fQPg8vFRZQiyhEvtvxer/LKO
             R8p4sW7nIcc=
 SHA3-512  : nvsUaPDBCHflJ5OPeFZyQTS/Cb0VHH4d
             W+bX9O8bdRoTE9h9i+ZuViXMNUW5+zxf
             tSUyBe/oHucEvVaqFQZMsA==


End timestamp: 2026-10-01 17:19:08 +0000 (run time: 0m 0s)
--- samhain ---
ALERT  :  [2026-10-01T17:19:08+0000] msg=<START>, program=<Samhain>, userid=<0>, path=</etc/samhain/samhainrc>, hash=<603D03FD324736250B120AC29FAE55595B27543328D5DFE2>, path=</var/lib/samhain/samhain-fsc.file>, hash=<4E04717701E048B25810206442F359F19CC81E8B387E4F7F>
CRIT   :  [2026-10-01T17:19:08+0000] msg=<POLICY [ReadOnly] --------T->, path=</opt/fsc-test/testbinary>, ctime_old=<[2026-10-01T17:19:06]>, ctime_new=<[2026-10-01T17:19:08]>, 
ALERT  :  [2026-10-01T17:19:08+0000] msg=<EXIT>, program=<Samhain>, status=<exit_success>
=== fenster=250 lauf=9 offset=63 im_fenster=1 aide=1 samhain=1 ===
--- aide ---
Start timestamp: 2026-10-01 17:19:09 +0000 (AIDE 0.19.2)
AIDE found differences between database and filesystem!!

Summary:
  Total number of entries:	202
  Added entries:		0
  Removed entries:		0
  Changed entries:		1

---------------------------------------------------
Changed entries:
---------------------------------------------------

f = p..   ...      : /opt/fsc-test/testbinary

---------------------------------------------------
Detailed information about changes:
---------------------------------------------------

File: /opt/fsc-test/testbinary
 Perm      : -rwxr-xr-x                       | -rwsr-xr-x


---------------------------------------------------
The attributes of the (uncompressed) database(s):
---------------------------------------------------

/var/lib/aide/aide-fsc.db
 SHA256    : FUYX1zuL4WLcrySxPA3EakvcQtW2Qoro
             PM8YcjMQEJE=
 SHA512    : j/ni+jMo07VK76giVham7UezvK/Iv6hU
             hJGPmUR8Xgf/HzKPYXD/d4uj/qheuv7c
             TFmuDiMXIssPOuRfmhqLdA==
 STRIBOG256: yfx2G+hvhaEle5jnDtFahQCNUt/V+j9p
             GO20lvXVeFw=
 STRIBOG512: PQf3YI1O1Pt1TMe0Jlq0wzovG+D4G0UY
             xJUqLhtMkIuAAppaGVzZ7gWcjkX3b83F
             AzKM+1HXOnnyhqj/IMbDHQ==
 SHA512/256: NrLrU70j8eySjlc34e+f+9eTQvBMlRaW
             MXFdRQ4flBw=
 SHA3-256  : jksX+EXx2JWd4HseHsJcNrh1+kSnpQpm
             ylmBp2JNwCM=
 SHA3-512  : gJUu9xpxVfay7Um0x4jUe9cuwi3V5vqH
             MukYaADTKImhd+vzO8C1gQWvd8jE1o1A
             aLle9Jka7u+IMXhT7nb3Nw==


End timestamp: 2026-10-01 17:19:09 +0000 (run time: 0m 0s)
--- samhain ---
ALERT  :  [2026-10-01T17:19:10+0000] msg=<START>, program=<Samhain>, userid=<0>, path=</etc/samhain/samhainrc>, hash=<603D03FD324736250B120AC29FAE55595B27543328D5DFE2>, path=</var/lib/samhain/samhain-fsc.file>, hash=<CA563AD0C9A2F2CA2D62A6B434EB1404CAB3D71B35FE28BA>
CRIT   :  [2026-10-01T17:19:10+0000] msg=<POLICY [ReadOnly] --------T->, path=</opt/fsc-test/testbinary>, ctime_old=<[2026-10-01T17:19:08]>, ctime_new=<[2026-10-01T17:19:10]>, 
ALERT  :  [2026-10-01T17:19:10+0000] msg=<EXIT>, program=<Samhain>, status=<exit_success>
=== fenster=250 lauf=10 offset=212 im_fenster=1 aide=1 samhain=1 ===
--- aide ---
Start timestamp: 2026-10-01 17:19:11 +0000 (AIDE 0.19.2)
AIDE found differences between database and filesystem!!

Summary:
  Total number of entries:	202
  Added entries:		0
  Removed entries:		0
  Changed entries:		1

---------------------------------------------------
Changed entries:
---------------------------------------------------

f = p..   ...      : /opt/fsc-test/testbinary

---------------------------------------------------
Detailed information about changes:
---------------------------------------------------

File: /opt/fsc-test/testbinary
 Perm      : -rwxr-xr-x                       | -rwsr-xr-x


---------------------------------------------------
The attributes of the (uncompressed) database(s):
---------------------------------------------------

/var/lib/aide/aide-fsc.db
 SHA256    : 2mcXZER3eAHFDA87JDLkuSuG185nVo/7
             EQhMOIc+Ytw=
 SHA512    : Fqd5vh7PAKF2ZF8/2fFBsoEoj3xwB1HN
             uCD8BiCWtspNb9RaBdJQd4srKrNP+E+U
             e+RmIAj66QVjlsKBXM/AMQ==
 STRIBOG256: WU+VAqVhxQ43ifeMd3tg6OwStdWl6CHm
             Fv9lQ+lYil8=
 STRIBOG512: st0rLSJaN77vnFur+XBFcH5RUC/1zlqr
             jgp+weT3wOHKLoH6I0eiUpkK9YCvsGFQ
             jqg3L8m+z/W5xIT/coUV+A==
 SHA512/256: jsigG3loOOB3lDajqeUGJ2qv+UKo7xsY
             y/UyHZDAJrE=
 SHA3-256  : UGuvI0PDV9di6UXRGEmdHbPUY/KLYzUM
             P5x3PCJ6Zz4=
 SHA3-512  : fGwE/r6CoglPuRAakQSrAdJjyqaGjjEN
             NYRasROeL5mw650lroARZUpgMrID1X1m
             DPk1hO8mriKCCUFZyBQJbw==


End timestamp: 2026-10-01 17:19:11 +0000 (run time: 0m 0s)
--- samhain ---
ALERT  :  [2026-10-01T17:19:11+0000] msg=<START>, program=<Samhain>, userid=<0>, path=</etc/samhain/samhainrc>, hash=<603D03FD324736250B120AC29FAE55595B27543328D5DFE2>, path=</var/lib/samhain/samhain-fsc.file>, hash=<AEDB50437B1BE7FE78ECED79D08E40BC05A44AAFCA2CF9C8>
CRIT   :  [2026-10-01T17:19:11+0000] msg=<POLICY [ReadOnly] --------T->, path=</opt/fsc-test/testbinary>, ctime_old=<[2026-10-01T17:19:10]>, ctime_new=<[2026-10-01T17:19:11]>, 
ALERT  :  [2026-10-01T17:19:12+0000] msg=<EXIT>, program=<Samhain>, status=<exit_success>
=== fenster=250 lauf=11 offset=452 im_fenster=0 aide=0 samhain=1 ===
--- aide ---
Start timestamp: 2026-10-01 17:19:13 +0000 (AIDE 0.19.2)
AIDE found NO differences between database and filesystem. Looks okay!!

Number of entries:	202

---------------------------------------------------
The attributes of the (uncompressed) database(s):
---------------------------------------------------

/var/lib/aide/aide-fsc.db
 SHA256    : konRW2inrSXoypMmNGNHsyCKB+nY0vj6
             jiJVBpZV9DE=
 SHA512    : mvJVlECUTqEEbPYrXYEmGomLyhjlFG66
             umNk03+ancvt43L+uWVTWfcWOqFiwoeG
             6XLjKo8VgIRFHjJ68E25jQ==
 STRIBOG256: mlnyc+f3RSMwJUNO8H/kGyltsUhTADPG
             SIVEtXtGoPc=
 STRIBOG512: Ceva4IWGYqSTbF6H428GPvQpGixjEUQU
             QL+mLzUQuxk99n2MA+CNyp/B0u44dMd9
             9NeYGXEcPG1T8hvq31cqvg==
 SHA512/256: 1CmtavRPaHxFjIn0o27IpFEiOHnpkbzn
             DLgux2AFcD8=
 SHA3-256  : xjwpubhgPfdNSsDCT6+YtbA0Z4hRbLn0
             p1ffJ4vdo8E=
 SHA3-512  : 1tlwwD/845QdoH+xjIW7btqTJOPYHJP7
             7+zAbGxX2k9QN7/moTYF6lhbtGMU156K
             fydWEnN3qb64frIcekZQWQ==


End timestamp: 2026-10-01 17:19:13 +0000 (run time: 0m 0s)
--- samhain ---
ALERT  :  [2026-10-01T17:19:13+0000] msg=<START>, program=<Samhain>, userid=<0>, path=</etc/samhain/samhainrc>, hash=<603D03FD324736250B120AC29FAE55595B27543328D5DFE2>, path=</var/lib/samhain/samhain-fsc.file>, hash=<D373D8222EC441D450743C0DFCC3C0E7C0369E8A530CFFAC>
CRIT   :  [2026-10-01T17:19:13+0000] msg=<POLICY [ReadOnly] --------T->, path=</opt/fsc-test/testbinary>, ctime_old=<[2026-10-01T17:19:11]>, ctime_new=<[2026-10-01T17:19:13]>, 
ALERT  :  [2026-10-01T17:19:14+0000] msg=<EXIT>, program=<Samhain>, status=<exit_success>
=== fenster=250 lauf=12 offset=145 im_fenster=1 aide=1 samhain=1 ===
--- aide ---
Start timestamp: 2026-10-01 17:19:15 +0000 (AIDE 0.19.2)
AIDE found differences between database and filesystem!!

Summary:
  Total number of entries:	202
  Added entries:		0
  Removed entries:		0
  Changed entries:		1

---------------------------------------------------
Changed entries:
---------------------------------------------------

f = p..   ...      : /opt/fsc-test/testbinary

---------------------------------------------------
Detailed information about changes:
---------------------------------------------------

File: /opt/fsc-test/testbinary
 Perm      : -rwxr-xr-x                       | -rwsr-xr-x


---------------------------------------------------
The attributes of the (uncompressed) database(s):
---------------------------------------------------

/var/lib/aide/aide-fsc.db
 SHA256    : PPiP8cHFW5BBRMakkDlfL+Sp50LA74BJ
             H8n2RKZwjIo=
 SHA512    : M6314G5Xj0NJ5ToipNzTZcc8hkfRgIv8
             e4r8utXBesAN1UHCzy0T7PtB7qR2EBbT
             96xoDjIQsUV8/5CkpXIEiQ==
 STRIBOG256: CIBWP3NV62ZP91OyU5H9M1otOPWYmcku
             QLKyMjbq7xI=
 STRIBOG512: vkPZClCbrLHiL2zgPiY2/0lEhBPf8BKW
             yj4R5gLEXJsWrDN2LvVA7SR8xWoMiVEx
             IH5eIiU5E7NptVgGy+UZ3w==
 SHA512/256: 1bOCMjj3eYLSupcJZl2U4n80G8C6rWhE
             Zz/xRtE5vE4=
 SHA3-256  : TG7FaGUQYzgGcd5RdRj4scbwS2udsmMs
             N1uYIJeSFEE=
 SHA3-512  : JGtJyS3KbepOc8FV7omwNL/SCCzuCC/8
             8SC8ePpXm2vEmi2Echytr3E/a+3vySsd
             7stk+T3+HF57BftgBAEkfA==


End timestamp: 2026-10-01 17:19:15 +0000 (run time: 0m 0s)
--- samhain ---
ALERT  :  [2026-10-01T17:19:15+0000] msg=<START>, program=<Samhain>, userid=<0>, path=</etc/samhain/samhainrc>, hash=<603D03FD324736250B120AC29FAE55595B27543328D5DFE2>, path=</var/lib/samhain/samhain-fsc.file>, hash=<0B7193E641EE1D4AF3F7C9DC8528981DCE6EC6048CAF0D91>
CRIT   :  [2026-10-01T17:19:15+0000] msg=<POLICY [ReadOnly] --------T->, path=</opt/fsc-test/testbinary>, ctime_old=<[2026-10-01T17:19:13]>, ctime_new=<[2026-10-01T17:19:15]>, 
ALERT  :  [2026-10-01T17:19:15+0000] msg=<EXIT>, program=<Samhain>, status=<exit_success>
=== fenster=250 lauf=13 offset=11 im_fenster=1 aide=1 samhain=1 ===
--- aide ---
Start timestamp: 2026-10-01 17:19:17 +0000 (AIDE 0.19.2)
AIDE found differences between database and filesystem!!

Summary:
  Total number of entries:	202
  Added entries:		0
  Removed entries:		0
  Changed entries:		1

---------------------------------------------------
Changed entries:
---------------------------------------------------

f = p..   ...      : /opt/fsc-test/testbinary

---------------------------------------------------
Detailed information about changes:
---------------------------------------------------

File: /opt/fsc-test/testbinary
 Perm      : -rwxr-xr-x                       | -rwsr-xr-x


---------------------------------------------------
The attributes of the (uncompressed) database(s):
---------------------------------------------------

/var/lib/aide/aide-fsc.db
 SHA256    : nmjkcxM6WnjVuwCooaLCvDMJD6rRmBuE
             9/8zlNQsGMI=
 SHA512    : prbk5axtkb31DhMibiCQVEvVIzYc11q2
             W3GPVv9UQwZgCNv4yhRwDJ4g90QaPQFy
             Po7QJ2Yd5KJh9IMolmoDAQ==
 STRIBOG256: pt+VprmTgTs6GJGqKXMzCKsYAFT9Ugbz
             0SqL3EA7myw=
 STRIBOG512: ftRQSG1zQhuVJ+lZWM+Yh2q8aye/tRq4
             eWTjH6WbOGQ38SgNqrQ3TvvXgzh2h0r7
             rTMEQD2qu/BXvq57K/1IHA==
 SHA512/256: sKHj2uZCUwl9DRm8Zd4nuXfgcuA/FfeA
             qpTN0lItNnk=
 SHA3-256  : hcSudF8pCb4oxo1pZ9R3TZU7jkHJgnrw
             FHmB7TulQzE=
 SHA3-512  : LLOOAcaA2v4rySi7daJwvo8HXlXW2ah9
             oRfaQbUJyLRvwxQlfQ/MgxZde2jqTEAC
             h4wX7//xfGyr44TjdfEWwA==


End timestamp: 2026-10-01 17:19:17 +0000 (run time: 0m 0s)
--- samhain ---
ALERT  :  [2026-10-01T17:19:17+0000] msg=<START>, program=<Samhain>, userid=<0>, path=</etc/samhain/samhainrc>, hash=<603D03FD324736250B120AC29FAE55595B27543328D5DFE2>, path=</var/lib/samhain/samhain-fsc.file>, hash=<E5786FA738F25CEDE2746169CFAE5A8B3F6F1C9BA93D197C>
CRIT   :  [2026-10-01T17:19:17+0000] msg=<POLICY [ReadOnly] --------T->, path=</opt/fsc-test/testbinary>, ctime_old=<[2026-10-01T17:19:15]>, ctime_new=<[2026-10-01T17:19:17]>, 
ALERT  :  [2026-10-01T17:19:17+0000] msg=<EXIT>, program=<Samhain>, status=<exit_success>
=== fenster=250 lauf=14 offset=80 im_fenster=1 aide=1 samhain=1 ===
--- aide ---
Start timestamp: 2026-10-01 17:19:18 +0000 (AIDE 0.19.2)
AIDE found differences between database and filesystem!!

Summary:
  Total number of entries:	202
  Added entries:		0
  Removed entries:		0
  Changed entries:		1

---------------------------------------------------
Changed entries:
---------------------------------------------------

f = p..   ...      : /opt/fsc-test/testbinary

---------------------------------------------------
Detailed information about changes:
---------------------------------------------------

File: /opt/fsc-test/testbinary
 Perm      : -rwxr-xr-x                       | -rwsr-xr-x


---------------------------------------------------
The attributes of the (uncompressed) database(s):
---------------------------------------------------

/var/lib/aide/aide-fsc.db
 SHA256    : JTMqj5XdnTqMBDIHBuI02k8Yl+LCZ/SC
             h+Z0JIwzxvs=
 SHA512    : 08b5uWpdbpFbzqWaYtMcWGLJHD7oEWel
             ayctktUYiLo4lkEC+c8UaEgODSiZzvZ9
             D8bIIsgCKuLrS2pTofq1pw==
 STRIBOG256: mpLNg5N0gpKosvBXTEdlj0I8c7BlgBY+
             bQDWG7Zh+uc=
 STRIBOG512: ZRJ4oUUIhXGAjzZ1dKGT5FHD0NHULoiR
             g6J+G0AtJM4Bt73ra/0IMtO3adJfKSx5
             jbpamQr78P6OkCW0gpTvow==
 SHA512/256: oPuMyXG7vIbd78flJpym/n9t/CKLdfXI
             7M/09v/1MPc=
 SHA3-256  : PAQl0Wjf5aFMj8Z/zExeFCacT8y398uU
             EYeXK8OZHpM=
 SHA3-512  : 3HmrrFfMR+a7ZDei0Ejrw9t7+NMiBexP
             CBuh16vXKFJHb7KUlta1suqkANJlOUuE
             UuIYoX2ZMaX6gySnqMa+wg==


End timestamp: 2026-10-01 17:19:19 +0000 (run time: 0m 1s)
--- samhain ---
ALERT  :  [2026-10-01T17:19:19+0000] msg=<START>, program=<Samhain>, userid=<0>, path=</etc/samhain/samhainrc>, hash=<603D03FD324736250B120AC29FAE55595B27543328D5DFE2>, path=</var/lib/samhain/samhain-fsc.file>, hash=<03EA4F16233F27DA2ACFA91C438018CC902547EEF6B03165>
CRIT   :  [2026-10-01T17:19:19+0000] msg=<POLICY [ReadOnly] --------T->, path=</opt/fsc-test/testbinary>, ctime_old=<[2026-10-01T17:19:17]>, ctime_new=<[2026-10-01T17:19:19]>, 
ALERT  :  [2026-10-01T17:19:19+0000] msg=<EXIT>, program=<Samhain>, status=<exit_success>
=== fenster=250 lauf=15 offset=377 im_fenster=0 aide=0 samhain=1 ===
--- aide ---
Start timestamp: 2026-10-01 17:19:21 +0000 (AIDE 0.19.2)
AIDE found NO differences between database and filesystem. Looks okay!!

Number of entries:	202

---------------------------------------------------
The attributes of the (uncompressed) database(s):
---------------------------------------------------

/var/lib/aide/aide-fsc.db
 SHA256    : 44Uf14BlTw7YF/zRUUdDku9A09i8Ub1m
             23QV//wxWNQ=
 SHA512    : 2+2XDkACdOV/hsnsnZSNbYQsw2N/5t0T
             T3Ko3xDn+EpXRS7DZliFv6qyc4exGVlr
             HTskiHh5HXdhMWLgX7MAQw==
 STRIBOG256: Uwh16boxfE+XWROjdkHepAxD4Qvam1iY
             dwR1X9fVJJc=
 STRIBOG512: Cqds+PGTFCIX28hLc1XQUV76+m7cev7y
             2aK9ezgSD4vjH3MReaq+1xkozUY1an1c
             Oub01VNGDzbxyj0guOAcOw==
 SHA512/256: TcNOz9W+LkE/oUi7eu6KSxcN9m15OZOl
             jzJ4S/l4g38=
 SHA3-256  : t6SdPwyHcd34ciSgh82TU2tjVYIK5Vqu
             duJ6CptsvIw=
 SHA3-512  : MIrPo56iRIZTSLhqVvVsHNSzZN5YgbkF
             3foTKUIVkjBP9xXoywW4Z1a7eljgh8uG
             pxQTVlVpSmCq470ANLrpwg==


End timestamp: 2026-10-01 17:19:21 +0000 (run time: 0m 0s)
--- samhain ---
ALERT  :  [2026-10-01T17:19:21+0000] msg=<START>, program=<Samhain>, userid=<0>, path=</etc/samhain/samhainrc>, hash=<603D03FD324736250B120AC29FAE55595B27543328D5DFE2>, path=</var/lib/samhain/samhain-fsc.file>, hash=<93298D908941AE625ACBDB839B7587884DDE2D62589953C8>
CRIT   :  [2026-10-01T17:19:21+0000] msg=<POLICY [ReadOnly] --------T->, path=</opt/fsc-test/testbinary>, ctime_old=<[2026-10-01T17:19:19]>, ctime_new=<[2026-10-01T17:19:20]>, 
ALERT  :  [2026-10-01T17:19:21+0000] msg=<EXIT>, program=<Samhain>, status=<exit_success>
=== fenster=250 lauf=16 offset=27 im_fenster=1 aide=1 samhain=1 ===
--- aide ---
Start timestamp: 2026-10-01 17:19:22 +0000 (AIDE 0.19.2)
AIDE found differences between database and filesystem!!

Summary:
  Total number of entries:	202
  Added entries:		0
  Removed entries:		0
  Changed entries:		1

---------------------------------------------------
Changed entries:
---------------------------------------------------

f = p..   ...      : /opt/fsc-test/testbinary

---------------------------------------------------
Detailed information about changes:
---------------------------------------------------

File: /opt/fsc-test/testbinary
 Perm      : -rwxr-xr-x                       | -rwsr-xr-x


---------------------------------------------------
The attributes of the (uncompressed) database(s):
---------------------------------------------------

/var/lib/aide/aide-fsc.db
 SHA256    : 8sbx1n9CKQZjcqObumI/+jPWTMC0mrBH
             i9r4fMnlStk=
 SHA512    : dtWD0x5+SV2p+tpxdCI9xl4VTHAhqp32
             0/0Z3fdQGacMGNNp68pIk4ABzAU1eFeV
             ty2lBAHvSJXX108Kyk44aw==
 STRIBOG256: gwYkOrNbxSf6LBv2qy8WQK1CEWFgWV20
             P3z9FLYoZGY=
 STRIBOG512: RK0Z7KPJIfLqiE2Ijeyzan51HwymbrYE
             rKOiF23w5e3shHhXqWl4ATqOlBSfPB+x
             i3z1um7IsuLGN/0/EhkfUA==
 SHA512/256: Lz0LzHg3Tv8+buTsAfAOGOwLv7X+vOU6
             gJujVkWYhc8=
 SHA3-256  : Ldtq6moqh1SFaJjm+yIUJead5fJTTAwh
             6CpXsUeQO80=
 SHA3-512  : hjnlsWu+5dl2Lp6NDCgeGWmUTD42CWUp
             BPVDPa4bUQg3KUS6h3Z3lZs+ICa/N9Yl
             WQU1B9KO2c1dpnILwxBUmQ==


End timestamp: 2026-10-01 17:19:22 +0000 (run time: 0m 0s)
--- samhain ---
ALERT  :  [2026-10-01T17:19:22+0000] msg=<START>, program=<Samhain>, userid=<0>, path=</etc/samhain/samhainrc>, hash=<603D03FD324736250B120AC29FAE55595B27543328D5DFE2>, path=</var/lib/samhain/samhain-fsc.file>, hash=<C5458E5D3044F1A32759FA019A201392D7F4E444E4E679DB>
CRIT   :  [2026-10-01T17:19:22+0000] msg=<POLICY [ReadOnly] --------T->, path=</opt/fsc-test/testbinary>, ctime_old=<[2026-10-01T17:19:20]>, ctime_new=<[2026-10-01T17:19:22]>, 
ALERT  :  [2026-10-01T17:19:22+0000] msg=<EXIT>, program=<Samhain>, status=<exit_success>
=== fenster=250 lauf=17 offset=200 im_fenster=1 aide=1 samhain=1 ===
--- aide ---
Start timestamp: 2026-10-01 17:19:24 +0000 (AIDE 0.19.2)
AIDE found differences between database and filesystem!!

Summary:
  Total number of entries:	202
  Added entries:		0
  Removed entries:		0
  Changed entries:		1

---------------------------------------------------
Changed entries:
---------------------------------------------------

f = p..   ...      : /opt/fsc-test/testbinary

---------------------------------------------------
Detailed information about changes:
---------------------------------------------------

File: /opt/fsc-test/testbinary
 Perm      : -rwxr-xr-x                       | -rwsr-xr-x


---------------------------------------------------
The attributes of the (uncompressed) database(s):
---------------------------------------------------

/var/lib/aide/aide-fsc.db
 SHA256    : OMZcdrZ1vGh6xVxwHR9sdpDT4924sZ1S
             X8gq6BbbkXY=
 SHA512    : sJNVBf+MRrNtAxak+hFgv2A9MNxjFHG0
             bKL1xYYthmJ70wfJUi8V8PSSOYlkTiYZ
             7jamPogo0mKRNYtK3CXaLA==
 STRIBOG256: DEijuUROry73NnvE8GKH47EW6RPDSigE
             YnltGlzyywg=
 STRIBOG512: F7d03iGEzyDIA7A5UYhBFL7AJxQLgXbe
             fksCrHKF1FLqQw4/1+XgD2nz7aqn+tj6
             quuyQyQrNGqYQMrI68dDjQ==
 SHA512/256: 4H9IzDwyLG/S0m64SuuUtKzFmDH7BRMC
             fUPdF0Zk0ok=
 SHA3-256  : zdQ1Kh/iSBOUxASjMbZdG9xRx/V/V0sZ
             A3EHdlD8IZA=
 SHA3-512  : oKP3CW0mTmTC6zAGkjzKdVA3ZqhZrsCS
             BENPJaCp1uR/ubdq8dt/bw06u5NnUtK2
             MEmQ8ACM9fmOOkiu0V6Ddg==


End timestamp: 2026-10-01 17:19:24 +0000 (run time: 0m 0s)
--- samhain ---
ALERT  :  [2026-10-01T17:19:24+0000] msg=<START>, program=<Samhain>, userid=<0>, path=</etc/samhain/samhainrc>, hash=<603D03FD324736250B120AC29FAE55595B27543328D5DFE2>, path=</var/lib/samhain/samhain-fsc.file>, hash=<1171D05752CCF1708CC782D5C2F5DA700049CBFCDF166E27>
CRIT   :  [2026-10-01T17:19:24+0000] msg=<POLICY [ReadOnly] --------T->, path=</opt/fsc-test/testbinary>, ctime_old=<[2026-10-01T17:19:22]>, ctime_new=<[2026-10-01T17:19:24]>, 
ALERT  :  [2026-10-01T17:19:24+0000] msg=<EXIT>, program=<Samhain>, status=<exit_success>
=== fenster=250 lauf=18 offset=302 im_fenster=0 aide=0 samhain=1 ===
--- aide ---
Start timestamp: 2026-10-01 17:19:26 +0000 (AIDE 0.19.2)
AIDE found NO differences between database and filesystem. Looks okay!!

Number of entries:	202

---------------------------------------------------
The attributes of the (uncompressed) database(s):
---------------------------------------------------

/var/lib/aide/aide-fsc.db
 SHA256    : uNUehPN35BxMNhWGLkxOn4xAqvFiDqQZ
             lz9OPDX+jmM=
 SHA512    : dILhsFHqc8bwGDWRs53QjuhJKzKGCR9U
             yHyKNC993kW3g1Rst3dZENvjeMwyulOL
             oYY4+Y1QV63Pj06DLUYf/g==
 STRIBOG256: NqseiNyQa7iB3KXURljMGfU7Fn2BI13i
             Re4bbQXDI+c=
 STRIBOG512: xYfSl4D8bl9YhY/s5h8rXpHUon5NKrXU
             kNGU8eKeomf5MAHiaN+TPzNsJ863NRK3
             o+811TzG1OqwRGwJFvG1xg==
 SHA512/256: C0E8f2nQEV25q5ums0OdLusAtVeRpFRn
             qh61UXW5Ti4=
 SHA3-256  : YDoHaKT+NayMempab0cIzZANoirViDO/
             igZxD3DaQoQ=
 SHA3-512  : j4L+RgxBmyRW1RtaDCI7hC62C+SKUFLl
             YRW832lzogbNb2PjiM7gsyyeSpu2cWbo
             r6/mWITnnrQ5oGjJ4R4+Sg==


End timestamp: 2026-10-01 17:19:26 +0000 (run time: 0m 0s)
--- samhain ---
ALERT  :  [2026-10-01T17:19:26+0000] msg=<START>, program=<Samhain>, userid=<0>, path=</etc/samhain/samhainrc>, hash=<603D03FD324736250B120AC29FAE55595B27543328D5DFE2>, path=</var/lib/samhain/samhain-fsc.file>, hash=<CE6CFFF021F8D8C3DE92220CA7FB6749054FF22F30474914>
CRIT   :  [2026-10-01T17:19:26+0000] msg=<POLICY [ReadOnly] --------T->, path=</opt/fsc-test/testbinary>, ctime_old=<[2026-10-01T17:19:24]>, ctime_new=<[2026-10-01T17:19:26]>, 
ALERT  :  [2026-10-01T17:19:26+0000] msg=<EXIT>, program=<Samhain>, status=<exit_success>
=== fenster=250 lauf=19 offset=456 im_fenster=0 aide=0 samhain=1 ===
--- aide ---
Start timestamp: 2026-10-01 17:19:28 +0000 (AIDE 0.19.2)
AIDE found NO differences between database and filesystem. Looks okay!!

Number of entries:	202

---------------------------------------------------
The attributes of the (uncompressed) database(s):
---------------------------------------------------

/var/lib/aide/aide-fsc.db
 SHA256    : 3Mua0hPXZMDKYMy20GXUihr+T6s6ICTC
             F6q1eG7AcoQ=
 SHA512    : J8e5p7R32b8va9JuE/6Kbw/tQA03TJu+
             DBGRHH9igIlw21XDv38RzB/3y8wWC/V+
             F+JmdJQRXAzy2/+llS9NPQ==
 STRIBOG256: k8SgpSVEWgng8I3q6uoKo298psPsR73p
             2N1PyEgfHq4=
 STRIBOG512: YMWu+znufCen1mTAX4/6TIvQmKyhXXf/
             5U26QLOUoobivSwffVERjDtSkNanxCrD
             sQtgamSFKi+PGweJB4qNHw==
 SHA512/256: oyoWR67AY2TbiD21Sj0R85uoHdmBwELa
             G5P8Nzpgd/Q=
 SHA3-256  : 9oucMtsCCFVs77WfZdqFDSEhNkDpeGc0
             7Fko1gZzDx0=
 SHA3-512  : d/lktUNWhlu3bfkLoU0ZqFXrGKswxqbE
             jiB59QG6JmtQrIHWAKN1QK6xMW+x5cc1
             FuvBl4wefDFRKCCemNhGLg==


End timestamp: 2026-10-01 17:19:28 +0000 (run time: 0m 0s)
--- samhain ---
ALERT  :  [2026-10-01T17:19:28+0000] msg=<START>, program=<Samhain>, userid=<0>, path=</etc/samhain/samhainrc>, hash=<603D03FD324736250B120AC29FAE55595B27543328D5DFE2>, path=</var/lib/samhain/samhain-fsc.file>, hash=<427D072F620C0ED0B135763666CFC780CD9729CA5B7F9009>
CRIT   :  [2026-10-01T17:19:28+0000] msg=<POLICY [ReadOnly] --------T->, path=</opt/fsc-test/testbinary>, ctime_old=<[2026-10-01T17:19:26]>, ctime_new=<[2026-10-01T17:19:28]>, 
ALERT  :  [2026-10-01T17:19:28+0000] msg=<EXIT>, program=<Samhain>, status=<exit_success>
=== fenster=250 lauf=20 offset=35 im_fenster=1 aide=1 samhain=1 ===
--- aide ---
Start timestamp: 2026-10-01 17:19:30 +0000 (AIDE 0.19.2)
AIDE found differences between database and filesystem!!

Summary:
  Total number of entries:	202
  Added entries:		0
  Removed entries:		0
  Changed entries:		1

---------------------------------------------------
Changed entries:
---------------------------------------------------

f = p..   ...      : /opt/fsc-test/testbinary

---------------------------------------------------
Detailed information about changes:
---------------------------------------------------

File: /opt/fsc-test/testbinary
 Perm      : -rwxr-xr-x                       | -rwsr-xr-x


---------------------------------------------------
The attributes of the (uncompressed) database(s):
---------------------------------------------------

/var/lib/aide/aide-fsc.db
 SHA256    : 3bcPUfvfkhOCHu2LQcN8HzKBFxBwEDsa
             d5sim7yJgn4=
 SHA512    : MR+yDefmIsjhkwDfCPcM0K8Hnjx1ycMN
             v5qCpwP5xwQ/EOV4SMhNyiTH2IvIl6Ae
             rXbqZto9pIG1mzinQcAwRQ==
 STRIBOG256: xONNFVio74Wt4yE1oUGJRtWIdAzBtjmN
             9LTTv5EFHek=
 STRIBOG512: j3IkTAEnTwzRFPqq/krF0TdmfIN42DIs
             IShCK11VrP+SaZnpi9fWpnL5pPP7VDwQ
             G5r+zCXcK51lnU0dPMApCg==
 SHA512/256: Py/lxvb8pxrfvwbdnoxxjOLfYaXzkJJJ
             WRFBUBhdfLw=
 SHA3-256  : 9rk/DuCSPuyW5NNzn+dhRDFJ/pBmoOhA
             BgXKcUJPtMw=
 SHA3-512  : NrWb/zqnIEtgEg7KuHgv1zcP2jWD4x0r
             W5lTFNcL2rDEDSacQIorDiiQH22pC2Ej
             M+7u4MH4lupxVYDEPCiEvQ==


End timestamp: 2026-10-01 17:19:30 +0000 (run time: 0m 0s)
--- samhain ---
ALERT  :  [2026-10-01T17:19:30+0000] msg=<START>, program=<Samhain>, userid=<0>, path=</etc/samhain/samhainrc>, hash=<603D03FD324736250B120AC29FAE55595B27543328D5DFE2>, path=</var/lib/samhain/samhain-fsc.file>, hash=<34E5A44FCA00A6A022F56A6D794E84581B1EE5951DBD58AB>
CRIT   :  [2026-10-01T17:19:30+0000] msg=<POLICY [ReadOnly] --------T->, path=</opt/fsc-test/testbinary>, ctime_old=<[2026-10-01T17:19:28]>, ctime_new=<[2026-10-01T17:19:30]>, 
ALERT  :  [2026-10-01T17:19:30+0000] msg=<EXIT>, program=<Samhain>, status=<exit_success>
=== fenster=500 lauf=1 offset=492 im_fenster=1 aide=0 samhain=1 ===
--- aide ---
Start timestamp: 2026-10-01 17:19:32 +0000 (AIDE 0.19.2)
AIDE found NO differences between database and filesystem. Looks okay!!

Number of entries:	202

---------------------------------------------------
The attributes of the (uncompressed) database(s):
---------------------------------------------------

/var/lib/aide/aide-fsc.db
 SHA256    : cIzgQr7IhKvd9zfdRHwHGT3TQXEwHtC/
             /wGoHA1Fx+Q=
 SHA512    : NqR8PXsD3jUC0RCw3HxKSuqP8d4PQKCm
             0ZBt/TcymwcPDVecHOpuLY7wKECKsqqY
             FIfEiTtphldOblhygAHR/Q==
 STRIBOG256: QndvRATt6kjHeNDPTyu2/ip3Af/wkC8a
             XO3jIRVxHLo=
 STRIBOG512: cXm+tDfp955P3xdn7nEnQliTQDxYERFe
             V9J4/PFoyFh5XKZAsxdAISLobaw9mpya
             5L9Rhi0D8AL+JnbeybTzAQ==
 SHA512/256: ngBrsM7oVGpxdyZJXUUU+I+k2lPKGmvB
             ProkXXYmzZI=
 SHA3-256  : coqc/+Y40NnlfKcPUGLb5R+B5V02ICFT
             FG4r5isrCPs=
 SHA3-512  : PYqDKigHH7/O4Za6yAA67fr58CFyvvee
             S1QXW5aCQ1WjMsv68TMonk7wy353VFhE
             7S6TFmoB166P9khUCykObg==


End timestamp: 2026-10-01 17:19:32 +0000 (run time: 0m 0s)
--- samhain ---
ALERT  :  [2026-10-01T17:19:32+0000] msg=<START>, program=<Samhain>, userid=<0>, path=</etc/samhain/samhainrc>, hash=<603D03FD324736250B120AC29FAE55595B27543328D5DFE2>, path=</var/lib/samhain/samhain-fsc.file>, hash=<30EA7D636F49EEBA648ABEB801C0C5F6A510F4567A19FBFF>
CRIT   :  [2026-10-01T17:19:32+0000] msg=<POLICY [ReadOnly] --------T->, path=</opt/fsc-test/testbinary>, ctime_old=<[2026-10-01T17:19:30]>, ctime_new=<[2026-10-01T17:19:32]>, 
ALERT  :  [2026-10-01T17:19:32+0000] msg=<EXIT>, program=<Samhain>, status=<exit_success>
=== fenster=500 lauf=2 offset=288 im_fenster=1 aide=1 samhain=1 ===
--- aide ---
Start timestamp: 2026-10-01 17:19:34 +0000 (AIDE 0.19.2)
AIDE found differences between database and filesystem!!

Summary:
  Total number of entries:	202
  Added entries:		0
  Removed entries:		0
  Changed entries:		1

---------------------------------------------------
Changed entries:
---------------------------------------------------

f = p..   ...      : /opt/fsc-test/testbinary

---------------------------------------------------
Detailed information about changes:
---------------------------------------------------

File: /opt/fsc-test/testbinary
 Perm      : -rwxr-xr-x                       | -rwsr-xr-x


---------------------------------------------------
The attributes of the (uncompressed) database(s):
---------------------------------------------------

/var/lib/aide/aide-fsc.db
 SHA256    : 95Ht4fXZszmQNXTRr4f+RRsRPuwPW+fB
             eoodE5C5U3s=
 SHA512    : 6HcnMRzryhnETyu4xjIAzn1Ig+PhWY3u
             dT4xrcDM7lFTzLWq6EzbmE8D/FrsgmQk
             uVGRP0RnsEnWOWcLTJQStQ==
 STRIBOG256: idwvrY0Aa3+fNPelquad8oikvfkcf0Ou
             6HvdacezbxA=
 STRIBOG512: 9YnR9VhEcw9gdI+j/pWk8xJGvjEgisXs
             ZrQCzZq4guq24lXQLwBltq44Ctkj+UQb
             Ms9Qdd1JHxba1sJlVXyEiw==
 SHA512/256: XrCOgy0T0W8NdzWhe0Ltkc/fEFXEaWjl
             kzhuB6lt6b4=
 SHA3-256  : TJDFp6m/0E7S6N2voV6CT6ExFdiDajX0
             dQzjxGSKPcc=
 SHA3-512  : 1WXA+v+yNsW8jo/ivEnpFIUtqpF3uu+h
             hQDnbgXK8GVc+gteWbkZ3kxuG41i8lZq
             FYkL+sfjx9JRGqeCiFWiqA==


End timestamp: 2026-10-01 17:19:34 +0000 (run time: 0m 0s)
--- samhain ---
ALERT  :  [2026-10-01T17:19:34+0000] msg=<START>, program=<Samhain>, userid=<0>, path=</etc/samhain/samhainrc>, hash=<603D03FD324736250B120AC29FAE55595B27543328D5DFE2>, path=</var/lib/samhain/samhain-fsc.file>, hash=<3C949D2D3C6384A09CCCE9422A1B19678BDEF18828F494DC>
CRIT   :  [2026-10-01T17:19:34+0000] msg=<POLICY [ReadOnly] --------T->, path=</opt/fsc-test/testbinary>, ctime_old=<[2026-10-01T17:19:32]>, ctime_new=<[2026-10-01T17:19:34]>, 
ALERT  :  [2026-10-01T17:19:34+0000] msg=<EXIT>, program=<Samhain>, status=<exit_success>
=== fenster=500 lauf=3 offset=310 im_fenster=1 aide=1 samhain=1 ===
--- aide ---
Start timestamp: 2026-10-01 17:19:36 +0000 (AIDE 0.19.2)
AIDE found differences between database and filesystem!!

Summary:
  Total number of entries:	202
  Added entries:		0
  Removed entries:		0
  Changed entries:		1

---------------------------------------------------
Changed entries:
---------------------------------------------------

f = p..   ...      : /opt/fsc-test/testbinary

---------------------------------------------------
Detailed information about changes:
---------------------------------------------------

File: /opt/fsc-test/testbinary
 Perm      : -rwxr-xr-x                       | -rwsr-xr-x


---------------------------------------------------
The attributes of the (uncompressed) database(s):
---------------------------------------------------

/var/lib/aide/aide-fsc.db
 SHA256    : +aQhUYCHKk1CAw0W0tnqLw79Q2LtwJQ+
             NA9Ah6Twpqo=
 SHA512    : AkHV7AtJSTS5moWbZFLERkPdZifquNWF
             ti9OxHDGACr4XHw9tuF51Dy7oFok9ZcC
             RbeUrlGpTpQiG1MC3UrC2A==
 STRIBOG256: fA0lIQGqRyPmWTrYrZHjd1s+HzVIi0LK
             6Vt6o5+ABto=
 STRIBOG512: BZonNFOFDOIVWZQq4c/3dSlmMngSFqZ/
             TDQN8RzhonPH9+sGOIQa85cyqD/4D5iB
             U2sllOAFhCqFUktQRAMLHA==
 SHA512/256: n+ZLgZVNhq9n06GGDiV/K+pQiX1udcto
             OqyLJ+HhIs0=
 SHA3-256  : 5SSV0UGr120m2b2LsDZfn8ChyRVdsMQq
             LQ5s+ib5fXo=
 SHA3-512  : oqXmPgpW1R4/v1rOhImsr7AKGTRVpCl7
             wxJ8OAWcUwOzFVsuY26ApEebO2XEn7Lc
             d0e03/m17kRfMdEeyV0YGQ==


End timestamp: 2026-10-01 17:19:36 +0000 (run time: 0m 0s)
--- samhain ---
ALERT  :  [2026-10-01T17:19:36+0000] msg=<START>, program=<Samhain>, userid=<0>, path=</etc/samhain/samhainrc>, hash=<603D03FD324736250B120AC29FAE55595B27543328D5DFE2>, path=</var/lib/samhain/samhain-fsc.file>, hash=<CEBC9A5F319B07B84191C3E2CE8AE3A1ADB68E540DD3243C>
CRIT   :  [2026-10-01T17:19:36+0000] msg=<POLICY [ReadOnly] --------T->, path=</opt/fsc-test/testbinary>, ctime_old=<[2026-10-01T17:19:34]>, ctime_new=<[2026-10-01T17:19:36]>, 
ALERT  :  [2026-10-01T17:19:36+0000] msg=<EXIT>, program=<Samhain>, status=<exit_success>
=== fenster=500 lauf=4 offset=31 im_fenster=1 aide=1 samhain=1 ===
--- aide ---
Start timestamp: 2026-10-01 17:19:37 +0000 (AIDE 0.19.2)
AIDE found differences between database and filesystem!!

Summary:
  Total number of entries:	202
  Added entries:		0
  Removed entries:		0
  Changed entries:		1

---------------------------------------------------
Changed entries:
---------------------------------------------------

f = p..   ...      : /opt/fsc-test/testbinary

---------------------------------------------------
Detailed information about changes:
---------------------------------------------------

File: /opt/fsc-test/testbinary
 Perm      : -rwxr-xr-x                       | -rwsr-xr-x


---------------------------------------------------
The attributes of the (uncompressed) database(s):
---------------------------------------------------

/var/lib/aide/aide-fsc.db
 SHA256    : N11rx1+tAEngQ36gGhFBCMbFyOpo0+Nv
             tPH5fgHkRMw=
 SHA512    : EBW2QI0miUXMTfKPrh2qUQKJD5ASzU2w
             sftJe4Ncc404lyZq110oGIDupw9ydu2D
             dhJy5CnjqGT3cWaLpFbsGQ==
 STRIBOG256: RsJ8oFspvisBr9OcIJ3qn2vM5O46gNYP
             SfZD4+cisLg=
 STRIBOG512: Ae+rFW4xSievJDstJKJiPwml0DkODqk+
             ebr5yb3xAcYbEgScxsLlf4QN46ObpGbS
             tE7L/CUWlerNiih0mBwFdQ==
 SHA512/256: q8ZnngVTjH7E/1fWRGTAffkCyHguWJdt
             VEfynE4HCAA=
 SHA3-256  : d2N0grg1rlEG19TKtfKI6VgVV9N9FTnu
             rLcCRUDGgoU=
 SHA3-512  : cB+NrpM+1AgWlXTxvqCuVWTdz7p/vytq
             1eIp7M9CjFrJiPIVJ4/FXNBARXYoN8Yx
             vbl944/hPq/6QjZxtNTS4A==


End timestamp: 2026-10-01 17:19:37 +0000 (run time: 0m 0s)
--- samhain ---
ALERT  :  [2026-10-01T17:19:38+0000] msg=<START>, program=<Samhain>, userid=<0>, path=</etc/samhain/samhainrc>, hash=<603D03FD324736250B120AC29FAE55595B27543328D5DFE2>, path=</var/lib/samhain/samhain-fsc.file>, hash=<947F1C15C92C70E9E777B82864EF517C467EBF105C29CCC4>
CRIT   :  [2026-10-01T17:19:38+0000] msg=<POLICY [ReadOnly] --------T->, path=</opt/fsc-test/testbinary>, ctime_old=<[2026-10-01T17:19:36]>, ctime_new=<[2026-10-01T17:19:38]>, 
ALERT  :  [2026-10-01T17:19:38+0000] msg=<EXIT>, program=<Samhain>, status=<exit_success>
=== fenster=500 lauf=5 offset=7 im_fenster=1 aide=1 samhain=1 ===
--- aide ---
Start timestamp: 2026-10-01 17:19:39 +0000 (AIDE 0.19.2)
AIDE found differences between database and filesystem!!

Summary:
  Total number of entries:	202
  Added entries:		0
  Removed entries:		0
  Changed entries:		1

---------------------------------------------------
Changed entries:
---------------------------------------------------

f = p..   ...      : /opt/fsc-test/testbinary

---------------------------------------------------
Detailed information about changes:
---------------------------------------------------

File: /opt/fsc-test/testbinary
 Perm      : -rwxr-xr-x                       | -rwsr-xr-x


---------------------------------------------------
The attributes of the (uncompressed) database(s):
---------------------------------------------------

/var/lib/aide/aide-fsc.db
 SHA256    : gGdwxmlGCb0VqK183h4b/6aQmoEyCA41
             vi5DqfN2tT8=
 SHA512    : W7tJzFKgk3o4pJoNKaFsxiG5Gj1aygWH
             kQMVpRAVUikdviPcr1RZn+SYUxq6Vif4
             BhCYurctKwvoi8nJFjv0Ng==
 STRIBOG256: demIMe0ciRAF8oh48dGqUGQbpEpbjn7F
             Xgcg3BoRHYI=
 STRIBOG512: rxG6EXG8U4lWmiP9v9dCRrJct6EabVYT
             9Yf/OMBU1/4Un+U3vr+MCiRZ8kABpGsO
             QkdscyrSZafkwFju6f+iQw==
 SHA512/256: bLYrfeG4ZCBrHpAEgjF76r44AeEP1jn1
             IB3AtWuoI7M=
 SHA3-256  : +jokov6AmfdrqwNxd9MjWq+zh1v1KBVt
             GVwppXNmO3Q=
 SHA3-512  : d/Svl01jHJ7vanDnv5vGwbpPuSZrRMf5
             j4/Udya/enVdX0IHAnv8tn4PR6XLzOK8
             zsMvCFbUDKkFuoss7KFKGg==


End timestamp: 2026-10-01 17:19:39 +0000 (run time: 0m 0s)
--- samhain ---
ALERT  :  [2026-10-01T17:19:40+0000] msg=<START>, program=<Samhain>, userid=<0>, path=</etc/samhain/samhainrc>, hash=<603D03FD324736250B120AC29FAE55595B27543328D5DFE2>, path=</var/lib/samhain/samhain-fsc.file>, hash=<AA84676BA04CB311FB9154012F362247ED1A84932A177B9B>
CRIT   :  [2026-10-01T17:19:40+0000] msg=<POLICY [ReadOnly] --------T->, path=</opt/fsc-test/testbinary>, ctime_old=<[2026-10-01T17:19:38]>, ctime_new=<[2026-10-01T17:19:40]>, 
ALERT  :  [2026-10-01T17:19:40+0000] msg=<EXIT>, program=<Samhain>, status=<exit_success>
=== fenster=500 lauf=6 offset=127 im_fenster=1 aide=1 samhain=1 ===
--- aide ---
Start timestamp: 2026-10-01 17:19:41 +0000 (AIDE 0.19.2)
AIDE found differences between database and filesystem!!

Summary:
  Total number of entries:	202
  Added entries:		0
  Removed entries:		0
  Changed entries:		1

---------------------------------------------------
Changed entries:
---------------------------------------------------

f = p..   ...      : /opt/fsc-test/testbinary

---------------------------------------------------
Detailed information about changes:
---------------------------------------------------

File: /opt/fsc-test/testbinary
 Perm      : -rwxr-xr-x                       | -rwsr-xr-x


---------------------------------------------------
The attributes of the (uncompressed) database(s):
---------------------------------------------------

/var/lib/aide/aide-fsc.db
 SHA256    : YXbwoO8Q9SvS30kMAbPyzCgnInBZDiGt
             de7kbicB+Uk=
 SHA512    : 9xlhF78GwaBYIYJGLg+Eoqrcz1DDJlZM
             J+4hVusXwUPcO9ssCmfZgueYudMlfYW9
             eQrCRsh3DXO/fF1Hv7dKuQ==
 STRIBOG256: W26COgh4JO3O8zT3aOFbFiNdRNIN620f
             pE1TwBNlb5k=
 STRIBOG512: rWr9cjENSRfftPRshUcdVncr5UskaDae
             bKgsI1Eiq1H0P7P/qcysWR/DF45bO9EX
             iDP0qnIQQIqrBQltJshKGw==
 SHA512/256: ANTxQNtM+S3+yDEu9jRkAnuaPeFgVUAS
             s2zziiqBZuo=
 SHA3-256  : 9QFS4c0OE0v+xxP3OlHzRESD7zkNKO+0
             ryEKV2/VdZc=
 SHA3-512  : YXHV23Xd1Y9e29gBEv/OwjUoP7xxEyqB
             PYLBDuXSwjgDDNm6EmSoSM5oOxWv97O5
             kfAEo3QEScOXbg2rzW5+Rw==


End timestamp: 2026-10-01 17:19:42 +0000 (run time: 0m 1s)
--- samhain ---
ALERT  :  [2026-10-01T17:19:42+0000] msg=<START>, program=<Samhain>, userid=<0>, path=</etc/samhain/samhainrc>, hash=<603D03FD324736250B120AC29FAE55595B27543328D5DFE2>, path=</var/lib/samhain/samhain-fsc.file>, hash=<71ACA5E2EC9FCFC3F5D5BCCF34EFA58AD3EBF3690D5C5A2D>
CRIT   :  [2026-10-01T17:19:42+0000] msg=<POLICY [ReadOnly] --------T->, path=</opt/fsc-test/testbinary>, ctime_old=<[2026-10-01T17:19:40]>, ctime_new=<[2026-10-01T17:19:42]>, 
ALERT  :  [2026-10-01T17:19:42+0000] msg=<EXIT>, program=<Samhain>, status=<exit_success>
=== fenster=500 lauf=7 offset=388 im_fenster=1 aide=1 samhain=1 ===
--- aide ---
Start timestamp: 2026-10-01 17:19:44 +0000 (AIDE 0.19.2)
AIDE found differences between database and filesystem!!

Summary:
  Total number of entries:	202
  Added entries:		0
  Removed entries:		0
  Changed entries:		1

---------------------------------------------------
Changed entries:
---------------------------------------------------

f = p..   ...      : /opt/fsc-test/testbinary

---------------------------------------------------
Detailed information about changes:
---------------------------------------------------

File: /opt/fsc-test/testbinary
 Perm      : -rwxr-xr-x                       | -rwsr-xr-x


---------------------------------------------------
The attributes of the (uncompressed) database(s):
---------------------------------------------------

/var/lib/aide/aide-fsc.db
 SHA256    : WPXx3k5w/q8bWttjRXKdaDQalW3Kkkpu
             uyT3XcLPDOw=
 SHA512    : jAnC6mghiTBTsGZJyMu5mugP/OAWZLsH
             U9KyKh3Zp/2xfb19Y16MuVeP+1mVKjNr
             E+Bs0M/OpMxhtpiN7G8n1g==
 STRIBOG256: SqkW6KWHjj4B/ibK0cBMxABm49H8Bizc
             HtFjRKM37iE=
 STRIBOG512: MZHb6mFoPuqgexsI8ixg3andOOTBvtUp
             iUzd2X20saZSSf+N34xg7I4NX07gUSFI
             Y9M9jCWg4IrDtq4gX6YNWA==
 SHA512/256: Nh1znw5BQaxkTzN9re2PZGhRnG/EmAxc
             IdbJlvfazRA=
 SHA3-256  : DJfQbWNMUYABnX0LQ/dzLAfCk8j8sUnU
             5nc+MLJdM10=
 SHA3-512  : 8BQXA/YIgmEkjclDxzNKHfOH2g7Lp9Qt
             UFkm4leinmXwp97EuoioCfjgPq2CKSZR
             NjOLWqsvZEOeGr1FwAF5cQ==


End timestamp: 2026-10-01 17:19:44 +0000 (run time: 0m 0s)
--- samhain ---
ALERT  :  [2026-10-01T17:19:44+0000] msg=<START>, program=<Samhain>, userid=<0>, path=</etc/samhain/samhainrc>, hash=<603D03FD324736250B120AC29FAE55595B27543328D5DFE2>, path=</var/lib/samhain/samhain-fsc.file>, hash=<149146A5350B0AE8FF44470D3104ADA850DC69079D94C6D7>
CRIT   :  [2026-10-01T17:19:44+0000] msg=<POLICY [ReadOnly] --------T->, path=</opt/fsc-test/testbinary>, ctime_old=<[2026-10-01T17:19:42]>, ctime_new=<[2026-10-01T17:19:44]>, 
ALERT  :  [2026-10-01T17:19:44+0000] msg=<EXIT>, program=<Samhain>, status=<exit_success>
=== fenster=500 lauf=8 offset=41 im_fenster=1 aide=1 samhain=1 ===
--- aide ---
Start timestamp: 2026-10-01 17:19:45 +0000 (AIDE 0.19.2)
AIDE found differences between database and filesystem!!

Summary:
  Total number of entries:	202
  Added entries:		0
  Removed entries:		0
  Changed entries:		1

---------------------------------------------------
Changed entries:
---------------------------------------------------

f = p..   ...      : /opt/fsc-test/testbinary

---------------------------------------------------
Detailed information about changes:
---------------------------------------------------

File: /opt/fsc-test/testbinary
 Perm      : -rwxr-xr-x                       | -rwsr-xr-x


---------------------------------------------------
The attributes of the (uncompressed) database(s):
---------------------------------------------------

/var/lib/aide/aide-fsc.db
 SHA256    : NPjSnzbVs0Bq5mqpThPs5Q77XxxfA+Xm
             pRGUxyoHFbo=
 SHA512    : uG0+tw3HjaQWqL0CEnycB2VFbHyMQLuZ
             YA7wUJoPeLZ0Xfm4XFJ5+L8CXNdkB5kE
             e9d+8ebkCgbFB+PCZFTNZw==
 STRIBOG256: p6mIXh3vYUSRznB1GqDe+mqm2IER0ybk
             mIAepcNwxxQ=
 STRIBOG512: R8m65/guKNwZfFOJg2bRuGEnAGabAfYV
             0Ee0IX8hlIWGs5vvjpBwn7sBFhBfj7u3
             LX/yf5jUX4sENyCz0d7TEg==
 SHA512/256: 9s97T3TCr09se0lCETAYx22a4V8Oq1GA
             xEiPNWtZUVQ=
 SHA3-256  : eJT7mhZ0MpwElk/w0XnZj2AGDqdUClwb
             d4YGT82Yg2c=
 SHA3-512  : fcCQv7BFrDlnkfNoDVqepwd50Z/GjNJZ
             2lUjPvEehCOEbXJhtAaLleqnrtnkkYj9
             XWjyWP0BHxTp8LwtBuXyzg==


End timestamp: 2026-10-01 17:19:45 +0000 (run time: 0m 0s)
--- samhain ---
ALERT  :  [2026-10-01T17:19:46+0000] msg=<START>, program=<Samhain>, userid=<0>, path=</etc/samhain/samhainrc>, hash=<603D03FD324736250B120AC29FAE55595B27543328D5DFE2>, path=</var/lib/samhain/samhain-fsc.file>, hash=<667F1E5CD7ECB027B64717F507411C6FED05C3739BA9B1A8>
CRIT   :  [2026-10-01T17:19:46+0000] msg=<POLICY [ReadOnly] --------T->, path=</opt/fsc-test/testbinary>, ctime_old=<[2026-10-01T17:19:44]>, ctime_new=<[2026-10-01T17:19:46]>, 
ALERT  :  [2026-10-01T17:19:46+0000] msg=<EXIT>, program=<Samhain>, status=<exit_success>
=== fenster=500 lauf=9 offset=413 im_fenster=1 aide=1 samhain=1 ===
--- aide ---
Start timestamp: 2026-10-01 17:19:48 +0000 (AIDE 0.19.2)
AIDE found differences between database and filesystem!!

Summary:
  Total number of entries:	202
  Added entries:		0
  Removed entries:		0
  Changed entries:		1

---------------------------------------------------
Changed entries:
---------------------------------------------------

f = p..   ...      : /opt/fsc-test/testbinary

---------------------------------------------------
Detailed information about changes:
---------------------------------------------------

File: /opt/fsc-test/testbinary
 Perm      : -rwxr-xr-x                       | -rwsr-xr-x


---------------------------------------------------
The attributes of the (uncompressed) database(s):
---------------------------------------------------

/var/lib/aide/aide-fsc.db
 SHA256    : xhxy+sCfLNEbcK0ttge5jSdZwK3Ldg/F
             PSVXX2gM8/s=
 SHA512    : 3TAHyFeOF2f0F4imvHvIgnZNd247lB9c
             OF+mixMPcTrinEoSgGbFO5C5jNCqtHCK
             RpomcoTFY7y1ixKvrMPmrA==
 STRIBOG256: JI6znIF95CFh7wD0PHUwOREYx7jdz2Rr
             z0JgudP8jvw=
 STRIBOG512: u9jD67IB7GnkX9hcIGc0WGtEtt0w27fn
             EPi92X++SD0mPdx0xBxUEPennmW76vD/
             ZyGlWdpxlHj4RQ5gvOC/mQ==
 SHA512/256: /NfaEHsIsTyQvoghbLQAOBu+V2pHHWqZ
             57ipCt9Rg9o=
 SHA3-256  : 7mysHW6bpZxpGlmLmkK4XvjOEbirkTmp
             WPmk3p0mTLE=
 SHA3-512  : srKc/SJbdTme2DcVhiRhm6sTxq+mtRr1
             tiUsbwawAqSibTbl6Wpd83bSsOoVergL
             V8i1lkHkA2BkS5yNJBMSwg==


End timestamp: 2026-10-01 17:19:48 +0000 (run time: 0m 0s)
--- samhain ---
ALERT  :  [2026-10-01T17:19:48+0000] msg=<START>, program=<Samhain>, userid=<0>, path=</etc/samhain/samhainrc>, hash=<603D03FD324736250B120AC29FAE55595B27543328D5DFE2>, path=</var/lib/samhain/samhain-fsc.file>, hash=<D0394CD3D110C71515DEA2F9908EA54BA3FCDB8FEE42B0CC>
CRIT   :  [2026-10-01T17:19:48+0000] msg=<POLICY [ReadOnly] --------T->, path=</opt/fsc-test/testbinary>, ctime_old=<[2026-10-01T17:19:46]>, ctime_new=<[2026-10-01T17:19:48]>, 
ALERT  :  [2026-10-01T17:19:48+0000] msg=<EXIT>, program=<Samhain>, status=<exit_success>
=== fenster=500 lauf=10 offset=102 im_fenster=1 aide=1 samhain=1 ===
--- aide ---
Start timestamp: 2026-10-01 17:19:49 +0000 (AIDE 0.19.2)
AIDE found differences between database and filesystem!!

Summary:
  Total number of entries:	202
  Added entries:		0
  Removed entries:		0
  Changed entries:		1

---------------------------------------------------
Changed entries:
---------------------------------------------------

f = p..   ...      : /opt/fsc-test/testbinary

---------------------------------------------------
Detailed information about changes:
---------------------------------------------------

File: /opt/fsc-test/testbinary
 Perm      : -rwxr-xr-x                       | -rwsr-xr-x


---------------------------------------------------
The attributes of the (uncompressed) database(s):
---------------------------------------------------

/var/lib/aide/aide-fsc.db
 SHA256    : 8s0h+wZWsusyuhb6mOfxvC0XmLxg6FRd
             wXMtyCCzV8c=
 SHA512    : 8c7/htT60ajKZ4BRoZxCc16yMWRY1tNd
             7PTX4IHfmoVkLyE722fOTbpW5vm39jCK
             4tKhOKUTBU6DniDgEy5Z4Q==
 STRIBOG256: 8BvDugyD1Ek6lfvCn3UR5bDislPWJYot
             6NqUOOu/NwE=
 STRIBOG512: m4XqOq+LZR8P8Opk1Ulk42HJvODTxp1t
             bRX8gFgkcwdvhHJ9EpgJ730SkEEi+SNp
             nnnCUijNesF7Df+FhRDcog==
 SHA512/256: WQufCBhIxEkRbHbeDBRgi/6a39atpDkL
             eeg3DQmHqDw=
 SHA3-256  : Xkx+qx9BP2EZrZ22kXjbSIHQ8LTph3CP
             b46TSqUvIP0=
 SHA3-512  : Q+yebAK2iB//ewV3PcZpp5mjMFyrvEE1
             46K17ZUOCBff8thFj0Er0iXw6s3Zl0p3
             kGp7PsqpaMSFX+VXnPZqZQ==


End timestamp: 2026-10-01 17:19:50 +0000 (run time: 0m 1s)
--- samhain ---
ALERT  :  [2026-10-01T17:19:50+0000] msg=<START>, program=<Samhain>, userid=<0>, path=</etc/samhain/samhainrc>, hash=<603D03FD324736250B120AC29FAE55595B27543328D5DFE2>, path=</var/lib/samhain/samhain-fsc.file>, hash=<C11180EB71BA2B870968402840D0A016BA63A320BAE11038>
CRIT   :  [2026-10-01T17:19:50+0000] msg=<POLICY [ReadOnly] --------T->, path=</opt/fsc-test/testbinary>, ctime_old=<[2026-10-01T17:19:48]>, ctime_new=<[2026-10-01T17:19:50]>, 
ALERT  :  [2026-10-01T17:19:50+0000] msg=<EXIT>, program=<Samhain>, status=<exit_success>
=== fenster=500 lauf=11 offset=289 im_fenster=1 aide=1 samhain=1 ===
--- aide ---
Start timestamp: 2026-10-01 17:19:52 +0000 (AIDE 0.19.2)
AIDE found differences between database and filesystem!!

Summary:
  Total number of entries:	202
  Added entries:		0
  Removed entries:		0
  Changed entries:		1

---------------------------------------------------
Changed entries:
---------------------------------------------------

f = p..   ...      : /opt/fsc-test/testbinary

---------------------------------------------------
Detailed information about changes:
---------------------------------------------------

File: /opt/fsc-test/testbinary
 Perm      : -rwxr-xr-x                       | -rwsr-xr-x


---------------------------------------------------
The attributes of the (uncompressed) database(s):
---------------------------------------------------

/var/lib/aide/aide-fsc.db
 SHA256    : pDqJ/wkve62DbSjTuVEtvQAQIqukQhu1
             0LjA3wPuaNo=
 SHA512    : pQMr4WNzMMGnC9GAp5ybfheXJJ65BPoB
             6UXl1IlVw1AmViyl4fav+oTRjrwb/SGg
             2EtIu4N96LEoLbfurW0avg==
 STRIBOG256: qZrNcRuDNaxNXMTd1CoO0P9JD7286B5k
             +lJyDWHL9kA=
 STRIBOG512: GmEhdgGjDfBo9ncrT70RyKSApbeybaYL
             NNY9ORkK8RmVkEbnvgZMg1MxbVuNYyt+
             +ZTxIJor7DOFvZlfuIPbJA==
 SHA512/256: SGIcn1XO08e3vEKEjvGL96gcG5HbMMbZ
             tnqV2KJqgQU=
 SHA3-256  : YZx+XhtlWaI0XWUEjrRES9UVb4zPclKW
             l6DMhj5ftmE=
 SHA3-512  : cj4/lPoEuICo/ogQzHPoVBlrOAk6fnFR
             XPc1HTASkzKYIL1cy/5zDs0IymBbOs3K
             Ugo1LFsPzcANXDoqhl48YA==


End timestamp: 2026-10-01 17:19:52 +0000 (run time: 0m 0s)
--- samhain ---
ALERT  :  [2026-10-01T17:19:52+0000] msg=<START>, program=<Samhain>, userid=<0>, path=</etc/samhain/samhainrc>, hash=<603D03FD324736250B120AC29FAE55595B27543328D5DFE2>, path=</var/lib/samhain/samhain-fsc.file>, hash=<542FEC7928B508B2F4F22F34C92574EA47FA62EF20B97437>
CRIT   :  [2026-10-01T17:19:52+0000] msg=<POLICY [ReadOnly] --------T->, path=</opt/fsc-test/testbinary>, ctime_old=<[2026-10-01T17:19:50]>, ctime_new=<[2026-10-01T17:19:52]>, 
ALERT  :  [2026-10-01T17:19:52+0000] msg=<EXIT>, program=<Samhain>, status=<exit_success>
=== fenster=500 lauf=12 offset=96 im_fenster=1 aide=1 samhain=1 ===
--- aide ---
Start timestamp: 2026-10-01 17:19:53 +0000 (AIDE 0.19.2)
AIDE found differences between database and filesystem!!

Summary:
  Total number of entries:	202
  Added entries:		0
  Removed entries:		0
  Changed entries:		1

---------------------------------------------------
Changed entries:
---------------------------------------------------

f = p..   ...      : /opt/fsc-test/testbinary

---------------------------------------------------
Detailed information about changes:
---------------------------------------------------

File: /opt/fsc-test/testbinary
 Perm      : -rwxr-xr-x                       | -rwsr-xr-x


---------------------------------------------------
The attributes of the (uncompressed) database(s):
---------------------------------------------------

/var/lib/aide/aide-fsc.db
 SHA256    : Goo4yxSLWpfXSutSQrkrtrofGA443VYt
             u2P9sTfYzVs=
 SHA512    : ivdoMcu1telV4lWeGPken4wG7lOXN2lx
             E8A12J9eA3LlZB10SOm/vXQEVKjc5/fu
             h4p5FvOUZqW3u9kuqAsXCg==
 STRIBOG256: oAtgOTrPNFK/rKx4cRvc4dqo/CcTXxEu
             jo9rflutz1E=
 STRIBOG512: e5Edydo8XrSjHOjXG4VJ87pxLncRdOtR
             gWNad6vEJn93AZ5g/65rhjRb+1FXrTr9
             dFf7W41jtNrHIO9uasZR9w==
 SHA512/256: 4L6f9S5txjgMlkYlbzGfGfSGX6xh+L58
             sM4a5nHNb/A=
 SHA3-256  : Xm70NQMvG0ivHWlCw5MSgJvJhU2/UOyk
             4i1WV8qvDCA=
 SHA3-512  : JmFIFcE9kVNXoFRBKmFUXt3b3rM3oVC5
             RbA43WSjj7hCytegAxIwFUYqP5UkSbx1
             VKqFa6iqwEMzqZF47XKWKA==


End timestamp: 2026-10-01 17:19:54 +0000 (run time: 0m 1s)
--- samhain ---
ALERT  :  [2026-10-01T17:19:54+0000] msg=<START>, program=<Samhain>, userid=<0>, path=</etc/samhain/samhainrc>, hash=<603D03FD324736250B120AC29FAE55595B27543328D5DFE2>, path=</var/lib/samhain/samhain-fsc.file>, hash=<C36D8567524C9E8350586EA56BB1C875EC6B38F29C67E484>
CRIT   :  [2026-10-01T17:19:54+0000] msg=<POLICY [ReadOnly] --------T->, path=</opt/fsc-test/testbinary>, ctime_old=<[2026-10-01T17:19:52]>, ctime_new=<[2026-10-01T17:19:54]>, 
ALERT  :  [2026-10-01T17:19:54+0000] msg=<EXIT>, program=<Samhain>, status=<exit_success>
=== fenster=500 lauf=13 offset=258 im_fenster=1 aide=1 samhain=1 ===
--- aide ---
Start timestamp: 2026-10-01 17:19:56 +0000 (AIDE 0.19.2)
AIDE found differences between database and filesystem!!

Summary:
  Total number of entries:	202
  Added entries:		0
  Removed entries:		0
  Changed entries:		1

---------------------------------------------------
Changed entries:
---------------------------------------------------

f = p..   ...      : /opt/fsc-test/testbinary

---------------------------------------------------
Detailed information about changes:
---------------------------------------------------

File: /opt/fsc-test/testbinary
 Perm      : -rwxr-xr-x                       | -rwsr-xr-x


---------------------------------------------------
The attributes of the (uncompressed) database(s):
---------------------------------------------------

/var/lib/aide/aide-fsc.db
 SHA256    : uLr1YYClF4f78AmzW5w/dmIx73Hp159s
             LT0TjEQUkxY=
 SHA512    : 5dkgIh5m3uYeq6LasIDEO2uWjFE3yVXI
             azXd5uATLJStO8A2qPzy6lm734pvE8ZX
             Nq0hBrkLix4bpyRYJ4Rx7A==
 STRIBOG256: pZrZDoqKHg1CuxN1WPA5I286tyLh5zPX
             0kzVImIoScY=
 STRIBOG512: rWmKrUXNpAAE0+sR2iIDI1VyscwJ5GD9
             4OS7k3Oht8zispLXxYQCIoJCiGuKIzQD
             dAAlg4A8Upt1pQ7Ix80EYA==
 SHA512/256: pgoP38W3UG0rPhvQK+2r6ejwADr/gMaQ
             TMwiQMzzCpg=
 SHA3-256  : Mm72hnordog5rgRHAC5fSj1p6KoR/qnx
             At2PaeBo0qE=
 SHA3-512  : LWvio83866dPJpwGC6446KuqzJbPtdtk
             wQ5XSr8YxXqQralBaTRPrGIdmzRPfWlC
             3MbU2LRKnHKYab9xPC5sYw==


End timestamp: 2026-10-01 17:19:56 +0000 (run time: 0m 0s)
--- samhain ---
ALERT  :  [2026-10-01T17:19:56+0000] msg=<START>, program=<Samhain>, userid=<0>, path=</etc/samhain/samhainrc>, hash=<603D03FD324736250B120AC29FAE55595B27543328D5DFE2>, path=</var/lib/samhain/samhain-fsc.file>, hash=<6B0F0D72022E8618F630E9A65FE133DA4E4E6CA1F59C8A28>
CRIT   :  [2026-10-01T17:19:56+0000] msg=<POLICY [ReadOnly] --------T->, path=</opt/fsc-test/testbinary>, ctime_old=<[2026-10-01T17:19:54]>, ctime_new=<[2026-10-01T17:19:56]>, 
ALERT  :  [2026-10-01T17:19:56+0000] msg=<EXIT>, program=<Samhain>, status=<exit_success>
=== fenster=500 lauf=14 offset=72 im_fenster=1 aide=1 samhain=1 ===
--- aide ---
Start timestamp: 2026-10-01 17:19:57 +0000 (AIDE 0.19.2)
AIDE found differences between database and filesystem!!

Summary:
  Total number of entries:	202
  Added entries:		0
  Removed entries:		0
  Changed entries:		1

---------------------------------------------------
Changed entries:
---------------------------------------------------

f = p..   ...      : /opt/fsc-test/testbinary

---------------------------------------------------
Detailed information about changes:
---------------------------------------------------

File: /opt/fsc-test/testbinary
 Perm      : -rwxr-xr-x                       | -rwsr-xr-x


---------------------------------------------------
The attributes of the (uncompressed) database(s):
---------------------------------------------------

/var/lib/aide/aide-fsc.db
 SHA256    : 7R0WmKqZQcHCiCiAn2G1XusjkHL1aW/y
             PLjQYkJzcnQ=
 SHA512    : by3nMH2pmRub+lOGIMcOpp5B0wQNK6h8
             YpRvhixdYWN0iUQ6Qt1TTBr+JeKmhXy5
             7G5lwJOtkDCfjHMRqYnx7w==
 STRIBOG256: Xcxz13MjP1/Rz/FYR8Jnfnmhbe/IiJem
             F02+uM+KGNk=
 STRIBOG512: EnyesmGRk0DI6Mzs+lbuz+MI5O8IAiTY
             jYCbWCoxVQ46FUlEqFKNDJPnXkcPtr7p
             lasWViuFixPM3SuVzwwoEw==
 SHA512/256: exAu8AKEco09adzN1r86XsC7KTZQ+7MU
             /eCEzDtlr5M=
 SHA3-256  : nOIDsKtaHW4dn+ZkB7dR0LCXscrFXYmX
             pLjl2NW9fEc=
 SHA3-512  : Lum3L4oH+DoIq/LOGxXGy7SPftUFe6BL
             SnpjAReAEehPC3wZVtkHNePZXdLBM8QS
             AVoatnRbBtHPWsFq9O1f+Q==


End timestamp: 2026-10-01 17:19:58 +0000 (run time: 0m 1s)
--- samhain ---
ALERT  :  [2026-10-01T17:19:58+0000] msg=<START>, program=<Samhain>, userid=<0>, path=</etc/samhain/samhainrc>, hash=<603D03FD324736250B120AC29FAE55595B27543328D5DFE2>, path=</var/lib/samhain/samhain-fsc.file>, hash=<52D133FCB0B0E79726B26A5B32D2FA09D12F2FC92116AB0B>
CRIT   :  [2026-10-01T17:19:58+0000] msg=<POLICY [ReadOnly] --------T->, path=</opt/fsc-test/testbinary>, ctime_old=<[2026-10-01T17:19:56]>, ctime_new=<[2026-10-01T17:19:58]>, 
ALERT  :  [2026-10-01T17:19:58+0000] msg=<EXIT>, program=<Samhain>, status=<exit_success>
=== fenster=500 lauf=15 offset=205 im_fenster=1 aide=1 samhain=1 ===
--- aide ---
Start timestamp: 2026-10-01 17:20:00 +0000 (AIDE 0.19.2)
AIDE found differences between database and filesystem!!

Summary:
  Total number of entries:	202
  Added entries:		0
  Removed entries:		0
  Changed entries:		1

---------------------------------------------------
Changed entries:
---------------------------------------------------

f = p..   ...      : /opt/fsc-test/testbinary

---------------------------------------------------
Detailed information about changes:
---------------------------------------------------

File: /opt/fsc-test/testbinary
 Perm      : -rwxr-xr-x                       | -rwsr-xr-x


---------------------------------------------------
The attributes of the (uncompressed) database(s):
---------------------------------------------------

/var/lib/aide/aide-fsc.db
 SHA256    : LZUF5R4l4OBsCppwUg72oSyfFmP5wJSC
             AFjkwGXMTw0=
 SHA512    : F8ousJED6RDV+00LAUGVlEC7uqErUkCo
             23cFbeKpjHQhKtQeYhXfKIn9GgQD3eLJ
             xTep/EHpuzBXGOCyQKSWcg==
 STRIBOG256: I/jMgjCE0JPKKDLFU7UrKym5v+a1RI3V
             09SesN5AGUA=
 STRIBOG512: exQHvynYbW+q7RDvrNWQ8UZsw5EnVnB4
             SOmJENJnu7kgXWVY84pHgKF+IgpZye+m
             0mqYszVcdLtEhpibQ6Fy5w==
 SHA512/256: Y5e+okzx2Re4s4D0SbpckYjQOUTeIiIw
             cp73x67RUJI=
 SHA3-256  : iRwuw+0hHb1H6wTLGManGSYjMZ+gwUEJ
             HC4rL7szIh8=
 SHA3-512  : 9r4B8HKYUkz80MwgvRxk48MwbI8ubQYV
             bqi8bWemOwJ7t6hJBAk1VAmMDj/joiHX
             zxuIxZyK2mTONA4cujsHEg==


End timestamp: 2026-10-01 17:20:00 +0000 (run time: 0m 0s)
--- samhain ---
ALERT  :  [2026-10-01T17:20:00+0000] msg=<START>, program=<Samhain>, userid=<0>, path=</etc/samhain/samhainrc>, hash=<603D03FD324736250B120AC29FAE55595B27543328D5DFE2>, path=</var/lib/samhain/samhain-fsc.file>, hash=<AEAD6B4CB8320A4A0BBEA92934845DB48AD15B0F851C8F70>
CRIT   :  [2026-10-01T17:20:00+0000] msg=<POLICY [ReadOnly] --------T->, path=</opt/fsc-test/testbinary>, ctime_old=<[2026-10-01T17:19:58]>, ctime_new=<[2026-10-01T17:20:00]>, 
ALERT  :  [2026-10-01T17:20:00+0000] msg=<EXIT>, program=<Samhain>, status=<exit_success>
=== fenster=500 lauf=16 offset=324 im_fenster=1 aide=1 samhain=1 ===
--- aide ---
Start timestamp: 2026-10-01 17:20:02 +0000 (AIDE 0.19.2)
AIDE found differences between database and filesystem!!

Summary:
  Total number of entries:	202
  Added entries:		0
  Removed entries:		0
  Changed entries:		1

---------------------------------------------------
Changed entries:
---------------------------------------------------

f = p..   ...      : /opt/fsc-test/testbinary

---------------------------------------------------
Detailed information about changes:
---------------------------------------------------

File: /opt/fsc-test/testbinary
 Perm      : -rwxr-xr-x                       | -rwsr-xr-x


---------------------------------------------------
The attributes of the (uncompressed) database(s):
---------------------------------------------------

/var/lib/aide/aide-fsc.db
 SHA256    : bd+ewdcC71JmgSvgeKbo1VcjKx2wZoru
             K6/xhUYf0Lc=
 SHA512    : R8Hy+rxi9xJnOY8HRk2q3WTkd04Wo5YK
             6ShRlbvHQmx1bsnYBNosH6R3+l0PAamU
             wwCu34K6fYAYy65zpIIpiw==
 STRIBOG256: 664uMUpVI7Oh2Zmgy3u/tLWZWgUBX9kk
             g7xfAL1cT78=
 STRIBOG512: cDSLi0JLkQM5e8lrTGaP4Lw8bI61t4Kw
             Hoc1UsMIfROFjockDHdUlL392Y+kNX3L
             XE14pGoerMeQdXXD4c90Hw==
 SHA512/256: bto7ui8RM9Y7hidZSj9nk/6x3tbekE1D
             zt2qgHMuqSI=
 SHA3-256  : U8VydA/0OWlaQmeXEWnWyf3TktxKswqo
             l8hgqrCjXgA=
 SHA3-512  : OFnVdNbmBxot9ZSVHdBihNLCNS2WJaSP
             dCZxVqg35CeAtQkBn7ettE+90RGYfr0N
             u5TZMPBseZTs1PIxtmQQ6A==


End timestamp: 2026-10-01 17:20:02 +0000 (run time: 0m 0s)
--- samhain ---
ALERT  :  [2026-10-01T17:20:02+0000] msg=<START>, program=<Samhain>, userid=<0>, path=</etc/samhain/samhainrc>, hash=<603D03FD324736250B120AC29FAE55595B27543328D5DFE2>, path=</var/lib/samhain/samhain-fsc.file>, hash=<E27E64A80F2FB08159EB7B60407075C043527389D2C87362>
CRIT   :  [2026-10-01T17:20:02+0000] msg=<POLICY [ReadOnly] --------T->, path=</opt/fsc-test/testbinary>, ctime_old=<[2026-10-01T17:20:00]>, ctime_new=<[2026-10-01T17:20:02]>, 
ALERT  :  [2026-10-01T17:20:02+0000] msg=<EXIT>, program=<Samhain>, status=<exit_success>
=== fenster=500 lauf=17 offset=356 im_fenster=1 aide=1 samhain=1 ===
--- aide ---
Start timestamp: 2026-10-01 17:20:04 +0000 (AIDE 0.19.2)
AIDE found differences between database and filesystem!!

Summary:
  Total number of entries:	202
  Added entries:		0
  Removed entries:		0
  Changed entries:		1

---------------------------------------------------
Changed entries:
---------------------------------------------------

f = p..   ...      : /opt/fsc-test/testbinary

---------------------------------------------------
Detailed information about changes:
---------------------------------------------------

File: /opt/fsc-test/testbinary
 Perm      : -rwxr-xr-x                       | -rwsr-xr-x


---------------------------------------------------
The attributes of the (uncompressed) database(s):
---------------------------------------------------

/var/lib/aide/aide-fsc.db
 SHA256    : HP0N8iegdGhrPst/hcBTjYF4neDl/ux4
             E/F+TQt+ob0=
 SHA512    : WxJn+mwBq0chhx3btwncAPTz9ckY/7NO
             fiG+Tdhj3OCBhDdmwgLmVwYVMR4u2G7u
             uUHEvuLPTz+sc+4HlTc1KQ==
 STRIBOG256: 3okTOxmvpLLsxklfQbX/MFndoM8WfjNT
             Q1q7G7uns80=
 STRIBOG512: XXn3boXTMrDxRVXxXgGLMnLLhY/bN7TC
             mxPSxMS+W413ml+hdY5CI2yk+E6U2JsK
             oiDc6e/Dmrm7k4epVkSDUw==
 SHA512/256: 89NrumCKC9VTREIH4qndVSClHl2YG8AS
             k/qyh7LZdOs=
 SHA3-256  : NKGwIbZctERXf7kiU0BiFFOm7wua0NyV
             fpleTYw+f6E=
 SHA3-512  : XEh0My+fw8LgZCQlUg6/j/vnKd7e5XnO
             +enYTNNotfrdsDYVTlQZ+ekQWj5UYedJ
             c0+PUQ9r54U+mVay+r9/mw==


End timestamp: 2026-10-01 17:20:04 +0000 (run time: 0m 0s)
--- samhain ---
ALERT  :  [2026-10-01T17:20:04+0000] msg=<START>, program=<Samhain>, userid=<0>, path=</etc/samhain/samhainrc>, hash=<603D03FD324736250B120AC29FAE55595B27543328D5DFE2>, path=</var/lib/samhain/samhain-fsc.file>, hash=<5D64FD5A81EC2396BDB65A00B476ED07907CEC56A51B1862>
CRIT   :  [2026-10-01T17:20:04+0000] msg=<POLICY [ReadOnly] --------T->, path=</opt/fsc-test/testbinary>, ctime_old=<[2026-10-01T17:20:02]>, ctime_new=<[2026-10-01T17:20:04]>, 
ALERT  :  [2026-10-01T17:20:04+0000] msg=<EXIT>, program=<Samhain>, status=<exit_success>
=== fenster=500 lauf=18 offset=139 im_fenster=1 aide=1 samhain=1 ===
--- aide ---
Start timestamp: 2026-10-01 17:20:06 +0000 (AIDE 0.19.2)
AIDE found differences between database and filesystem!!

Summary:
  Total number of entries:	202
  Added entries:		0
  Removed entries:		0
  Changed entries:		1

---------------------------------------------------
Changed entries:
---------------------------------------------------

f = p..   ...      : /opt/fsc-test/testbinary

---------------------------------------------------
Detailed information about changes:
---------------------------------------------------

File: /opt/fsc-test/testbinary
 Perm      : -rwxr-xr-x                       | -rwsr-xr-x


---------------------------------------------------
The attributes of the (uncompressed) database(s):
---------------------------------------------------

/var/lib/aide/aide-fsc.db
 SHA256    : fAoX1RS6CJUYWEwrAfuK3RHZMCnrThU+
             yuvdqDd41Nk=
 SHA512    : 5TlwNxsRT9qnmYZix3O+rTX0r5txG/9m
             iXrZhCx/kQ1QQz6IEHRBzyBHNnUhtqEJ
             iJ1BbzeosC4WT5RDcnIPLw==
 STRIBOG256: QnKfmZRKMLafAiCBBtBfJTHAQfolXxSy
             yldFuJNli0o=
 STRIBOG512: VjoqQ2PwgoFOvHXSzBC8s6Q/pd/luPnk
             GLD+G+JehgdIpNhSEdZdZadJKr4EnMdz
             PhoHsVGV+YNhk3Djmw86AQ==
 SHA512/256: GfLiWnKECUxMwBuWVTvcyt67jMYtAetB
             8zRNsuim8j0=
 SHA3-256  : 6fWED9/SPG9L5lh6qG36ydF0Dn8PZ51z
             Qx5o0jUPSuo=
 SHA3-512  : REAwEVED1wuHfrM6Aqm4mXxQMBaW44AI
             YEkOCdC/QqdEU+jTOWIuh0edTSC+BIxn
             0U9tNIi0og+GO9kMp4FhDA==


End timestamp: 2026-10-01 17:20:06 +0000 (run time: 0m 0s)
--- samhain ---
ALERT  :  [2026-10-01T17:20:06+0000] msg=<START>, program=<Samhain>, userid=<0>, path=</etc/samhain/samhainrc>, hash=<603D03FD324736250B120AC29FAE55595B27543328D5DFE2>, path=</var/lib/samhain/samhain-fsc.file>, hash=<08CBE5E2F880D6142C59908658143F9D34B7AE43D8B6AB66>
CRIT   :  [2026-10-01T17:20:06+0000] msg=<POLICY [ReadOnly] --------T->, path=</opt/fsc-test/testbinary>, ctime_old=<[2026-10-01T17:20:04]>, ctime_new=<[2026-10-01T17:20:06]>, 
ALERT  :  [2026-10-01T17:20:06+0000] msg=<EXIT>, program=<Samhain>, status=<exit_success>
=== fenster=500 lauf=19 offset=308 im_fenster=1 aide=1 samhain=1 ===
--- aide ---
Start timestamp: 2026-10-01 17:20:08 +0000 (AIDE 0.19.2)
AIDE found differences between database and filesystem!!

Summary:
  Total number of entries:	202
  Added entries:		0
  Removed entries:		0
  Changed entries:		1

---------------------------------------------------
Changed entries:
---------------------------------------------------

f = p..   ...      : /opt/fsc-test/testbinary

---------------------------------------------------
Detailed information about changes:
---------------------------------------------------

File: /opt/fsc-test/testbinary
 Perm      : -rwxr-xr-x                       | -rwsr-xr-x


---------------------------------------------------
The attributes of the (uncompressed) database(s):
---------------------------------------------------

/var/lib/aide/aide-fsc.db
 SHA256    : kAQibifukKLIsxYW8TuxvjRMhEI5XTKb
             Mn8q1pfB3+A=
 SHA512    : GW3lydSDI4CYnwAP+wYvczTvASL2frwM
             ShjczfYsIDizpOaNNtMk9XmFr3LR2SmB
             IZnlatQZhdSHE436ACoAlg==
 STRIBOG256: qURsTnpP770ErxQBMkQ00g7AxNUFQqSv
             TD8nfLGZa1E=
 STRIBOG512: hlULeaThMrmPINaG5dSzZ/9APb2yBBgd
             RdEgtM8V9zJjYzPeBuX5QGvgSPFp40sZ
             15ic6gd+/ZJ0U9maVM5bnQ==
 SHA512/256: w9kdcBy+dCgneXnm7odjL+42lTlojOtf
             jWRCpMgO6WE=
 SHA3-256  : /wGgsZUhF3UuP15LgCtCW47vfT1NKKHW
             NJLGFa8nWko=
 SHA3-512  : tuW503eeEenoV1dB0zAi8e6ulO8lBDW1
             UiHNp39VQ9heFH+f9ZZBDtDjOyn+cDeO
             2w3kNYtP63PCsjL73+WhQQ==


End timestamp: 2026-10-01 17:20:08 +0000 (run time: 0m 0s)
--- samhain ---
ALERT  :  [2026-10-01T17:20:08+0000] msg=<START>, program=<Samhain>, userid=<0>, path=</etc/samhain/samhainrc>, hash=<603D03FD324736250B120AC29FAE55595B27543328D5DFE2>, path=</var/lib/samhain/samhain-fsc.file>, hash=<A2537EFB16BD361D5D1A21B335E597DBDF23DEEE0566D58A>
CRIT   :  [2026-10-01T17:20:08+0000] msg=<POLICY [ReadOnly] --------T->, path=</opt/fsc-test/testbinary>, ctime_old=<[2026-10-01T17:20:06]>, ctime_new=<[2026-10-01T17:20:08]>, 
ALERT  :  [2026-10-01T17:20:08+0000] msg=<EXIT>, program=<Samhain>, status=<exit_success>
=== fenster=500 lauf=20 offset=277 im_fenster=1 aide=1 samhain=1 ===
--- aide ---
Start timestamp: 2026-10-01 17:20:10 +0000 (AIDE 0.19.2)
AIDE found differences between database and filesystem!!

Summary:
  Total number of entries:	202
  Added entries:		0
  Removed entries:		0
  Changed entries:		1

---------------------------------------------------
Changed entries:
---------------------------------------------------

f = p..   ...      : /opt/fsc-test/testbinary

---------------------------------------------------
Detailed information about changes:
---------------------------------------------------

File: /opt/fsc-test/testbinary
 Perm      : -rwxr-xr-x                       | -rwsr-xr-x


---------------------------------------------------
The attributes of the (uncompressed) database(s):
---------------------------------------------------

/var/lib/aide/aide-fsc.db
 SHA256    : gqHWli5+vjOb7lcHX+jUV9cGA4IYl8TP
             zQcmtp7UbLA=
 SHA512    : 4vydNbFOb0qfeTa3keVWk7Nj/L6FF0sy
             2NEY3qwZjdg/HEEmnjw5ZZJsoBaa8Z1W
             0vk8dnIcGq/aLAiCh84I2w==
 STRIBOG256: TqCLyO2K3yALPfulZ1OBh4y7ndtDoK1M
             vGMo517qFRo=
 STRIBOG512: qD4W5eCJ19CDSdyZ4YQSR74n27ndrJvW
             501eh3oEy4ROjDjU4i+bW13oDckeUaLI
             eJYeJZmsgqU/YV0xvV0neA==
 SHA512/256: 6u7q92CyotGriTggI2InZW2RBp7hNDL7
             iY5hdAZokEw=
 SHA3-256  : vt7yadFz56D+wcmdKbYRXhmqpevWYlGS
             pmi9X9p+Cnk=
 SHA3-512  : IrCWNGfbCTB1B8xSRthpUrFtgXiS1Rgh
             f2PW3BvDIE0gWCZpjvjlNZr3LI2e53ei
             Do0iT3gMKOAqN21LrUym5Q==


End timestamp: 2026-10-01 17:20:10 +0000 (run time: 0m 0s)
--- samhain ---
ALERT  :  [2026-10-01T17:20:10+0000] msg=<START>, program=<Samhain>, userid=<0>, path=</etc/samhain/samhainrc>, hash=<603D03FD324736250B120AC29FAE55595B27543328D5DFE2>, path=</var/lib/samhain/samhain-fsc.file>, hash=<9691ACFF54F8F4353661DB3E215BCAD84D885CE3AD1204AD>
CRIT   :  [2026-10-01T17:20:10+0000] msg=<POLICY [ReadOnly] --------T->, path=</opt/fsc-test/testbinary>, ctime_old=<[2026-10-01T17:20:08]>, ctime_new=<[2026-10-01T17:20:10]>, 
ALERT  :  [2026-10-01T17:20:10+0000] msg=<EXIT>, program=<Samhain>, status=<exit_success>
=== fenster=1000 lauf=1 offset=175 im_fenster=1 aide=1 samhain=1 ===
--- aide ---
Start timestamp: 2026-10-01 17:20:12 +0000 (AIDE 0.19.2)
AIDE found differences between database and filesystem!!

Summary:
  Total number of entries:	202
  Added entries:		0
  Removed entries:		0
  Changed entries:		1

---------------------------------------------------
Changed entries:
---------------------------------------------------

f = p..   ...      : /opt/fsc-test/testbinary

---------------------------------------------------
Detailed information about changes:
---------------------------------------------------

File: /opt/fsc-test/testbinary
 Perm      : -rwxr-xr-x                       | -rwsr-xr-x


---------------------------------------------------
The attributes of the (uncompressed) database(s):
---------------------------------------------------

/var/lib/aide/aide-fsc.db
 SHA256    : YerzqhMkfWkpwMNGyZMOTTsI6WvGxdSv
             fSCvJPm9wzY=
 SHA512    : puXwVBnHZ7IJWZ7Hqb9Io30IcH8K6ocG
             aibcmShKYF9/eBcbUbOQP/ZUBZxD9rSD
             Cc/vo7+fnRqFuwDoo0nGkA==
 STRIBOG256: C2ojulbua22Fjed4LpruFnNM2Kd+geDk
             2/stivTY38Y=
 STRIBOG512: 7loV1eU8FPdMKCfUSsM3QnVCoYxEw7HC
             0MH5fufYBf1i1wkP0W4mMF1UBJRPeYiE
             paCzSjaCTqCGirA2MNpiQA==
 SHA512/256: MQ+RUrwygU7I2WHkyVJ1F1PEyfXhlHKW
             M7evHb5F+e0=
 SHA3-256  : bIxTzCuzLAPoY0o/flbCkakD7iOG8AyW
             8NU74b4qa80=
 SHA3-512  : HsOwcqELFkd9679ho6GKQYrElaLLmnbV
             JilkvXwlO7AQVbahIobuvfGBCtUH0ogj
             kgDqxeBT7WOrk2ZyeZaZzw==


End timestamp: 2026-10-01 17:20:12 +0000 (run time: 0m 0s)
--- samhain ---
ALERT  :  [2026-10-01T17:20:12+0000] msg=<START>, program=<Samhain>, userid=<0>, path=</etc/samhain/samhainrc>, hash=<603D03FD324736250B120AC29FAE55595B27543328D5DFE2>, path=</var/lib/samhain/samhain-fsc.file>, hash=<B57BAF610128E98E527BCB737DEBBF53FAB7541401A10F02>
CRIT   :  [2026-10-01T17:20:13+0000] msg=<POLICY [ReadOnly] --------T->, path=</opt/fsc-test/testbinary>, ctime_old=<[2026-10-01T17:20:10]>, ctime_new=<[2026-10-01T17:20:12]>, 
ALERT  :  [2026-10-01T17:20:13+0000] msg=<EXIT>, program=<Samhain>, status=<exit_success>
=== fenster=1000 lauf=2 offset=397 im_fenster=1 aide=1 samhain=1 ===
--- aide ---
Start timestamp: 2026-10-01 17:20:14 +0000 (AIDE 0.19.2)
AIDE found differences between database and filesystem!!

Summary:
  Total number of entries:	202
  Added entries:		0
  Removed entries:		0
  Changed entries:		1

---------------------------------------------------
Changed entries:
---------------------------------------------------

f = p..   ...      : /opt/fsc-test/testbinary

---------------------------------------------------
Detailed information about changes:
---------------------------------------------------

File: /opt/fsc-test/testbinary
 Perm      : -rwxr-xr-x                       | -rwsr-xr-x


---------------------------------------------------
The attributes of the (uncompressed) database(s):
---------------------------------------------------

/var/lib/aide/aide-fsc.db
 SHA256    : nyqNjSrWxxjourRohY5wSVDLJFXvEuhO
             BVLYjoUgcJ0=
 SHA512    : yA5nsU26PmgF9+xkOyXsCT/43NzKD4oR
             A5Dwi+XxMjmoKXUHZo2SpwEE3VzHHYa0
             VHZGksg8+UCFu8tNt0MkXQ==
 STRIBOG256: 6y1D/NEO/yYqxC2XMN8IlJs9CpQjXsHX
             aQmd/Uh2pjA=
 STRIBOG512: S85SnIcQ1pTcOV15dt2TlKN+lKmNcQcl
             254Yzr+XOT9fbBLxIuNyfn5NOhdkSxSs
             th/QfAK1y09JIR+JUuWT8A==
 SHA512/256: 3UasBEB4ogFoPup8V+wCSD12QAcSgbbU
             kg9i+1TuCFA=
 SHA3-256  : eic3C3HwJY2dqKHzafNwrOLYdAOJSLch
             9FojGoSAEjA=
 SHA3-512  : q3QCX85LF23shH1H5DVDi/RNKB64VmXN
             A+hDF69Z/X2WvV1ntGcFHa8hMagY8tDP
             hjCzeTtYzOaIutbd26OuDw==


End timestamp: 2026-10-01 17:20:14 +0000 (run time: 0m 0s)
--- samhain ---
ALERT  :  [2026-10-01T17:20:15+0000] msg=<START>, program=<Samhain>, userid=<0>, path=</etc/samhain/samhainrc>, hash=<603D03FD324736250B120AC29FAE55595B27543328D5DFE2>, path=</var/lib/samhain/samhain-fsc.file>, hash=<1CF5012B94DBDB6D72C0E0ECD916FC32ACD046214A35FD51>
CRIT   :  [2026-10-01T17:20:15+0000] msg=<POLICY [ReadOnly] --------T->, path=</opt/fsc-test/testbinary>, ctime_old=<[2026-10-01T17:20:12]>, ctime_new=<[2026-10-01T17:20:15]>, 
ALERT  :  [2026-10-01T17:20:15+0000] msg=<EXIT>, program=<Samhain>, status=<exit_success>
=== fenster=1000 lauf=3 offset=78 im_fenster=1 aide=1 samhain=1 ===
--- aide ---
Start timestamp: 2026-10-01 17:20:17 +0000 (AIDE 0.19.2)
AIDE found differences between database and filesystem!!

Summary:
  Total number of entries:	202
  Added entries:		0
  Removed entries:		0
  Changed entries:		1

---------------------------------------------------
Changed entries:
---------------------------------------------------

f = p..   ...      : /opt/fsc-test/testbinary

---------------------------------------------------
Detailed information about changes:
---------------------------------------------------

File: /opt/fsc-test/testbinary
 Perm      : -rwxr-xr-x                       | -rwsr-xr-x


---------------------------------------------------
The attributes of the (uncompressed) database(s):
---------------------------------------------------

/var/lib/aide/aide-fsc.db
 SHA256    : Z7mv6polCetyxRrPrk3dxx5fLfM5jiC/
             C94VpmKAI7U=
 SHA512    : u3onJTVnSvT6PcbIuqYOHb2BOy3we6NE
             byASzw9imU6RWHy319chFZj0QcQAeiIT
             M5rh0uIyx2V49iscJuRHFg==
 STRIBOG256: +DLFJXh1HU9IsLrCLeTVzM1xM8sw9O+K
             j2m88hNcUmc=
 STRIBOG512: nlpnHDhZHZefszbsSRCC4pVB3QeWxL93
             JF2O2+VIBiZlrcUtR5ZnoU9iq0p9NaQ5
             2uNodI2cFvE4hiDRriotfg==
 SHA512/256: 4oMOw22emk7Yftr+dycBC1NBKD6fXj7C
             8t3Xa+nv0B8=
 SHA3-256  : p6oFknI7gaXpH0fV+JEXxgmoXvjig4HB
             8tmxAcu+lnU=
 SHA3-512  : E9EYLycNAfNvdw2j1DLGR5PZDjjI9WQ7
             uOwMVPfMmhE4VItDYFD1lpKJ6EthZrjo
             40oQiAZ7L+Os+MIb+IePPg==


End timestamp: 2026-10-01 17:20:17 +0000 (run time: 0m 0s)
--- samhain ---
ALERT  :  [2026-10-01T17:20:18+0000] msg=<START>, program=<Samhain>, userid=<0>, path=</etc/samhain/samhainrc>, hash=<603D03FD324736250B120AC29FAE55595B27543328D5DFE2>, path=</var/lib/samhain/samhain-fsc.file>, hash=<968E713F06206D7DD691D60D6BC79FF8A60B96CDC9A418F7>
CRIT   :  [2026-10-01T17:20:18+0000] msg=<POLICY [ReadOnly] --------T->, path=</opt/fsc-test/testbinary>, ctime_old=<[2026-10-01T17:20:15]>, ctime_new=<[2026-10-01T17:20:18]>, 
ALERT  :  [2026-10-01T17:20:18+0000] msg=<EXIT>, program=<Samhain>, status=<exit_success>
=== fenster=1000 lauf=4 offset=123 im_fenster=1 aide=1 samhain=1 ===
--- aide ---
Start timestamp: 2026-10-01 17:20:19 +0000 (AIDE 0.19.2)
AIDE found differences between database and filesystem!!

Summary:
  Total number of entries:	202
  Added entries:		0
  Removed entries:		0
  Changed entries:		1

---------------------------------------------------
Changed entries:
---------------------------------------------------

f = p..   ...      : /opt/fsc-test/testbinary

---------------------------------------------------
Detailed information about changes:
---------------------------------------------------

File: /opt/fsc-test/testbinary
 Perm      : -rwxr-xr-x                       | -rwsr-xr-x


---------------------------------------------------
The attributes of the (uncompressed) database(s):
---------------------------------------------------

/var/lib/aide/aide-fsc.db
 SHA256    : +XmFYMwLOtNpQvInW7nJe6klVPvG0Y5V
             Xv2co4EObEA=
 SHA512    : pFo15Ty5x6FSd7xgGirx6+QCiE/03lcZ
             NJT/d9TJFDeAyj1m55/TZ8FSSE3ezPEb
             eOeS1VBrZJE+rH39Guoj7w==
 STRIBOG256: zWzNMoaSkI4Egnnfs1hozU596yWPQhUu
             fl9l36Q8gcE=
 STRIBOG512: BMPDTf6kDANFd0UeM2oH3H3DrJGidhOI
             ciapLl8rmOsut+1mXBpq5fwu0X4mqGin
             yov9nRMNLYYrwgqEs+9CQA==
 SHA512/256: uEP9mmIXTkIo2SP80/xaqImUcht1Qk4F
             tdZ6Tjc1LiI=
 SHA3-256  : z5S7cpecpNNmy19orz45aN+ezNDEAExR
             cvkidEQi6JE=
 SHA3-512  : QKJLbxoVzSWRyCBuVWmnTMWBG5nq0dzo
             SF8zxIwaHUyusMQF30/U+bbK/K+LlQeo
             T0N6xoTUZYlf9SzDNCW0RQ==


End timestamp: 2026-10-01 17:20:19 +0000 (run time: 0m 0s)
--- samhain ---
ALERT  :  [2026-10-01T17:20:20+0000] msg=<START>, program=<Samhain>, userid=<0>, path=</etc/samhain/samhainrc>, hash=<603D03FD324736250B120AC29FAE55595B27543328D5DFE2>, path=</var/lib/samhain/samhain-fsc.file>, hash=<62A2A234F0783590B0DE90AB4AF751A2704B9B0BEBCA58B2>
CRIT   :  [2026-10-01T17:20:20+0000] msg=<POLICY [ReadOnly] --------T->, path=</opt/fsc-test/testbinary>, ctime_old=<[2026-10-01T17:20:18]>, ctime_new=<[2026-10-01T17:20:20]>, 
ALERT  :  [2026-10-01T17:20:20+0000] msg=<EXIT>, program=<Samhain>, status=<exit_success>
=== fenster=1000 lauf=5 offset=112 im_fenster=1 aide=1 samhain=1 ===
--- aide ---
Start timestamp: 2026-10-01 17:20:22 +0000 (AIDE 0.19.2)
AIDE found differences between database and filesystem!!

Summary:
  Total number of entries:	202
  Added entries:		0
  Removed entries:		0
  Changed entries:		1

---------------------------------------------------
Changed entries:
---------------------------------------------------

f = p..   ...      : /opt/fsc-test/testbinary

---------------------------------------------------
Detailed information about changes:
---------------------------------------------------

File: /opt/fsc-test/testbinary
 Perm      : -rwxr-xr-x                       | -rwsr-xr-x


---------------------------------------------------
The attributes of the (uncompressed) database(s):
---------------------------------------------------

/var/lib/aide/aide-fsc.db
 SHA256    : tw9WScodTkHsLtSPDgt2diCYvBkHMeB+
             PiiJWP514rQ=
 SHA512    : 3x4sC5kRKZ8PSiveDoPVjoIUgiM+ebN4
             XIRzYY/n8HjtKepg611ltV7EPL4OxIvN
             qKYAVZGDYth+wVEQqjjHeA==
 STRIBOG256: nzFGaNOnnw8jRykFcV5VuUQxFmKbevXB
             qRpcMj68CkU=
 STRIBOG512: UwVw0pn19dqkdmRYM9hav791nd2Tv9qs
             jlNv7xzXhYkxDZcoq0D1oIogZpwTlXpq
             dMIA6ZvN1MUbFtbjyoTx4w==
 SHA512/256: IE4kSuxHdzHdM+obw+B5E8Px17Z8eyPY
             EqXffJ0x0ec=
 SHA3-256  : vHk/iuYEXxSk7j8KilwniO/5n+1KBQFm
             FOt2sRkuEKE=
 SHA3-512  : nbzIzPGVzjgroPVyUnCDBgqamIRSz/0W
             Rg4Wf5yCV8ri5Qxs35sMEss0QKW0Vv6w
             +tpx83BTWpIqUD+6vC8hiw==


End timestamp: 2026-10-01 17:20:22 +0000 (run time: 0m 0s)
--- samhain ---
ALERT  :  [2026-10-01T17:20:23+0000] msg=<START>, program=<Samhain>, userid=<0>, path=</etc/samhain/samhainrc>, hash=<603D03FD324736250B120AC29FAE55595B27543328D5DFE2>, path=</var/lib/samhain/samhain-fsc.file>, hash=<1853D5C1F5EE4BFE332BA6609C1188DA0CCCB810A7AC63E0>
CRIT   :  [2026-10-01T17:20:23+0000] msg=<POLICY [ReadOnly] --------T->, path=</opt/fsc-test/testbinary>, ctime_old=<[2026-10-01T17:20:20]>, ctime_new=<[2026-10-01T17:20:23]>, 
ALERT  :  [2026-10-01T17:20:23+0000] msg=<EXIT>, program=<Samhain>, status=<exit_success>
=== fenster=1000 lauf=6 offset=188 im_fenster=1 aide=1 samhain=1 ===
--- aide ---
Start timestamp: 2026-10-01 17:20:24 +0000 (AIDE 0.19.2)
AIDE found differences between database and filesystem!!

Summary:
  Total number of entries:	202
  Added entries:		0
  Removed entries:		0
  Changed entries:		1

---------------------------------------------------
Changed entries:
---------------------------------------------------

f = p..   ...      : /opt/fsc-test/testbinary

---------------------------------------------------
Detailed information about changes:
---------------------------------------------------

File: /opt/fsc-test/testbinary
 Perm      : -rwxr-xr-x                       | -rwsr-xr-x


---------------------------------------------------
The attributes of the (uncompressed) database(s):
---------------------------------------------------

/var/lib/aide/aide-fsc.db
 SHA256    : 5elpS8Qcb1cL/l8Uz0jrxHdFe0Rz51e/
             9TyqUMc35IQ=
 SHA512    : xzl/2VKhLoHMCEW2bcF8miAZVjN2WzuZ
             6df4iWBBQuOipt6NguxNt4iNXAr1r97+
             CzC+mY2AFWKsltvVt+O9/Q==
 STRIBOG256: 7jpkzHaKnDB5cZLuGOj5HLaoTX80eeFA
             Sofc7bd4i2A=
 STRIBOG512: 2BDmsudRijw71DCCg4x6BHIt0L9CKFHV
             LmMUcN20+gLdrx8DgrZc00QPlkkci9Ef
             eavCzhTD2PZDprRHB54S8w==
 SHA512/256: aSFqWdPOtOBaKzRp8yURUHyfQYh2p4Sc
             K2PBRZsGPuo=
 SHA3-256  : QmPaKj4lzqg3653A6P+YSxqcXF8QwN0P
             UeKBNwOssTU=
 SHA3-512  : YIzrd2dhF5ffn8eoLmOgv60m8ShQC6rO
             PXR6TlYz+EpqRXtV77/YVCMlmm1Vbmoe
             JzdJ+OgMMpsUA/leWQeVDg==


End timestamp: 2026-10-01 17:20:24 +0000 (run time: 0m 0s)
--- samhain ---
ALERT  :  [2026-10-01T17:20:25+0000] msg=<START>, program=<Samhain>, userid=<0>, path=</etc/samhain/samhainrc>, hash=<603D03FD324736250B120AC29FAE55595B27543328D5DFE2>, path=</var/lib/samhain/samhain-fsc.file>, hash=<F99D6FFF2CE2433FE021B36AF9AD1C9594B18275DA8ECF24>
CRIT   :  [2026-10-01T17:20:25+0000] msg=<POLICY [ReadOnly] --------T->, path=</opt/fsc-test/testbinary>, ctime_old=<[2026-10-01T17:20:23]>, ctime_new=<[2026-10-01T17:20:25]>, 
ALERT  :  [2026-10-01T17:20:25+0000] msg=<EXIT>, program=<Samhain>, status=<exit_success>
=== fenster=1000 lauf=7 offset=316 im_fenster=1 aide=1 samhain=1 ===
--- aide ---
Start timestamp: 2026-10-01 17:20:27 +0000 (AIDE 0.19.2)
AIDE found differences between database and filesystem!!

Summary:
  Total number of entries:	202
  Added entries:		0
  Removed entries:		0
  Changed entries:		1

---------------------------------------------------
Changed entries:
---------------------------------------------------

f = p..   ...      : /opt/fsc-test/testbinary

---------------------------------------------------
Detailed information about changes:
---------------------------------------------------

File: /opt/fsc-test/testbinary
 Perm      : -rwxr-xr-x                       | -rwsr-xr-x


---------------------------------------------------
The attributes of the (uncompressed) database(s):
---------------------------------------------------

/var/lib/aide/aide-fsc.db
 SHA256    : nOHhiIkBZc6bD3XrmgUhivmZJzpGP7gp
             +30cK5iJYE8=
 SHA512    : KRynnFoUSXa3rox0vo45nxZ42s/zcI38
             jE46XjOyX7vFW57OR+SNsxgEiiewmmUA
             FS+k8wZTlAfJ/DLihmQGzQ==
 STRIBOG256: iLKYyFgtYldyls6/rrTx174PiMEObV4a
             +jf0NtngbKU=
 STRIBOG512: vrVJsVqCeRvmXr6IlCr/sxpEBineNvPR
             EheUHmDyPrvnZu5t2HeBrZFLO+TFLOl6
             tDdJjikjLO7mSxjc4MASYg==
 SHA512/256: aW4UMuYD1Dt8319F5Mr5tS0wD4zGcqRj
             X+Tcxa4Ka6w=
 SHA3-256  : c+cdxb69nWt3tBv5f+i1zvRKJQjPkzb7
             d8dbMtkv+L4=
 SHA3-512  : /mKSL9JK8m6FB78S0tvbqHW//EJImAqO
             nTpIcutpj3DYXbRRgzBb4tj5tW8L/wla
             JZtoCbwygResh3xVy6v4pA==


End timestamp: 2026-10-01 17:20:27 +0000 (run time: 0m 0s)
--- samhain ---
ALERT  :  [2026-10-01T17:20:28+0000] msg=<START>, program=<Samhain>, userid=<0>, path=</etc/samhain/samhainrc>, hash=<603D03FD324736250B120AC29FAE55595B27543328D5DFE2>, path=</var/lib/samhain/samhain-fsc.file>, hash=<97C54CD08D430A2ADABE73EFCC90699495905E8421D41818>
CRIT   :  [2026-10-01T17:20:28+0000] msg=<POLICY [ReadOnly] --------T->, path=</opt/fsc-test/testbinary>, ctime_old=<[2026-10-01T17:20:25]>, ctime_new=<[2026-10-01T17:20:28]>, 
ALERT  :  [2026-10-01T17:20:28+0000] msg=<EXIT>, program=<Samhain>, status=<exit_success>
=== fenster=1000 lauf=8 offset=386 im_fenster=1 aide=1 samhain=1 ===
--- aide ---
Start timestamp: 2026-10-01 17:20:29 +0000 (AIDE 0.19.2)
AIDE found differences between database and filesystem!!

Summary:
  Total number of entries:	202
  Added entries:		0
  Removed entries:		0
  Changed entries:		1

---------------------------------------------------
Changed entries:
---------------------------------------------------

f = p..   ...      : /opt/fsc-test/testbinary

---------------------------------------------------
Detailed information about changes:
---------------------------------------------------

File: /opt/fsc-test/testbinary
 Perm      : -rwxr-xr-x                       | -rwsr-xr-x


---------------------------------------------------
The attributes of the (uncompressed) database(s):
---------------------------------------------------

/var/lib/aide/aide-fsc.db
 SHA256    : dvhlr5HITnYSwsfxybVDm7VdjEujlUoZ
             b8ZNWriXi80=
 SHA512    : n1a7RsCfKGwiYl4eAtU0JhtKxeG7p+dD
             oajzWpCGd/qkt4nEk5+s+sRS00hGvxd2
             IV/YFGUHFaWhV3mHI16MOg==
 STRIBOG256: 51dqHRoUy1GdwAPOAxFgizO2ThIy44gK
             dqib+MpIwpg=
 STRIBOG512: /ivSJAP0MBz7XxICrHBQcOSpK26yRwqa
             aiGpSW3G/HLNIWn4uw+Pqg/u0Sdny1iK
             CGZLsd9ReXiUTOBch3cbUQ==
 SHA512/256: /4zWw4LZXHCLcEslNQ8tSGcsKMrV03eU
             gzBVEN/uZV8=
 SHA3-256  : 1yl9T1V7zVNqLrxSrLSkviAtU1QaPlxr
             G0lxjhijZaE=
 SHA3-512  : +9Ap/LURjkVE1Y2droz8w+Zmiv8/PmH2
             0WO4mGxi1daY9TA7GUMJmH3FHjrw9d8S
             ado01IrITQverl82l9zR0w==


End timestamp: 2026-10-01 17:20:30 +0000 (run time: 0m 1s)
--- samhain ---
ALERT  :  [2026-10-01T17:20:30+0000] msg=<START>, program=<Samhain>, userid=<0>, path=</etc/samhain/samhainrc>, hash=<603D03FD324736250B120AC29FAE55595B27543328D5DFE2>, path=</var/lib/samhain/samhain-fsc.file>, hash=<3703E2C731062F8D6357E7C203B7C8BB59D1E4552DACBE63>
CRIT   :  [2026-10-01T17:20:30+0000] msg=<POLICY [ReadOnly] --------T->, path=</opt/fsc-test/testbinary>, ctime_old=<[2026-10-01T17:20:28]>, ctime_new=<[2026-10-01T17:20:30]>, 
ALERT  :  [2026-10-01T17:20:30+0000] msg=<EXIT>, program=<Samhain>, status=<exit_success>
=== fenster=1000 lauf=9 offset=451 im_fenster=1 aide=1 samhain=1 ===
--- aide ---
Start timestamp: 2026-10-01 17:20:32 +0000 (AIDE 0.19.2)
AIDE found differences between database and filesystem!!

Summary:
  Total number of entries:	202
  Added entries:		0
  Removed entries:		0
  Changed entries:		1

---------------------------------------------------
Changed entries:
---------------------------------------------------

f = p..   ...      : /opt/fsc-test/testbinary

---------------------------------------------------
Detailed information about changes:
---------------------------------------------------

File: /opt/fsc-test/testbinary
 Perm      : -rwxr-xr-x                       | -rwsr-xr-x


---------------------------------------------------
The attributes of the (uncompressed) database(s):
---------------------------------------------------

/var/lib/aide/aide-fsc.db
 SHA256    : x5WBuim9CVSGNjs5/47HDXO/x5aPSbFH
             Js4MOVbxAWQ=
 SHA512    : 8C21zNjj7R5r/1cgR6n+LEZxGSzpwh2A
             cD0YxehAo2kFGNsHR+hgfBJGKN/kAp3W
             /aDbdoKHqTyKS4nLt0L9og==
 STRIBOG256: tCiXf+hKTzvP0+ftk+O8LgG0lNIkci3g
             mohVz6MlemQ=
 STRIBOG512: 9C/+cgrOnqeRrOM9sBpry1sf/PWhdMtS
             oAXwGbSr+SP2VA9iuaYIZ6jFxuRSQ3lb
             09mRPA00N/3jwziHlcACoA==
 SHA512/256: 906B6dNF/hGl2XIGoH3VsmrgWEpyKAXe
             jbtRaTuMvyE=
 SHA3-256  : IRPSf9/sB5DgDiHgb5D8p1LF83gCHH8B
             yfROHKE7UiM=
 SHA3-512  : S8WAbJpKgYF6Dg/CDOJ2NGFmewYsDSjR
             wg8fFo6erXOr//KEzooorZSDc9PrWMPp
             zce11nRK9aa0TrCKKDIDZA==


End timestamp: 2026-10-01 17:20:32 +0000 (run time: 0m 0s)
--- samhain ---
ALERT  :  [2026-10-01T17:20:33+0000] msg=<START>, program=<Samhain>, userid=<0>, path=</etc/samhain/samhainrc>, hash=<603D03FD324736250B120AC29FAE55595B27543328D5DFE2>, path=</var/lib/samhain/samhain-fsc.file>, hash=<49DD58963B4483AD0B451D5FD978F4EEA6BA0525293BF667>
CRIT   :  [2026-10-01T17:20:33+0000] msg=<POLICY [ReadOnly] --------T->, path=</opt/fsc-test/testbinary>, ctime_old=<[2026-10-01T17:20:30]>, ctime_new=<[2026-10-01T17:20:33]>, 
ALERT  :  [2026-10-01T17:20:33+0000] msg=<EXIT>, program=<Samhain>, status=<exit_success>
=== fenster=1000 lauf=10 offset=464 im_fenster=1 aide=1 samhain=1 ===
--- aide ---
Start timestamp: 2026-10-01 17:20:35 +0000 (AIDE 0.19.2)
AIDE found differences between database and filesystem!!

Summary:
  Total number of entries:	202
  Added entries:		0
  Removed entries:		0
  Changed entries:		1

---------------------------------------------------
Changed entries:
---------------------------------------------------

f = p..   ...      : /opt/fsc-test/testbinary

---------------------------------------------------
Detailed information about changes:
---------------------------------------------------

File: /opt/fsc-test/testbinary
 Perm      : -rwxr-xr-x                       | -rwsr-xr-x


---------------------------------------------------
The attributes of the (uncompressed) database(s):
---------------------------------------------------

/var/lib/aide/aide-fsc.db
 SHA256    : 8bSkogtvLDFS+STzExE/+6X015R8hdaA
             TdYcKyJZDe4=
 SHA512    : fsgs+8Qqu2v/dHhsI4PkjcsLh+JjdQKf
             d1hJReZMxY+SbENBZNn1q4KEaBOf6g74
             yblQAhNTQcZXJ7ChsEQ7Jw==
 STRIBOG256: Rfrlrrtin9pEb3dEIgLH9DVnpfZuhbQt
             i2QeGUlthMY=
 STRIBOG512: LNNeu5HKXsMGslCYieUG7AjPsEXK3+6Z
             KdtnPfL/AkKq46d7Pr3+c9fdpnurzPv+
             RuA/NM9uV0yrHs6Jwk83wQ==
 SHA512/256: 42gDRzJFNATcHOIxCE43SS4m7vyq65pz
             dX/MVLXbWRE=
 SHA3-256  : 2rqS9EZ9lQ09iACNC3Vta18sfEFYUamg
             t+sYkiO163o=
 SHA3-512  : b4jeQn/H5Twuci2e9UG2ur/oVYw09LJj
             69AMv6+g5n4ehNTTj1nNHy3pih/Ufr13
             1+hdm3Lgdh6kfBvQJuk+Gg==


End timestamp: 2026-10-01 17:20:35 +0000 (run time: 0m 0s)
--- samhain ---
ALERT  :  [2026-10-01T17:20:35+0000] msg=<START>, program=<Samhain>, userid=<0>, path=</etc/samhain/samhainrc>, hash=<603D03FD324736250B120AC29FAE55595B27543328D5DFE2>, path=</var/lib/samhain/samhain-fsc.file>, hash=<F557BA5CE5861455739E8FC785136A64E7C6678B769FF1D3>
CRIT   :  [2026-10-01T17:20:35+0000] msg=<POLICY [ReadOnly] --------T->, path=</opt/fsc-test/testbinary>, ctime_old=<[2026-10-01T17:20:33]>, ctime_new=<[2026-10-01T17:20:35]>, 
ALERT  :  [2026-10-01T17:20:35+0000] msg=<EXIT>, program=<Samhain>, status=<exit_success>
=== fenster=1000 lauf=11 offset=44 im_fenster=1 aide=1 samhain=1 ===
--- aide ---
Start timestamp: 2026-10-01 17:20:37 +0000 (AIDE 0.19.2)
AIDE found differences between database and filesystem!!

Summary:
  Total number of entries:	202
  Added entries:		0
  Removed entries:		0
  Changed entries:		1

---------------------------------------------------
Changed entries:
---------------------------------------------------

f = p..   ...      : /opt/fsc-test/testbinary

---------------------------------------------------
Detailed information about changes:
---------------------------------------------------

File: /opt/fsc-test/testbinary
 Perm      : -rwxr-xr-x                       | -rwsr-xr-x


---------------------------------------------------
The attributes of the (uncompressed) database(s):
---------------------------------------------------

/var/lib/aide/aide-fsc.db
 SHA256    : ebTjYrcEWNGnckuQ7vrAXizls+iZFo1v
             BLQKfSEcjv4=
 SHA512    : REiM3nMzC++O1n+FzOxiWImCU6LUCcIQ
             ZUYpVWPkXD/gCTSvAGu/iKmlgSZGTacr
             qBSkAK6CUUrfiqt2D1JTJQ==
 STRIBOG256: uE0/Vti4Ew9vV66k1UwDq2+z6v9mKGtZ
             YqJXuODUq00=
 STRIBOG512: CQgIuBp3gmOL6RRSHSTENQeYif7qRjKw
             H69NA02FBANnLjXbWhgEOFxL9j3p9jis
             dDtpWAIayb9162cK8o3Qgw==
 SHA512/256: YhQSqxGpgVpvf6avJQ5GdOCN3JPuksDU
             MdVX0k9V03k=
 SHA3-256  : v/rBq9c++tCSl3xnNbk79bJgA19HpHCu
             KXkBm9zoGVM=
 SHA3-512  : 6JXBRCLQ8bBsro3JUJH8DKurjFZyBZfu
             uLdt8SsmWDKUmyb12HDZBu66LP0CH3Cp
             lS6VmGqFRQF8p+Vej8SZAQ==


End timestamp: 2026-10-01 17:20:37 +0000 (run time: 0m 0s)
--- samhain ---
ALERT  :  [2026-10-01T17:20:38+0000] msg=<START>, program=<Samhain>, userid=<0>, path=</etc/samhain/samhainrc>, hash=<603D03FD324736250B120AC29FAE55595B27543328D5DFE2>, path=</var/lib/samhain/samhain-fsc.file>, hash=<6D10CEDA9A0C0B7864E7BA20EB43C424BB9C2D86FF6A38A3>
CRIT   :  [2026-10-01T17:20:38+0000] msg=<POLICY [ReadOnly] --------T->, path=</opt/fsc-test/testbinary>, ctime_old=<[2026-10-01T17:20:35]>, ctime_new=<[2026-10-01T17:20:38]>, 
ALERT  :  [2026-10-01T17:20:38+0000] msg=<EXIT>, program=<Samhain>, status=<exit_success>
=== fenster=1000 lauf=12 offset=367 im_fenster=1 aide=1 samhain=1 ===
--- aide ---
Start timestamp: 2026-10-01 17:20:39 +0000 (AIDE 0.19.2)
AIDE found differences between database and filesystem!!

Summary:
  Total number of entries:	202
  Added entries:		0
  Removed entries:		0
  Changed entries:		1

---------------------------------------------------
Changed entries:
---------------------------------------------------

f = p..   ...      : /opt/fsc-test/testbinary

---------------------------------------------------
Detailed information about changes:
---------------------------------------------------

File: /opt/fsc-test/testbinary
 Perm      : -rwxr-xr-x                       | -rwsr-xr-x


---------------------------------------------------
The attributes of the (uncompressed) database(s):
---------------------------------------------------

/var/lib/aide/aide-fsc.db
 SHA256    : giJ97HiscdaBz45HfTuzJnLOhHx/Sh3n
             KEkzNg/vgbk=
 SHA512    : eaITSi/3xFwAheURZi5HX2hJT5QfXVj9
             kcHzydOeAGyal39/3Gqqu9+6KvGtdzjf
             QAGkCX2V5YhTB/SvwPPzlA==
 STRIBOG256: ldlF9DaNTicQLvMeeMHBrfFYy6Ikmm91
             8bpdVn0piqw=
 STRIBOG512: uHdGmWMQ/2e781QPru7Cx0pciNfwUYH8
             s60gkuqwiuV+ulTbqIYfX828VyhfjG9q
             EJfeWTjMoWgs6Ch/gHzXDw==
 SHA512/256: jR+1mg5S//7eXJj3lFg0IlUpI81XZwdN
             /sd+Caz5CRs=
 SHA3-256  : iKPr0wjW+ukx7dNpuegO6RW9y3tjOh0K
             TAoNR6A3Mkw=
 SHA3-512  : mOT8NtaSZn33FqbYDGK1bCcILhRoCBLM
             J3YdYvZb6unZP7HEQXNeLcdFWDMpscKO
             2rlLKZOFqztnD3nz4IaRgA==


End timestamp: 2026-10-01 17:20:40 +0000 (run time: 0m 1s)
--- samhain ---
ALERT  :  [2026-10-01T17:20:40+0000] msg=<START>, program=<Samhain>, userid=<0>, path=</etc/samhain/samhainrc>, hash=<603D03FD324736250B120AC29FAE55595B27543328D5DFE2>, path=</var/lib/samhain/samhain-fsc.file>, hash=<4EE41CEE29F6B3B21103B3CDF4E9980740B6FAA4887F8EC6>
CRIT   :  [2026-10-01T17:20:40+0000] msg=<POLICY [ReadOnly] --------T->, path=</opt/fsc-test/testbinary>, ctime_old=<[2026-10-01T17:20:38]>, ctime_new=<[2026-10-01T17:20:40]>, 
ALERT  :  [2026-10-01T17:20:40+0000] msg=<EXIT>, program=<Samhain>, status=<exit_success>
=== fenster=1000 lauf=13 offset=443 im_fenster=1 aide=1 samhain=1 ===
--- aide ---
Start timestamp: 2026-10-01 17:20:42 +0000 (AIDE 0.19.2)
AIDE found differences between database and filesystem!!

Summary:
  Total number of entries:	202
  Added entries:		0
  Removed entries:		0
  Changed entries:		1

---------------------------------------------------
Changed entries:
---------------------------------------------------

f = p..   ...      : /opt/fsc-test/testbinary

---------------------------------------------------
Detailed information about changes:
---------------------------------------------------

File: /opt/fsc-test/testbinary
 Perm      : -rwxr-xr-x                       | -rwsr-xr-x


---------------------------------------------------
The attributes of the (uncompressed) database(s):
---------------------------------------------------

/var/lib/aide/aide-fsc.db
 SHA256    : pplZDyQPFi8ho2t37vjRuiVnZAeKHrUV
             RMbTdORcywI=
 SHA512    : DuzzHhc+2vI6zsmGy02eLSuAXevyx28U
             lnBLrHXW6A1jrbpWf7LGtQHEWUUY/DlL
             rSuSSGhbm2z+0VEzZB5tbA==
 STRIBOG256: MckZ3emHXDRMvCw1YusU48Mci9r513Zh
             oUeeDLzlKZw=
 STRIBOG512: U+wO8PMXm1fzTOaPnouXW/KLMKMYdQRz
             vXgRsvF2FPLZppx72CD9BXV844JNWXfA
             tNjY8d0KDVB+7kNg519juA==
 SHA512/256: +/phpg3ev93vgpIUcVvPlK3+YsYQbG+8
             6U3Q86weBYg=
 SHA3-256  : zGr/ladtnlavM46i8N3B+6WLBAL03KBd
             dQuEnDUEog8=
 SHA3-512  : JjnX2VvT4BPvJpFVQb+1oCG43FSN1WHA
             1oNnHlfS4FDEYKFxpd6b7B4LuFQwG9Rb
             PnRQAUzEj026iZ3Iw5r1gw==


End timestamp: 2026-10-01 17:20:42 +0000 (run time: 0m 0s)
--- samhain ---
ALERT  :  [2026-10-01T17:20:43+0000] msg=<START>, program=<Samhain>, userid=<0>, path=</etc/samhain/samhainrc>, hash=<603D03FD324736250B120AC29FAE55595B27543328D5DFE2>, path=</var/lib/samhain/samhain-fsc.file>, hash=<61D99BA23C9AF2101BD69852FCB751B959A8E87308A69FFE>
CRIT   :  [2026-10-01T17:20:43+0000] msg=<POLICY [ReadOnly] --------T->, path=</opt/fsc-test/testbinary>, ctime_old=<[2026-10-01T17:20:40]>, ctime_new=<[2026-10-01T17:20:43]>, 
ALERT  :  [2026-10-01T17:20:43+0000] msg=<EXIT>, program=<Samhain>, status=<exit_success>
=== fenster=1000 lauf=14 offset=397 im_fenster=1 aide=1 samhain=1 ===
--- aide ---
Start timestamp: 2026-10-01 17:20:45 +0000 (AIDE 0.19.2)
AIDE found differences between database and filesystem!!

Summary:
  Total number of entries:	202
  Added entries:		0
  Removed entries:		0
  Changed entries:		1

---------------------------------------------------
Changed entries:
---------------------------------------------------

f = p..   ...      : /opt/fsc-test/testbinary

---------------------------------------------------
Detailed information about changes:
---------------------------------------------------

File: /opt/fsc-test/testbinary
 Perm      : -rwxr-xr-x                       | -rwsr-xr-x


---------------------------------------------------
The attributes of the (uncompressed) database(s):
---------------------------------------------------

/var/lib/aide/aide-fsc.db
 SHA256    : s8fx18TeDGXlwTt4VThoY2duxCKEuVpb
             JCxklHpN6QE=
 SHA512    : 4QPGIigmkm7OdqBv1zExPE0vXGcQtXX9
             iqibnNJKjYdpFgGTKyTOsPGEAqaAW874
             UeBnBWyYdVasKrZNogXCog==
 STRIBOG256: +mcGyOoJu4/kJrv7EwYeouMlA2/6htVl
             TAm4ch53Ib0=
 STRIBOG512: 113snhBgQzT2mMLDTG89UKWBDCTkU6aE
             lKs+5tbD1Z3FyDwRHTY/69cFP4BFq2Rh
             +dYsdomfTWehYAy3QhiI+Q==
 SHA512/256: Jt0GAdleOB3eMZ79pnGibnfzYuJCNW2e
             3PcRYfHYTSA=
 SHA3-256  : 2gjaG/dxrEM1EXXN9QeJWFw9lIdYcWc1
             X5um3lbFMaA=
 SHA3-512  : vr4KfODq6Ucp6fn4R2nAM257DsExntEq
             +i6GNqOua8rEcfgFCvOX4oJX2Bd1rpAC
             X/ZgdystZRpiTfS7+S0LIw==


End timestamp: 2026-10-01 17:20:45 +0000 (run time: 0m 0s)
--- samhain ---
ALERT  :  [2026-10-01T17:20:45+0000] msg=<START>, program=<Samhain>, userid=<0>, path=</etc/samhain/samhainrc>, hash=<603D03FD324736250B120AC29FAE55595B27543328D5DFE2>, path=</var/lib/samhain/samhain-fsc.file>, hash=<D500F3000CFEEA38FC61938F7065CA0FB789F2CAB1DCFBDC>
CRIT   :  [2026-10-01T17:20:45+0000] msg=<POLICY [ReadOnly] --------T->, path=</opt/fsc-test/testbinary>, ctime_old=<[2026-10-01T17:20:43]>, ctime_new=<[2026-10-01T17:20:45]>, 
ALERT  :  [2026-10-01T17:20:45+0000] msg=<EXIT>, program=<Samhain>, status=<exit_success>
=== fenster=1000 lauf=15 offset=409 im_fenster=1 aide=1 samhain=1 ===
--- aide ---
Start timestamp: 2026-10-01 17:20:47 +0000 (AIDE 0.19.2)
AIDE found differences between database and filesystem!!

Summary:
  Total number of entries:	202
  Added entries:		0
  Removed entries:		0
  Changed entries:		1

---------------------------------------------------
Changed entries:
---------------------------------------------------

f = p..   ...      : /opt/fsc-test/testbinary

---------------------------------------------------
Detailed information about changes:
---------------------------------------------------

File: /opt/fsc-test/testbinary
 Perm      : -rwxr-xr-x                       | -rwsr-xr-x


---------------------------------------------------
The attributes of the (uncompressed) database(s):
---------------------------------------------------

/var/lib/aide/aide-fsc.db
 SHA256    : xqhPJCt93BQR3Qod7wPUF7XY7n3yH591
             4THd98DAxHI=
 SHA512    : PPYUhmxzSRr9C9K5rs/axNMHvHoRve2b
             9KPc2VDI8itA5uqUSpB9U5TZ4ZkGxKdX
             HZlKbfjPQq+9lc28hIgzcg==
 STRIBOG256: PIoTKa6F/Jez21CgSjidF7FvzBMslO6W
             knuQWgBYOFI=
 STRIBOG512: 5yh/pnnhm2WEK5FrDXXjEXgi+vYJpCFd
             9R0RKM8YI7sAPv7rCNk0BCDbPibtlmW+
             2G8NExTqD/tRPWX9R9tjKQ==
 SHA512/256: XNhTJWyMQKcFfK8t6ndBsVkU1OAzy4L3
             Pv6w9J3RAXE=
 SHA3-256  : d45A/LObTIiDA7MFp1r7XeUoB+e24VPt
             SfQatN7BIJ8=
 SHA3-512  : 0I3Z1Bay8j8pQkbJ1c1YZ+LHP8+r20lD
             xWdHwi5i4qSIt4OVk+K71iT3GEY7Jbac
             C7NihXnCMMySecF6taFB6g==


End timestamp: 2026-10-01 17:20:47 +0000 (run time: 0m 0s)
--- samhain ---
ALERT  :  [2026-10-01T17:20:48+0000] msg=<START>, program=<Samhain>, userid=<0>, path=</etc/samhain/samhainrc>, hash=<603D03FD324736250B120AC29FAE55595B27543328D5DFE2>, path=</var/lib/samhain/samhain-fsc.file>, hash=<CCBC766BF37CD1670A469AD344910F650BC793D385197E07>
CRIT   :  [2026-10-01T17:20:48+0000] msg=<POLICY [ReadOnly] --------T->, path=</opt/fsc-test/testbinary>, ctime_old=<[2026-10-01T17:20:45]>, ctime_new=<[2026-10-01T17:20:48]>, 
ALERT  :  [2026-10-01T17:20:48+0000] msg=<EXIT>, program=<Samhain>, status=<exit_success>
=== fenster=1000 lauf=16 offset=259 im_fenster=1 aide=1 samhain=1 ===
--- aide ---
Start timestamp: 2026-10-01 17:20:49 +0000 (AIDE 0.19.2)
AIDE found differences between database and filesystem!!

Summary:
  Total number of entries:	202
  Added entries:		0
  Removed entries:		0
  Changed entries:		1

---------------------------------------------------
Changed entries:
---------------------------------------------------

f = p..   ...      : /opt/fsc-test/testbinary

---------------------------------------------------
Detailed information about changes:
---------------------------------------------------

File: /opt/fsc-test/testbinary
 Perm      : -rwxr-xr-x                       | -rwsr-xr-x


---------------------------------------------------
The attributes of the (uncompressed) database(s):
---------------------------------------------------

/var/lib/aide/aide-fsc.db
 SHA256    : DK9MNVYSUz06U+gILAgZzk8t1LHyS+1+
             lee8ikfd1B4=
 SHA512    : ejH9Bho8hB177Q+CBo5elt6RzjjjAfAB
             t7CdZyo/Ci2Jcq8E4WIO4LphiIV6XiZJ
             IrMnmpAsa5Mhqw0RKGtK2A==
 STRIBOG256: J6JAPpZG0cUgURDsWxjxjAtn3lm8Y/Tu
             f+HaXsZBFUM=
 STRIBOG512: plu6Is+81OeN8itnVbIWKIXObvp9cBRF
             /0H3tIP/FI/mseJoRFvm5lXrkmlleRd2
             rjdat8d6DHqHOVwSqE3hqA==
 SHA512/256: sdefpjffGx9MpCnRZj+aFzfk0dg1JNad
             HAr+9ps7jN0=
 SHA3-256  : 8KSLkxmIn/VmqbJJftA4O4lLq5y3mwf3
             A4PyF338K8k=
 SHA3-512  : reCcO6kG75Z4JoAA/UZP7fcxl373M7wl
             IYRpeceew+iDpbewyHF+0aF/hBmCPxg7
             KYPQAB4ZhfgkqjNt4Jlmpw==


End timestamp: 2026-10-01 17:20:49 +0000 (run time: 0m 0s)
--- samhain ---
ALERT  :  [2026-10-01T17:20:50+0000] msg=<START>, program=<Samhain>, userid=<0>, path=</etc/samhain/samhainrc>, hash=<603D03FD324736250B120AC29FAE55595B27543328D5DFE2>, path=</var/lib/samhain/samhain-fsc.file>, hash=<94463A5C5EBABA2C02838376468FC7EC6BDB0E2129408B35>
CRIT   :  [2026-10-01T17:20:50+0000] msg=<POLICY [ReadOnly] --------T->, path=</opt/fsc-test/testbinary>, ctime_old=<[2026-10-01T17:20:48]>, ctime_new=<[2026-10-01T17:20:50]>, 
ALERT  :  [2026-10-01T17:20:50+0000] msg=<EXIT>, program=<Samhain>, status=<exit_success>
=== fenster=1000 lauf=17 offset=354 im_fenster=1 aide=1 samhain=1 ===
--- aide ---
Start timestamp: 2026-10-01 17:20:52 +0000 (AIDE 0.19.2)
AIDE found differences between database and filesystem!!

Summary:
  Total number of entries:	202
  Added entries:		0
  Removed entries:		0
  Changed entries:		1

---------------------------------------------------
Changed entries:
---------------------------------------------------

f = p..   ...      : /opt/fsc-test/testbinary

---------------------------------------------------
Detailed information about changes:
---------------------------------------------------

File: /opt/fsc-test/testbinary
 Perm      : -rwxr-xr-x                       | -rwsr-xr-x


---------------------------------------------------
The attributes of the (uncompressed) database(s):
---------------------------------------------------

/var/lib/aide/aide-fsc.db
 SHA256    : /xut5gFcM7k3M9gWc9lAauuAJ1zxakzn
             BnQpsbg6EdE=
 SHA512    : LF/prgNdlRWcfqnNS430xLQaE1F6N9FB
             x8l7cZir3/sQYbqfeTjh1dA5tDNMqVhD
             +/Bj06uYWx05SvXp3h4R1Q==
 STRIBOG256: H6b7xWU9E7qSOc1GqP5Gfm0vHEUMGXcX
             tm+J37xKovw=
 STRIBOG512: ytFIjFJXZuYQJtaF9TsmWBtuFfG5d2KD
             ie3BIabzv7MqtgSmOw9rhXzbCLv533BB
             Y8t5w6DRFJDDs5f4qDbnIw==
 SHA512/256: hV97gGHoTcmIHJQINoFxv4JHSG/BKUmI
             Lxk+Xf/ZNcg=
 SHA3-256  : dhXhxuhpvVIZ0iyaXd0rymSBmsvruwzf
             Fgfn2BrHJFQ=
 SHA3-512  : 6POkMmd5+wWZg2ZYNIIU0mNMu89TR3t1
             43XVvcFOFpeqYx38vrme1xZAGvTMh/2q
             d0vvMgOz54dWbrCYL3Xu/A==


End timestamp: 2026-10-01 17:20:52 +0000 (run time: 0m 0s)
--- samhain ---
ALERT  :  [2026-10-01T17:20:53+0000] msg=<START>, program=<Samhain>, userid=<0>, path=</etc/samhain/samhainrc>, hash=<603D03FD324736250B120AC29FAE55595B27543328D5DFE2>, path=</var/lib/samhain/samhain-fsc.file>, hash=<0308B4634529862DE55D4BA6C73C1CD6D5CF98D2A7558A88>
CRIT   :  [2026-10-01T17:20:53+0000] msg=<POLICY [ReadOnly] --------T->, path=</opt/fsc-test/testbinary>, ctime_old=<[2026-10-01T17:20:50]>, ctime_new=<[2026-10-01T17:20:53]>, 
ALERT  :  [2026-10-01T17:20:53+0000] msg=<EXIT>, program=<Samhain>, status=<exit_success>
=== fenster=1000 lauf=18 offset=452 im_fenster=1 aide=1 samhain=1 ===
--- aide ---
Start timestamp: 2026-10-01 17:20:55 +0000 (AIDE 0.19.2)
AIDE found differences between database and filesystem!!

Summary:
  Total number of entries:	202
  Added entries:		0
  Removed entries:		0
  Changed entries:		1

---------------------------------------------------
Changed entries:
---------------------------------------------------

f = p..   ...      : /opt/fsc-test/testbinary

---------------------------------------------------
Detailed information about changes:
---------------------------------------------------

File: /opt/fsc-test/testbinary
 Perm      : -rwxr-xr-x                       | -rwsr-xr-x


---------------------------------------------------
The attributes of the (uncompressed) database(s):
---------------------------------------------------

/var/lib/aide/aide-fsc.db
 SHA256    : pPYyb5+ad7XKUuLRHoqcP4gStMnWCNSy
             Mbq4b/sYsaA=
 SHA512    : Osv6662tEXtmBO2NdPWGXnAeOOXZAqNv
             prKzDtIzKLc9jzfo4Zzlinyxuqm82Edr
             7jGTdf8INz6r4R2lNUZZcg==
 STRIBOG256: w0Ni6ZURHBljdme/sDLPGPg3bncbyhR+
             rYWAo3RTqLI=
 STRIBOG512: oDycoTl44/pwX/fDXVp+UIPKZ+e5e86W
             GRHXBRAVD2c4rpgpO9oOmiYSYEXjVKIY
             Ji+/cG9IQ21YCBDqdpzh1Q==
 SHA512/256: UCcJwF7+cyESoA6+k9MWSmXrFHDXSCRQ
             9X7q9zwKSwc=
 SHA3-256  : i8aTNTPpZMNGk8Hczgbp1VNDPH9kGfZ1
             lF/9oY6Iuwo=
 SHA3-512  : fVwYd7Tqy6/Vzyog1dZ+MVUy5iZTUaFg
             CITZzhXyYri8ZvhZHKFajYz+6YZUXQfU
             WDAzx33/x8OMwADn1Cgdqg==


End timestamp: 2026-10-01 17:20:55 +0000 (run time: 0m 0s)
--- samhain ---
ALERT  :  [2026-10-01T17:20:55+0000] msg=<START>, program=<Samhain>, userid=<0>, path=</etc/samhain/samhainrc>, hash=<603D03FD324736250B120AC29FAE55595B27543328D5DFE2>, path=</var/lib/samhain/samhain-fsc.file>, hash=<8CA3090D477C698160EEC796AC458AA9951DD8517CB5ED66>
CRIT   :  [2026-10-01T17:20:55+0000] msg=<POLICY [ReadOnly] --------T->, path=</opt/fsc-test/testbinary>, ctime_old=<[2026-10-01T17:20:53]>, ctime_new=<[2026-10-01T17:20:55]>, 
ALERT  :  [2026-10-01T17:20:55+0000] msg=<EXIT>, program=<Samhain>, status=<exit_success>
=== fenster=1000 lauf=19 offset=6 im_fenster=1 aide=1 samhain=1 ===
--- aide ---
Start timestamp: 2026-10-01 17:20:57 +0000 (AIDE 0.19.2)
AIDE found differences between database and filesystem!!

Summary:
  Total number of entries:	202
  Added entries:		0
  Removed entries:		0
  Changed entries:		1

---------------------------------------------------
Changed entries:
---------------------------------------------------

f = p..   ...      : /opt/fsc-test/testbinary

---------------------------------------------------
Detailed information about changes:
---------------------------------------------------

File: /opt/fsc-test/testbinary
 Perm      : -rwxr-xr-x                       | -rwsr-xr-x


---------------------------------------------------
The attributes of the (uncompressed) database(s):
---------------------------------------------------

/var/lib/aide/aide-fsc.db
 SHA256    : k6xjU5fc4b09itlDD0XgpZGWXFgnjIVv
             SKxguWuIhmM=
 SHA512    : bVFct2KMR8GEES5BUxHeFECeUH3g/LDK
             oRSMXH75XBML2JOEr4Rd630bfR72CKrF
             aoent4qkky3icgTXrJmH+g==
 STRIBOG256: WAsfLgDaeXKvqwOgB+wEM4m44Yw8HXWp
             DFeKBwKEJa0=
 STRIBOG512: cDDfSaqW3RWqBd9OG+2eNrniJWIZE+cX
             N0j7o1OHzGX3lyX30+a06zbffCBXE9EK
             lrT3OtNVieU3hsZOMsd4oA==
 SHA512/256: lbPZkkLuIVkk2ptvZP5JzWJgwhBuK9Mg
             n0yHwNuU3Os=
 SHA3-256  : aQWJdGYeNzynJReNvZ/HYVOF9/ok9jLm
             nhtt6BzXQGA=
 SHA3-512  : ZJjC4aVnj2mPYHFdvE+SjzU1cDDVnu/S
             1x4CaglQa7S+HPJOeju88FyH8GiWgCiK
             gAnAs0czvsEmD3JcJacnPQ==


End timestamp: 2026-10-01 17:20:57 +0000 (run time: 0m 0s)
--- samhain ---
ALERT  :  [2026-10-01T17:20:58+0000] msg=<START>, program=<Samhain>, userid=<0>, path=</etc/samhain/samhainrc>, hash=<603D03FD324736250B120AC29FAE55595B27543328D5DFE2>, path=</var/lib/samhain/samhain-fsc.file>, hash=<0E6D9B3F786C90829C44B0C3DC8849F3DEB42062FC31B0D0>
CRIT   :  [2026-10-01T17:20:58+0000] msg=<POLICY [ReadOnly] --------T->, path=</opt/fsc-test/testbinary>, ctime_old=<[2026-10-01T17:20:55]>, ctime_new=<[2026-10-01T17:20:58]>, 
ALERT  :  [2026-10-01T17:20:58+0000] msg=<EXIT>, program=<Samhain>, status=<exit_success>
=== fenster=1000 lauf=20 offset=251 im_fenster=1 aide=1 samhain=1 ===
--- aide ---
Start timestamp: 2026-10-01 17:20:59 +0000 (AIDE 0.19.2)
AIDE found differences between database and filesystem!!

Summary:
  Total number of entries:	202
  Added entries:		0
  Removed entries:		0
  Changed entries:		1

---------------------------------------------------
Changed entries:
---------------------------------------------------

f = p..   ...      : /opt/fsc-test/testbinary

---------------------------------------------------
Detailed information about changes:
---------------------------------------------------

File: /opt/fsc-test/testbinary
 Perm      : -rwxr-xr-x                       | -rwsr-xr-x


---------------------------------------------------
The attributes of the (uncompressed) database(s):
---------------------------------------------------

/var/lib/aide/aide-fsc.db
 SHA256    : 3gjzaBo9QQAXzzRfIrlUltSObWTBVXR+
             PA38Yr/58CM=
 SHA512    : qgbfENQGk0146tiInJhMTrqm/8Aeptaa
             uIiQDDqwsMIuUoXeDOOq956Scbv+7erU
             D0Mmy4cJaa+yq1E+S+vhQw==
 STRIBOG256: eF578+ExPqQ5r6QKEid1NvCmrM3gH4NV
             69XcsqvQVBg=
 STRIBOG512: rK+yU4ycdfapMw2rnfKLIAyvW9Y/i8jP
             g6I8PK+oKmeb2djGXroKTa8N3hRGtFJa
             8cDJz+/xEqqBU/XKsshpIg==
 SHA512/256: kMjEc/fIbKvX4nK6YgfFTA++CHgJt1gU
             QxslwdWVJ1E=
 SHA3-256  : ub5CFUGu1UdoxNcOSTJvSgtCQC5gliA4
             3qN/vWx7MJ8=
 SHA3-512  : YW1e74q8kZKY2jb+m7/6gf8xlHru38AE
             /16jZ9OQlCr/eGu+wH8KQpuVfSbYl0ua
             8i/3NbxMzxd6HRej18zYiQ==


End timestamp: 2026-10-01 17:21:00 +0000 (run time: 0m 1s)
--- samhain ---
ALERT  :  [2026-10-01T17:21:00+0000] msg=<START>, program=<Samhain>, userid=<0>, path=</etc/samhain/samhainrc>, hash=<603D03FD324736250B120AC29FAE55595B27543328D5DFE2>, path=</var/lib/samhain/samhain-fsc.file>, hash=<C7D283A39035F16F0914D0220A52CBA00D0E9227B41B5DC7>
CRIT   :  [2026-10-01T17:21:00+0000] msg=<POLICY [ReadOnly] --------T->, path=</opt/fsc-test/testbinary>, ctime_old=<[2026-10-01T17:20:58]>, ctime_new=<[2026-10-01T17:21:00]>, 
ALERT  :  [2026-10-01T17:21:00+0000] msg=<EXIT>, program=<Samhain>, status=<exit_success>
